<gpx xmlns:ns3="http://www.garmin.com/xmlschemas/TrackPointExtension/v1" xmlns="http://www.topografix.com/GPX/1/1" xmlns:xsi="http://www.w3.org/2001/XMLSchema-instance" xmlns:ns2="http://www.garmin.com/xmlschemas/GpxExtensions/v3" creator="Garmin Connect" version="1.1" xsi:schemaLocation="http://www.topografix.com/GPX/1/1 http://www.topografix.com/GPX/11.xsd">
  <extensions>
<distance>6335.04</distance>
<average_hr>161.0</average_hr>
<average_speed>2.7060000896453853</average_speed>
<start_time>2026-08-01T08:26:33+00:00</start_time>
<end_time>2026-08-01T09:05:34.284000+00:00</end_time>
<moving_time>2339.629</moving_time>
<elapsed_time>2341.284</elapsed_time>
</extensions>
<metadata>
    <link href="connect.garmin.com">
      <text>Garmin Connect</text>
    </link>
    <time>2026-08-01T08:26:33.000Z</time>
  </metadata>
  <trk>
    <name>Toyooka City - Base</name>
    <type>running</type>
    <trkseg>
      <trkpt lat="35.5481453798711299896240234375" lon="134.81688768602907657623291015625">
        <ele>5.19999980926513671875</ele>
        <time>2026-08-01T08:26:33.000Z</time>
        <extensions>
          <ns3:TrackPointExtension>
            <ns3:atemp>34.0</ns3:atemp>
            <ns3:hr>76</ns3:hr>
            <ns3:cad>0</ns3:cad>
          </ns3:TrackPointExtension>
        </extensions>
      </trkpt>
      <trkpt lat="35.54810690693557262420654296875" lon="134.816899336874485015869140625">
        <ele>5.19999980926513671875</ele>
        <time>2026-08-01T08:26:34.000Z</time>
        <extensions>
          <ns3:TrackPointExtension>
            <ns3:atemp>34.0</ns3:atemp>
            <ns3:hr>76</ns3:hr>
            <ns3:cad>0</ns3:cad>
          </ns3:TrackPointExtension>
        </extensions>
      </trkpt>
      <trkpt lat="35.5480984412133693695068359375" lon="134.81691048480570316314697265625">
        <ele>5</ele>
        <time>2026-08-01T08:26:35.000Z</time>
        <extensions>
          <ns3:TrackPointExtension>
            <ns3:atemp>34.0</ns3:atemp>
            <ns3:hr>76</ns3:hr>
            <ns3:cad>101</ns3:cad>
          </ns3:TrackPointExtension>
        </extensions>
      </trkpt>
      <trkpt lat="35.5480806715786457061767578125" lon="134.8169353790581226348876953125">
        <ele>5</ele>
        <time>2026-08-01T08:26:36.000Z</time>
        <extensions>
          <ns3:TrackPointExtension>
            <ns3:atemp>34.0</ns3:atemp>
            <ns3:hr>77</ns3:hr>
            <ns3:cad>101</ns3:cad>
          </ns3:TrackPointExtension>
        </extensions>
      </trkpt>
      <trkpt lat="35.548051334917545318603515625" lon="134.81695675291121006011962890625">
        <ele>4.80000019073486328125</ele>
        <time>2026-08-01T08:26:37.000Z</time>
        <extensions>
          <ns3:TrackPointExtension>
            <ns3:atemp>34.0</ns3:atemp>
            <ns3:hr>78</ns3:hr>
            <ns3:cad>101</ns3:cad>
          </ns3:TrackPointExtension>
        </extensions>
      </trkpt>
      <trkpt lat="35.54803499020636081695556640625" lon="134.81696940958499908447265625">
        <ele>4.80000019073486328125</ele>
        <time>2026-08-01T08:26:38.000Z</time>
        <extensions>
          <ns3:TrackPointExtension>
            <ns3:atemp>34.0</ns3:atemp>
            <ns3:hr>79</ns3:hr>
            <ns3:cad>0</ns3:cad>
          </ns3:TrackPointExtension>
        </extensions>
      </trkpt>
      <trkpt lat="35.54802074097096920013427734375" lon="134.816994555294513702392578125">
        <ele>4.599999904632568359375</ele>
        <time>2026-08-01T08:26:39.000Z</time>
        <extensions>
          <ns3:TrackPointExtension>
            <ns3:atemp>34.0</ns3:atemp>
            <ns3:hr>81</ns3:hr>
            <ns3:cad>79</ns3:cad>
          </ns3:TrackPointExtension>
        </extensions>
      </trkpt>
      <trkpt lat="35.54800632409751415252685546875" lon="134.8170237243175506591796875">
        <ele>4.599999904632568359375</ele>
        <time>2026-08-01T08:26:40.000Z</time>
        <extensions>
          <ns3:TrackPointExtension>
            <ns3:atemp>34.0</ns3:atemp>
            <ns3:hr>84</ns3:hr>
            <ns3:cad>80</ns3:cad>
          </ns3:TrackPointExtension>
        </extensions>
      </trkpt>
      <trkpt lat="35.54800867103040218353271484375" lon="134.8170505464076995849609375">
        <ele>4.400000095367431640625</ele>
        <time>2026-08-01T08:26:41.000Z</time>
        <extensions>
          <ns3:TrackPointExtension>
            <ns3:atemp>34.0</ns3:atemp>
            <ns3:hr>87</ns3:hr>
            <ns3:cad>80</ns3:cad>
          </ns3:TrackPointExtension>
        </extensions>
      </trkpt>
      <trkpt lat="35.54800179786980152130126953125" lon="134.81708482839167118072509765625">
        <ele>4.400000095367431640625</ele>
        <time>2026-08-01T08:26:42.000Z</time>
        <extensions>
          <ns3:TrackPointExtension>
            <ns3:atemp>34.0</ns3:atemp>
            <ns3:hr>89</ns3:hr>
            <ns3:cad>81</ns3:cad>
          </ns3:TrackPointExtension>
        </extensions>
      </trkpt>
      <trkpt lat="35.548002384603023529052734375" lon="134.8171127401292324066162109375">
        <ele>4.19999980926513671875</ele>
        <time>2026-08-01T08:26:43.000Z</time>
        <extensions>
          <ns3:TrackPointExtension>
            <ns3:atemp>34.0</ns3:atemp>
            <ns3:hr>91</ns3:hr>
            <ns3:cad>81</ns3:cad>
          </ns3:TrackPointExtension>
        </extensions>
      </trkpt>
      <trkpt lat="35.54800598882138729095458984375" lon="134.81713780201971530914306640625">
        <ele>4.19999980926513671875</ele>
        <time>2026-08-01T08:26:44.000Z</time>
        <extensions>
          <ns3:TrackPointExtension>
            <ns3:atemp>34.0</ns3:atemp>
            <ns3:hr>92</ns3:hr>
            <ns3:cad>81</ns3:cad>
          </ns3:TrackPointExtension>
        </extensions>
      </trkpt>
      <trkpt lat="35.54800380952656269073486328125" lon="134.817169569432735443115234375">
        <ele>4.19999980926513671875</ele>
        <time>2026-08-01T08:26:45.000Z</time>
        <extensions>
          <ns3:TrackPointExtension>
            <ns3:atemp>34.0</ns3:atemp>
            <ns3:hr>93</ns3:hr>
            <ns3:cad>82</ns3:cad>
          </ns3:TrackPointExtension>
        </extensions>
      </trkpt>
      <trkpt lat="35.54800808429718017578125" lon="134.8171922005712985992431640625">
        <ele>4.19999980926513671875</ele>
        <time>2026-08-01T08:26:46.000Z</time>
        <extensions>
          <ns3:TrackPointExtension>
            <ns3:atemp>34.0</ns3:atemp>
            <ns3:hr>94</ns3:hr>
            <ns3:cad>82</ns3:cad>
          </ns3:TrackPointExtension>
        </extensions>
      </trkpt>
      <trkpt lat="35.5480055697262287139892578125" lon="134.8172307573258876800537109375">
        <ele>4.19999980926513671875</ele>
        <time>2026-08-01T08:26:47.000Z</time>
        <extensions>
          <ns3:TrackPointExtension>
            <ns3:atemp>34.0</ns3:atemp>
            <ns3:hr>95</ns3:hr>
            <ns3:cad>82</ns3:cad>
          </ns3:TrackPointExtension>
        </extensions>
      </trkpt>
      <trkpt lat="35.5480079166591167449951171875" lon="134.817260093986988067626953125">
        <ele>4.19999980926513671875</ele>
        <time>2026-08-01T08:26:48.000Z</time>
        <extensions>
          <ns3:TrackPointExtension>
            <ns3:atemp>34.0</ns3:atemp>
            <ns3:hr>96</ns3:hr>
            <ns3:cad>82</ns3:cad>
          </ns3:TrackPointExtension>
        </extensions>
      </trkpt>
      <trkpt lat="35.5480094254016876220703125" lon="134.81728733517229557037353515625">
        <ele>4.19999980926513671875</ele>
        <time>2026-08-01T08:26:49.000Z</time>
        <extensions>
          <ns3:TrackPointExtension>
            <ns3:atemp>34.0</ns3:atemp>
            <ns3:hr>97</ns3:hr>
            <ns3:cad>83</ns3:cad>
          </ns3:TrackPointExtension>
        </extensions>
      </trkpt>
      <trkpt lat="35.5480085872113704681396484375" lon="134.81732136569917201995849609375">
        <ele>4.19999980926513671875</ele>
        <time>2026-08-01T08:26:50.000Z</time>
        <extensions>
          <ns3:TrackPointExtension>
            <ns3:atemp>34.0</ns3:atemp>
            <ns3:hr>98</ns3:hr>
            <ns3:cad>83</ns3:cad>
          </ns3:TrackPointExtension>
        </extensions>
      </trkpt>
      <trkpt lat="35.548008419573307037353515625" lon="134.81734164990484714508056640625">
        <ele>4.400000095367431640625</ele>
        <time>2026-08-01T08:26:51.000Z</time>
        <extensions>
          <ns3:TrackPointExtension>
            <ns3:atemp>34.0</ns3:atemp>
            <ns3:hr>100</ns3:hr>
            <ns3:cad>83</ns3:cad>
          </ns3:TrackPointExtension>
        </extensions>
      </trkpt>
      <trkpt lat="35.54800984449684619903564453125" lon="134.81737182475626468658447265625">
        <ele>4.400000095367431640625</ele>
        <time>2026-08-01T08:26:52.000Z</time>
        <extensions>
          <ns3:TrackPointExtension>
            <ns3:atemp>34.0</ns3:atemp>
            <ns3:hr>101</ns3:hr>
            <ns3:cad>83</ns3:cad>
          </ns3:TrackPointExtension>
        </extensions>
      </trkpt>
      <trkpt lat="35.54801085032522678375244140625" lon="134.8174044303596019744873046875">
        <ele>4.599999904632568359375</ele>
        <time>2026-08-01T08:26:53.000Z</time>
        <extensions>
          <ns3:TrackPointExtension>
            <ns3:atemp>34.0</ns3:atemp>
            <ns3:hr>102</ns3:hr>
            <ns3:cad>83</ns3:cad>
          </ns3:TrackPointExtension>
        </extensions>
      </trkpt>
      <trkpt lat="35.5480121076107025146484375" lon="134.8174329288303852081298828125">
        <ele>4.80000019073486328125</ele>
        <time>2026-08-01T08:26:54.000Z</time>
        <extensions>
          <ns3:TrackPointExtension>
            <ns3:atemp>34.0</ns3:atemp>
            <ns3:hr>103</ns3:hr>
            <ns3:cad>84</ns3:cad>
          </ns3:TrackPointExtension>
        </extensions>
      </trkpt>
      <trkpt lat="35.54801336489617824554443359375" lon="134.8174677975475788116455078125">
        <ele>4.80000019073486328125</ele>
        <time>2026-08-01T08:26:55.000Z</time>
        <extensions>
          <ns3:TrackPointExtension>
            <ns3:atemp>34.0</ns3:atemp>
            <ns3:hr>104</ns3:hr>
            <ns3:cad>84</ns3:cad>
          </ns3:TrackPointExtension>
        </extensions>
      </trkpt>
      <trkpt lat="35.54801143705844879150390625" lon="134.81749302707612514495849609375">
        <ele>5</ele>
        <time>2026-08-01T08:26:56.000Z</time>
        <extensions>
          <ns3:TrackPointExtension>
            <ns3:atemp>34.0</ns3:atemp>
            <ns3:hr>105</ns3:hr>
            <ns3:cad>84</ns3:cad>
          </ns3:TrackPointExtension>
        </extensions>
      </trkpt>
      <trkpt lat="35.5480095930397510528564453125" lon="134.81752018444240093231201171875">
        <ele>5</ele>
        <time>2026-08-01T08:26:57.000Z</time>
        <extensions>
          <ns3:TrackPointExtension>
            <ns3:atemp>34.0</ns3:atemp>
            <ns3:hr>106</ns3:hr>
            <ns3:cad>84</ns3:cad>
          </ns3:TrackPointExtension>
        </extensions>
      </trkpt>
      <trkpt lat="35.54800808429718017578125" lon="134.8175469227135181427001953125">
        <ele>5</ele>
        <time>2026-08-01T08:26:58.000Z</time>
        <extensions>
          <ns3:TrackPointExtension>
            <ns3:atemp>34.0</ns3:atemp>
            <ns3:hr>107</ns3:hr>
            <ns3:cad>84</ns3:cad>
          </ns3:TrackPointExtension>
        </extensions>
      </trkpt>
      <trkpt lat="35.54801168851554393768310546875" lon="134.8175737448036670684814453125">
        <ele>4.80000019073486328125</ele>
        <time>2026-08-01T08:26:59.000Z</time>
        <extensions>
          <ns3:TrackPointExtension>
            <ns3:atemp>34.0</ns3:atemp>
            <ns3:hr>109</ns3:hr>
            <ns3:cad>84</ns3:cad>
          </ns3:TrackPointExtension>
        </extensions>
      </trkpt>
      <trkpt lat="35.54801219142973423004150390625" lon="134.81760651804506778717041015625">
        <ele>4.599999904632568359375</ele>
        <time>2026-08-01T08:27:00.000Z</time>
        <extensions>
          <ns3:TrackPointExtension>
            <ns3:atemp>34.0</ns3:atemp>
            <ns3:hr>111</ns3:hr>
            <ns3:cad>84</ns3:cad>
          </ns3:TrackPointExtension>
        </extensions>
      </trkpt>
      <trkpt lat="35.54801370017230510711669921875" lon="134.8176317475736141204833984375">
        <ele>4.599999904632568359375</ele>
        <time>2026-08-01T08:27:01.000Z</time>
        <extensions>
          <ns3:TrackPointExtension>
            <ns3:atemp>34.0</ns3:atemp>
            <ns3:hr>113</ns3:hr>
            <ns3:cad>84</ns3:cad>
          </ns3:TrackPointExtension>
        </extensions>
      </trkpt>
      <trkpt lat="35.54801336489617824554443359375" lon="134.81766401790082454681396484375">
        <ele>4.599999904632568359375</ele>
        <time>2026-08-01T08:27:02.000Z</time>
        <extensions>
          <ns3:TrackPointExtension>
            <ns3:atemp>34.0</ns3:atemp>
            <ns3:hr>115</ns3:hr>
            <ns3:cad>83</ns3:cad>
          </ns3:TrackPointExtension>
        </extensions>
      </trkpt>
      <trkpt lat="35.54801302962005138397216796875" lon="134.81770031154155731201171875">
        <ele>4.599999904632568359375</ele>
        <time>2026-08-01T08:27:03.000Z</time>
        <extensions>
          <ns3:TrackPointExtension>
            <ns3:atemp>34.0</ns3:atemp>
            <ns3:hr>116</ns3:hr>
            <ns3:cad>83</ns3:cad>
          </ns3:TrackPointExtension>
        </extensions>
      </trkpt>
      <trkpt lat="35.548015125095844268798828125" lon="134.81773124076426029205322265625">
        <ele>4.599999904632568359375</ele>
        <time>2026-08-01T08:27:04.000Z</time>
        <extensions>
          <ns3:TrackPointExtension>
            <ns3:atemp>34.0</ns3:atemp>
            <ns3:hr>116</ns3:hr>
            <ns3:cad>84</ns3:cad>
          </ns3:TrackPointExtension>
        </extensions>
      </trkpt>
      <trkpt lat="35.5480156280100345611572265625" lon="134.81777030043303966522216796875">
        <ele>4.599999904632568359375</ele>
        <time>2026-08-01T08:27:05.000Z</time>
        <extensions>
          <ns3:TrackPointExtension>
            <ns3:atemp>34.0</ns3:atemp>
            <ns3:hr>116</ns3:hr>
            <ns3:cad>84</ns3:cad>
          </ns3:TrackPointExtension>
        </extensions>
      </trkpt>
      <trkpt lat="35.54801805876195430755615234375" lon="134.81779863126575946807861328125">
        <ele>4.599999904632568359375</ele>
        <time>2026-08-01T08:27:06.000Z</time>
        <extensions>
          <ns3:TrackPointExtension>
            <ns3:atemp>34.0</ns3:atemp>
            <ns3:hr>117</ns3:hr>
            <ns3:cad>84</ns3:cad>
          </ns3:TrackPointExtension>
        </extensions>
      </trkpt>
      <trkpt lat="35.54801705293357372283935546875" lon="134.81783467344939708709716796875">
        <ele>4.400000095367431640625</ele>
        <time>2026-08-01T08:27:07.000Z</time>
        <extensions>
          <ns3:TrackPointExtension>
            <ns3:atemp>34.0</ns3:atemp>
            <ns3:hr>117</ns3:hr>
            <ns3:cad>84</ns3:cad>
          </ns3:TrackPointExtension>
        </extensions>
      </trkpt>
      <trkpt lat="35.54801437072455883026123046875" lon="134.8178697936236858367919921875">
        <ele>4.400000095367431640625</ele>
        <time>2026-08-01T08:27:08.000Z</time>
        <extensions>
          <ns3:TrackPointExtension>
            <ns3:atemp>34.0</ns3:atemp>
            <ns3:hr>118</ns3:hr>
            <ns3:cad>84</ns3:cad>
          </ns3:TrackPointExtension>
        </extensions>
      </trkpt>
      <trkpt lat="35.54801537655293941497802734375" lon="134.81789468787610530853271484375">
        <ele>4.599999904632568359375</ele>
        <time>2026-08-01T08:27:09.000Z</time>
        <extensions>
          <ns3:TrackPointExtension>
            <ns3:atemp>34.0</ns3:atemp>
            <ns3:hr>118</ns3:hr>
            <ns3:cad>84</ns3:cad>
          </ns3:TrackPointExtension>
        </extensions>
      </trkpt>
      <trkpt lat="35.54800875484943389892578125" lon="134.81792888604104518890380859375">
        <ele>4.400000095367431640625</ele>
        <time>2026-08-01T08:27:10.000Z</time>
        <extensions>
          <ns3:TrackPointExtension>
            <ns3:atemp>34.0</ns3:atemp>
            <ns3:hr>118</ns3:hr>
            <ns3:cad>84</ns3:cad>
          </ns3:TrackPointExtension>
        </extensions>
      </trkpt>
      <trkpt lat="35.54800867103040218353271484375" lon="134.8179542832076549530029296875">
        <ele>4.400000095367431640625</ele>
        <time>2026-08-01T08:27:11.000Z</time>
        <extensions>
          <ns3:TrackPointExtension>
            <ns3:atemp>34.0</ns3:atemp>
            <ns3:hr>118</ns3:hr>
            <ns3:cad>83</ns3:cad>
          </ns3:TrackPointExtension>
        </extensions>
      </trkpt>
      <trkpt lat="35.54800934158265590667724609375" lon="134.817984960973262786865234375">
        <ele>4.400000095367431640625</ele>
        <time>2026-08-01T08:27:12.000Z</time>
        <extensions>
          <ns3:TrackPointExtension>
            <ns3:atemp>34.0</ns3:atemp>
            <ns3:hr>117</ns3:hr>
            <ns3:cad>82</ns3:cad>
          </ns3:TrackPointExtension>
        </extensions>
      </trkpt>
      <trkpt lat="35.54800330661237239837646484375" lon="134.81801806949079036712646484375">
        <ele>4.400000095367431640625</ele>
        <time>2026-08-01T08:27:13.000Z</time>
        <extensions>
          <ns3:TrackPointExtension>
            <ns3:atemp>34.0</ns3:atemp>
            <ns3:hr>116</ns3:hr>
            <ns3:cad>82</ns3:cad>
          </ns3:TrackPointExtension>
        </extensions>
      </trkpt>
      <trkpt lat="35.548002384603023529052734375" lon="134.8180391080677509307861328125">
        <ele>4.400000095367431640625</ele>
        <time>2026-08-01T08:27:14.000Z</time>
        <extensions>
          <ns3:TrackPointExtension>
            <ns3:atemp>34.0</ns3:atemp>
            <ns3:hr>116</ns3:hr>
            <ns3:cad>83</ns3:cad>
          </ns3:TrackPointExtension>
        </extensions>
      </trkpt>
      <trkpt lat="35.54800598882138729095458984375" lon="134.8180672712624073028564453125">
        <ele>4.400000095367431640625</ele>
        <time>2026-08-01T08:27:15.000Z</time>
        <extensions>
          <ns3:TrackPointExtension>
            <ns3:atemp>34.0</ns3:atemp>
            <ns3:hr>116</ns3:hr>
            <ns3:cad>83</ns3:cad>
          </ns3:TrackPointExtension>
        </extensions>
      </trkpt>
      <trkpt lat="35.54800699464976787567138671875" lon="134.81809099204838275909423828125">
        <ele>4.599999904632568359375</ele>
        <time>2026-08-01T08:27:16.000Z</time>
        <extensions>
          <ns3:TrackPointExtension>
            <ns3:atemp>34.0</ns3:atemp>
            <ns3:hr>117</ns3:hr>
            <ns3:cad>83</ns3:cad>
          </ns3:TrackPointExtension>
        </extensions>
      </trkpt>
      <trkpt lat="35.5480048991739749908447265625" lon="134.818112365901470184326171875">
        <ele>4.599999904632568359375</ele>
        <time>2026-08-01T08:27:17.000Z</time>
        <extensions>
          <ns3:TrackPointExtension>
            <ns3:atemp>34.0</ns3:atemp>
            <ns3:hr>118</ns3:hr>
            <ns3:cad>82</ns3:cad>
          </ns3:TrackPointExtension>
        </extensions>
      </trkpt>
      <trkpt lat="35.5480048991739749908447265625" lon="134.818147905170917510986328125">
        <ele>4.599999904632568359375</ele>
        <time>2026-08-01T08:27:18.000Z</time>
        <extensions>
          <ns3:TrackPointExtension>
            <ns3:atemp>34.0</ns3:atemp>
            <ns3:hr>118</ns3:hr>
            <ns3:cad>82</ns3:cad>
          </ns3:TrackPointExtension>
        </extensions>
      </trkpt>
      <trkpt lat="35.54800397716462612152099609375" lon="134.8181745596230030059814453125">
        <ele>4.80000019073486328125</ele>
        <time>2026-08-01T08:27:19.000Z</time>
        <extensions>
          <ns3:TrackPointExtension>
            <ns3:atemp>34.0</ns3:atemp>
            <ns3:hr>119</ns3:hr>
            <ns3:cad>82</ns3:cad>
          </ns3:TrackPointExtension>
        </extensions>
      </trkpt>
      <trkpt lat="35.54799978621304035186767578125" lon="134.81821454130113124847412109375">
        <ele>4.80000019073486328125</ele>
        <time>2026-08-01T08:27:20.000Z</time>
        <extensions>
          <ns3:TrackPointExtension>
            <ns3:atemp>34.0</ns3:atemp>
            <ns3:hr>119</ns3:hr>
            <ns3:cad>82</ns3:cad>
          </ns3:TrackPointExtension>
        </extensions>
      </trkpt>
      <trkpt lat="35.54799727164208889007568359375" lon="134.818245135247707366943359375">
        <ele>4.599999904632568359375</ele>
        <time>2026-08-01T08:27:21.000Z</time>
        <extensions>
          <ns3:TrackPointExtension>
            <ns3:atemp>34.0</ns3:atemp>
            <ns3:hr>120</ns3:hr>
            <ns3:cad>82</ns3:cad>
          </ns3:TrackPointExtension>
        </extensions>
      </trkpt>
      <trkpt lat="35.5480035580694675445556640625" lon="134.81826382689177989959716796875">
        <ele>4.599999904632568359375</ele>
        <time>2026-08-01T08:27:22.000Z</time>
        <extensions>
          <ns3:TrackPointExtension>
            <ns3:atemp>34.0</ns3:atemp>
            <ns3:hr>120</ns3:hr>
            <ns3:cad>82</ns3:cad>
          </ns3:TrackPointExtension>
        </extensions>
      </trkpt>
      <trkpt lat="35.5480028875172138214111328125" lon="134.8182945884764194488525390625">
        <ele>4.599999904632568359375</ele>
        <time>2026-08-01T08:27:23.000Z</time>
        <extensions>
          <ns3:TrackPointExtension>
            <ns3:atemp>34.0</ns3:atemp>
            <ns3:hr>121</ns3:hr>
            <ns3:cad>82</ns3:cad>
          </ns3:TrackPointExtension>
        </extensions>
      </trkpt>
      <trkpt lat="35.5480012111365795135498046875" lon="134.818326942622661590576171875">
        <ele>4.599999904632568359375</ele>
        <time>2026-08-01T08:27:24.000Z</time>
        <extensions>
          <ns3:TrackPointExtension>
            <ns3:atemp>34.0</ns3:atemp>
            <ns3:hr>121</ns3:hr>
            <ns3:cad>83</ns3:cad>
          </ns3:TrackPointExtension>
        </extensions>
      </trkpt>
      <trkpt lat="35.548001714050769805908203125" lon="134.8183562792837619781494140625">
        <ele>4.599999904632568359375</ele>
        <time>2026-08-01T08:27:25.000Z</time>
        <extensions>
          <ns3:TrackPointExtension>
            <ns3:atemp>34.0</ns3:atemp>
            <ns3:hr>118</ns3:hr>
            <ns3:cad>83</ns3:cad>
          </ns3:TrackPointExtension>
        </extensions>
      </trkpt>
      <trkpt lat="35.54799878038465976715087890625" lon="134.8183914832770824432373046875">
        <ele>4.80000019073486328125</ele>
        <time>2026-08-01T08:27:26.000Z</time>
        <extensions>
          <ns3:TrackPointExtension>
            <ns3:atemp>34.0</ns3:atemp>
            <ns3:hr>118</ns3:hr>
            <ns3:cad>83</ns3:cad>
          </ns3:TrackPointExtension>
        </extensions>
      </trkpt>
      <trkpt lat="35.54800146259367465972900390625" lon="134.8184213228523731231689453125">
        <ele>4.599999904632568359375</ele>
        <time>2026-08-01T08:27:27.000Z</time>
        <extensions>
          <ns3:TrackPointExtension>
            <ns3:atemp>34.0</ns3:atemp>
            <ns3:hr>119</ns3:hr>
            <ns3:cad>83</ns3:cad>
          </ns3:TrackPointExtension>
        </extensions>
      </trkpt>
      <trkpt lat="35.548002384603023529052734375" lon="134.81845610775053501129150390625">
        <ele>4.599999904632568359375</ele>
        <time>2026-08-01T08:27:28.000Z</time>
        <extensions>
          <ns3:TrackPointExtension>
            <ns3:atemp>34.0</ns3:atemp>
            <ns3:hr>119</ns3:hr>
            <ns3:cad>82</ns3:cad>
          </ns3:TrackPointExtension>
        </extensions>
      </trkpt>
      <trkpt lat="35.5480022169649600982666015625" lon="134.8184890486299991607666015625">
        <ele>4.599999904632568359375</ele>
        <time>2026-08-01T08:27:29.000Z</time>
        <extensions>
          <ns3:TrackPointExtension>
            <ns3:atemp>34.0</ns3:atemp>
            <ns3:hr>120</ns3:hr>
            <ns3:cad>82</ns3:cad>
          </ns3:TrackPointExtension>
        </extensions>
      </trkpt>
      <trkpt lat="35.548005402088165283203125" lon="134.8185148648917675018310546875">
        <ele>4.599999904632568359375</ele>
        <time>2026-08-01T08:27:30.000Z</time>
        <extensions>
          <ns3:TrackPointExtension>
            <ns3:atemp>34.0</ns3:atemp>
            <ns3:hr>120</ns3:hr>
            <ns3:cad>83</ns3:cad>
          </ns3:TrackPointExtension>
        </extensions>
      </trkpt>
      <trkpt lat="35.54800397716462612152099609375" lon="134.81855233199894428253173828125">
        <ele>4.599999904632568359375</ele>
        <time>2026-08-01T08:27:31.000Z</time>
        <extensions>
          <ns3:TrackPointExtension>
            <ns3:atemp>34.0</ns3:atemp>
            <ns3:hr>120</ns3:hr>
            <ns3:cad>83</ns3:cad>
          </ns3:TrackPointExtension>
        </extensions>
      </trkpt>
      <trkpt lat="35.5480038933455944061279296875" lon="134.8185735382139682769775390625">
        <ele>4.599999904632568359375</ele>
        <time>2026-08-01T08:27:32.000Z</time>
        <extensions>
          <ns3:TrackPointExtension>
            <ns3:atemp>34.0</ns3:atemp>
            <ns3:hr>121</ns3:hr>
            <ns3:cad>83</ns3:cad>
          </ns3:TrackPointExtension>
        </extensions>
      </trkpt>
      <trkpt lat="35.548001043498516082763671875" lon="134.818604551255702972412109375">
        <ele>4.599999904632568359375</ele>
        <time>2026-08-01T08:27:33.000Z</time>
        <extensions>
          <ns3:TrackPointExtension>
            <ns3:atemp>34.0</ns3:atemp>
            <ns3:hr>121</ns3:hr>
            <ns3:cad>83</ns3:cad>
          </ns3:TrackPointExtension>
        </extensions>
      </trkpt>
      <trkpt lat="35.54800163023173809051513671875" lon="134.81863279826939105987548828125">
        <ele>4.599999904632568359375</ele>
        <time>2026-08-01T08:27:34.000Z</time>
        <extensions>
          <ns3:TrackPointExtension>
            <ns3:atemp>34.0</ns3:atemp>
            <ns3:hr>122</ns3:hr>
            <ns3:cad>82</ns3:cad>
          </ns3:TrackPointExtension>
        </extensions>
      </trkpt>
      <trkpt lat="35.54800498299300670623779296875" lon="134.81865660287439823150634765625">
        <ele>4.599999904632568359375</ele>
        <time>2026-08-01T08:27:35.000Z</time>
        <extensions>
          <ns3:TrackPointExtension>
            <ns3:atemp>34.0</ns3:atemp>
            <ns3:hr>122</ns3:hr>
            <ns3:cad>82</ns3:cad>
          </ns3:TrackPointExtension>
        </extensions>
      </trkpt>
      <trkpt lat="35.548000372946262359619140625" lon="134.81868979521095752716064453125">
        <ele>4.599999904632568359375</ele>
        <time>2026-08-01T08:27:36.000Z</time>
        <extensions>
          <ns3:TrackPointExtension>
            <ns3:atemp>34.0</ns3:atemp>
            <ns3:hr>123</ns3:hr>
            <ns3:cad>82</ns3:cad>
          </ns3:TrackPointExtension>
        </extensions>
      </trkpt>
      <trkpt lat="35.547996349632740020751953125" lon="134.81871997006237506866455078125">
        <ele>4.599999904632568359375</ele>
        <time>2026-08-01T08:27:37.000Z</time>
        <extensions>
          <ns3:TrackPointExtension>
            <ns3:atemp>34.0</ns3:atemp>
            <ns3:hr>123</ns3:hr>
            <ns3:cad>82</ns3:cad>
          </ns3:TrackPointExtension>
        </extensions>
      </trkpt>
      <trkpt lat="35.54799534380435943603515625" lon="134.8187408410012722015380859375">
        <ele>4.80000019073486328125</ele>
        <time>2026-08-01T08:27:38.000Z</time>
        <extensions>
          <ns3:TrackPointExtension>
            <ns3:atemp>34.0</ns3:atemp>
            <ns3:hr>124</ns3:hr>
            <ns3:cad>82</ns3:cad>
          </ns3:TrackPointExtension>
        </extensions>
      </trkpt>
      <trkpt lat="35.54799542762339115142822265625" lon="134.81876942329108715057373046875">
        <ele>4.80000019073486328125</ele>
        <time>2026-08-01T08:27:39.000Z</time>
        <extensions>
          <ns3:TrackPointExtension>
            <ns3:atemp>34.0</ns3:atemp>
            <ns3:hr>124</ns3:hr>
            <ns3:cad>82</ns3:cad>
          </ns3:TrackPointExtension>
        </extensions>
      </trkpt>
      <trkpt lat="35.54799609817564487457275390625" lon="134.8187914676964282989501953125">
        <ele>4.599999904632568359375</ele>
        <time>2026-08-01T08:27:40.000Z</time>
        <extensions>
          <ns3:TrackPointExtension>
            <ns3:atemp>34.0</ns3:atemp>
            <ns3:hr>125</ns3:hr>
            <ns3:cad>82</ns3:cad>
          </ns3:TrackPointExtension>
        </extensions>
      </trkpt>
      <trkpt lat="35.54798687808215618133544921875" lon="134.8188300244510173797607421875">
        <ele>4.599999904632568359375</ele>
        <time>2026-08-01T08:27:41.000Z</time>
        <extensions>
          <ns3:TrackPointExtension>
            <ns3:atemp>34.0</ns3:atemp>
            <ns3:hr>125</ns3:hr>
            <ns3:cad>83</ns3:cad>
          </ns3:TrackPointExtension>
        </extensions>
      </trkpt>
      <trkpt lat="35.54798453114926815032958984375" lon="134.8188709281384944915771484375">
        <ele>4.599999904632568359375</ele>
        <time>2026-08-01T08:27:42.000Z</time>
        <extensions>
          <ns3:TrackPointExtension>
            <ns3:atemp>34.0</ns3:atemp>
            <ns3:hr>125</ns3:hr>
            <ns3:cad>83</ns3:cad>
          </ns3:TrackPointExtension>
        </extensions>
      </trkpt>
      <trkpt lat="35.54798268713057041168212890625" lon="134.8189034499228000640869140625">
        <ele>4.599999904632568359375</ele>
        <time>2026-08-01T08:27:43.000Z</time>
        <extensions>
          <ns3:TrackPointExtension>
            <ns3:atemp>34.0</ns3:atemp>
            <ns3:hr>126</ns3:hr>
            <ns3:cad>83</ns3:cad>
          </ns3:TrackPointExtension>
        </extensions>
      </trkpt>
      <trkpt lat="35.54799400269985198974609375" lon="134.81893479824066162109375">
        <ele>4.599999904632568359375</ele>
        <time>2026-08-01T08:27:44.000Z</time>
        <extensions>
          <ns3:TrackPointExtension>
            <ns3:atemp>34.0</ns3:atemp>
            <ns3:hr>126</ns3:hr>
            <ns3:cad>83</ns3:cad>
          </ns3:TrackPointExtension>
        </extensions>
      </trkpt>
      <trkpt lat="35.54801152087748050689697265625" lon="134.8189493827521800994873046875">
        <ele>4.80000019073486328125</ele>
        <time>2026-08-01T08:27:45.000Z</time>
        <extensions>
          <ns3:TrackPointExtension>
            <ns3:atemp>34.0</ns3:atemp>
            <ns3:hr>126</ns3:hr>
            <ns3:cad>83</ns3:cad>
          </ns3:TrackPointExtension>
        </extensions>
      </trkpt>
      <trkpt lat="35.54803482256829738616943359375" lon="134.81895633973181247711181640625">
        <ele>4.599999904632568359375</ele>
        <time>2026-08-01T08:27:46.000Z</time>
        <extensions>
          <ns3:TrackPointExtension>
            <ns3:atemp>34.0</ns3:atemp>
            <ns3:hr>127</ns3:hr>
            <ns3:cad>83</ns3:cad>
          </ns3:TrackPointExtension>
        </extensions>
      </trkpt>
      <trkpt lat="35.5480649136006832122802734375" lon="134.81896120123565196990966796875">
        <ele>4.599999904632568359375</ele>
        <time>2026-08-01T08:27:47.000Z</time>
        <extensions>
          <ns3:TrackPointExtension>
            <ns3:atemp>34.0</ns3:atemp>
            <ns3:hr>127</ns3:hr>
            <ns3:cad>82</ns3:cad>
          </ns3:TrackPointExtension>
        </extensions>
      </trkpt>
      <trkpt lat="35.54808528162539005279541015625" lon="134.81896120123565196990966796875">
        <ele>4.400000095367431640625</ele>
        <time>2026-08-01T08:27:48.000Z</time>
        <extensions>
          <ns3:TrackPointExtension>
            <ns3:atemp>34.0</ns3:atemp>
            <ns3:hr>128</ns3:hr>
            <ns3:cad>82</ns3:cad>
          </ns3:TrackPointExtension>
        </extensions>
      </trkpt>
      <trkpt lat="35.548109002411365509033203125" lon="134.818964637815952301025390625">
        <ele>4.400000095367431640625</ele>
        <time>2026-08-01T08:27:49.000Z</time>
        <extensions>
          <ns3:TrackPointExtension>
            <ns3:atemp>34.0</ns3:atemp>
            <ns3:hr>128</ns3:hr>
            <ns3:cad>82</ns3:cad>
          </ns3:TrackPointExtension>
        </extensions>
      </trkpt>
      <trkpt lat="35.54813540540635585784912109375" lon="134.818963967263698577880859375">
        <ele>4.19999980926513671875</ele>
        <time>2026-08-01T08:27:50.000Z</time>
        <extensions>
          <ns3:TrackPointExtension>
            <ns3:atemp>34.0</ns3:atemp>
            <ns3:hr>128</ns3:hr>
            <ns3:cad>83</ns3:cad>
          </ns3:TrackPointExtension>
        </extensions>
      </trkpt>
      <trkpt lat="35.54815493524074554443359375" lon="134.81896287761628627777099609375">
        <ele>4.19999980926513671875</ele>
        <time>2026-08-01T08:27:51.000Z</time>
        <extensions>
          <ns3:TrackPointExtension>
            <ns3:atemp>34.0</ns3:atemp>
            <ns3:hr>129</ns3:hr>
            <ns3:cad>83</ns3:cad>
          </ns3:TrackPointExtension>
        </extensions>
      </trkpt>
      <trkpt lat="35.54817899130284786224365234375" lon="134.81896036304533481597900390625">
        <ele>4.400000095367431640625</ele>
        <time>2026-08-01T08:27:52.000Z</time>
        <extensions>
          <ns3:TrackPointExtension>
            <ns3:atemp>34.0</ns3:atemp>
            <ns3:hr>129</ns3:hr>
            <ns3:cad>83</ns3:cad>
          </ns3:TrackPointExtension>
        </extensions>
      </trkpt>
      <trkpt lat="35.54819785058498382568359375" lon="134.8189644701778888702392578125">
        <ele>4.400000095367431640625</ele>
        <time>2026-08-01T08:27:53.000Z</time>
        <extensions>
          <ns3:TrackPointExtension>
            <ns3:atemp>34.0</ns3:atemp>
            <ns3:hr>129</ns3:hr>
            <ns3:cad>82</ns3:cad>
          </ns3:TrackPointExtension>
        </extensions>
      </trkpt>
      <trkpt lat="35.54822467267513275146484375" lon="134.8189681582152843475341796875">
        <ele>4.400000095367431640625</ele>
        <time>2026-08-01T08:27:54.000Z</time>
        <extensions>
          <ns3:TrackPointExtension>
            <ns3:atemp>34.0</ns3:atemp>
            <ns3:hr>130</ns3:hr>
            <ns3:cad>82</ns3:cad>
          </ns3:TrackPointExtension>
        </extensions>
      </trkpt>
      <trkpt lat="35.54825157858431339263916015625" lon="134.81896840967237949371337890625">
        <ele>4.400000095367431640625</ele>
        <time>2026-08-01T08:27:55.000Z</time>
        <extensions>
          <ns3:TrackPointExtension>
            <ns3:atemp>34.0</ns3:atemp>
            <ns3:hr>130</ns3:hr>
            <ns3:cad>82</ns3:cad>
          </ns3:TrackPointExtension>
        </extensions>
      </trkpt>
      <trkpt lat="35.54826733656227588653564453125" lon="134.81896690092980861663818359375">
        <ele>4.400000095367431640625</ele>
        <time>2026-08-01T08:27:56.000Z</time>
        <extensions>
          <ns3:TrackPointExtension>
            <ns3:atemp>34.0</ns3:atemp>
            <ns3:hr>130</ns3:hr>
            <ns3:cad>82</ns3:cad>
          </ns3:TrackPointExtension>
        </extensions>
      </trkpt>
      <trkpt lat="35.548296757042407989501953125" lon="134.8189721815288066864013671875">
        <ele>4.400000095367431640625</ele>
        <time>2026-08-01T08:27:57.000Z</time>
        <extensions>
          <ns3:TrackPointExtension>
            <ns3:atemp>34.0</ns3:atemp>
            <ns3:hr>130</ns3:hr>
            <ns3:cad>82</ns3:cad>
          </ns3:TrackPointExtension>
        </extensions>
      </trkpt>
      <trkpt lat="35.5483205616474151611328125" lon="134.81897561810910701751708984375">
        <ele>4.400000095367431640625</ele>
        <time>2026-08-01T08:27:58.000Z</time>
        <extensions>
          <ns3:TrackPointExtension>
            <ns3:atemp>34.0</ns3:atemp>
            <ns3:hr>131</ns3:hr>
            <ns3:cad>82</ns3:cad>
          </ns3:TrackPointExtension>
        </extensions>
      </trkpt>
      <trkpt lat="35.54834294132888317108154296875" lon="134.81897042132914066314697265625">
        <ele>4.400000095367431640625</ele>
        <time>2026-08-01T08:27:59.000Z</time>
        <extensions>
          <ns3:TrackPointExtension>
            <ns3:atemp>34.0</ns3:atemp>
            <ns3:hr>131</ns3:hr>
            <ns3:cad>82</ns3:cad>
          </ns3:TrackPointExtension>
        </extensions>
      </trkpt>
      <trkpt lat="35.5483713559806346893310546875" lon="134.818967990577220916748046875">
        <ele>4.400000095367431640625</ele>
        <time>2026-08-01T08:28:00.000Z</time>
        <extensions>
          <ns3:TrackPointExtension>
            <ns3:atemp>34.0</ns3:atemp>
            <ns3:hr>131</ns3:hr>
            <ns3:cad>81</ns3:cad>
          </ns3:TrackPointExtension>
        </extensions>
      </trkpt>
      <trkpt lat="35.548387281596660614013671875" lon="134.818965978920459747314453125">
        <ele>4.400000095367431640625</ele>
        <time>2026-08-01T08:28:01.000Z</time>
        <extensions>
          <ns3:TrackPointExtension>
            <ns3:atemp>34.0</ns3:atemp>
            <ns3:hr>131</ns3:hr>
            <ns3:cad>81</ns3:cad>
          </ns3:TrackPointExtension>
        </extensions>
      </trkpt>
      <trkpt lat="35.54841318167746067047119140625" lon="134.81897008605301380157470703125">
        <ele>4.400000095367431640625</ele>
        <time>2026-08-01T08:28:02.000Z</time>
        <extensions>
          <ns3:TrackPointExtension>
            <ns3:atemp>34.0</ns3:atemp>
            <ns3:hr>131</ns3:hr>
            <ns3:cad>81</ns3:cad>
          </ns3:TrackPointExtension>
        </extensions>
      </trkpt>
      <trkpt lat="35.5484377406537532806396484375" lon="134.81896606273949146270751953125">
        <ele>4.19999980926513671875</ele>
        <time>2026-08-01T08:28:03.000Z</time>
        <extensions>
          <ns3:TrackPointExtension>
            <ns3:atemp>34.0</ns3:atemp>
            <ns3:hr>132</ns3:hr>
            <ns3:cad>82</ns3:cad>
          </ns3:TrackPointExtension>
        </extensions>
      </trkpt>
      <trkpt lat="35.5484578572213649749755859375" lon="134.8189574293792247772216796875">
        <ele>4.19999980926513671875</ele>
        <time>2026-08-01T08:28:04.000Z</time>
        <extensions>
          <ns3:TrackPointExtension>
            <ns3:atemp>34.0</ns3:atemp>
            <ns3:hr>132</ns3:hr>
            <ns3:cad>82</ns3:cad>
          </ns3:TrackPointExtension>
        </extensions>
      </trkpt>
      <trkpt lat="35.54848912172019481658935546875" lon="134.81895399279892444610595703125">
        <ele>4.19999980926513671875</ele>
        <time>2026-08-01T08:28:05.000Z</time>
        <extensions>
          <ns3:TrackPointExtension>
            <ns3:atemp>34.0</ns3:atemp>
            <ns3:hr>132</ns3:hr>
            <ns3:cad>82</ns3:cad>
          </ns3:TrackPointExtension>
        </extensions>
      </trkpt>
      <trkpt lat="35.54851124994456768035888671875" lon="134.8189587704837322235107421875">
        <ele>4.19999980926513671875</ele>
        <time>2026-08-01T08:28:06.000Z</time>
        <extensions>
          <ns3:TrackPointExtension>
            <ns3:atemp>34.0</ns3:atemp>
            <ns3:hr>132</ns3:hr>
            <ns3:cad>82</ns3:cad>
          </ns3:TrackPointExtension>
        </extensions>
      </trkpt>
      <trkpt lat="35.54853606037795543670654296875" lon="134.8189522325992584228515625">
        <ele>4.19999980926513671875</ele>
        <time>2026-08-01T08:28:07.000Z</time>
        <extensions>
          <ns3:TrackPointExtension>
            <ns3:atemp>34.0</ns3:atemp>
            <ns3:hr>132</ns3:hr>
            <ns3:cad>82</ns3:cad>
          </ns3:TrackPointExtension>
        </extensions>
      </trkpt>
      <trkpt lat="35.54856531322002410888671875" lon="134.81894795782864093780517578125">
        <ele>4.19999980926513671875</ele>
        <time>2026-08-01T08:28:08.000Z</time>
        <extensions>
          <ns3:TrackPointExtension>
            <ns3:atemp>34.0</ns3:atemp>
            <ns3:hr>132</ns3:hr>
            <ns3:cad>82</ns3:cad>
          </ns3:TrackPointExtension>
        </extensions>
      </trkpt>
      <trkpt lat="35.548584423959255218505859375" lon="134.81894577853381633758544921875">
        <ele>4.19999980926513671875</ele>
        <time>2026-08-01T08:28:09.000Z</time>
        <extensions>
          <ns3:TrackPointExtension>
            <ns3:atemp>34.0</ns3:atemp>
            <ns3:hr>132</ns3:hr>
            <ns3:cad>82</ns3:cad>
          </ns3:TrackPointExtension>
        </extensions>
      </trkpt>
      <trkpt lat="35.5486114136874675750732421875" lon="134.818946532905101776123046875">
        <ele>4.19999980926513671875</ele>
        <time>2026-08-01T08:28:10.000Z</time>
        <extensions>
          <ns3:TrackPointExtension>
            <ns3:atemp>34.0</ns3:atemp>
            <ns3:hr>133</ns3:hr>
            <ns3:cad>82</ns3:cad>
          </ns3:TrackPointExtension>
        </extensions>
      </trkpt>
      <trkpt lat="35.54864133708178997039794921875" lon="134.81894443742930889129638671875">
        <ele>4.19999980926513671875</ele>
        <time>2026-08-01T08:28:11.000Z</time>
        <extensions>
          <ns3:TrackPointExtension>
            <ns3:atemp>34.0</ns3:atemp>
            <ns3:hr>133</ns3:hr>
            <ns3:cad>82</ns3:cad>
          </ns3:TrackPointExtension>
        </extensions>
      </trkpt>
      <trkpt lat="35.548658184707164764404296875" lon="134.81894041411578655242919921875">
        <ele>4.19999980926513671875</ele>
        <time>2026-08-01T08:28:12.000Z</time>
        <extensions>
          <ns3:TrackPointExtension>
            <ns3:atemp>34.0</ns3:atemp>
            <ns3:hr>133</ns3:hr>
            <ns3:cad>81</ns3:cad>
          </ns3:TrackPointExtension>
        </extensions>
      </trkpt>
      <trkpt lat="35.54868911392986774444580078125" lon="134.8189450241625308990478515625">
        <ele>4.19999980926513671875</ele>
        <time>2026-08-01T08:28:13.000Z</time>
        <extensions>
          <ns3:TrackPointExtension>
            <ns3:atemp>34.0</ns3:atemp>
            <ns3:hr>133</ns3:hr>
            <ns3:cad>82</ns3:cad>
          </ns3:TrackPointExtension>
        </extensions>
      </trkpt>
      <trkpt lat="35.54871618747711181640625" lon="134.81894619762897491455078125">
        <ele>4.19999980926513671875</ele>
        <time>2026-08-01T08:28:14.000Z</time>
        <extensions>
          <ns3:TrackPointExtension>
            <ns3:atemp>34.0</ns3:atemp>
            <ns3:hr>133</ns3:hr>
            <ns3:cad>82</ns3:cad>
          </ns3:TrackPointExtension>
        </extensions>
      </trkpt>
      <trkpt lat="35.54873873479664325714111328125" lon="134.8189386539161205291748046875">
        <ele>4.19999980926513671875</ele>
        <time>2026-08-01T08:28:15.000Z</time>
        <extensions>
          <ns3:TrackPointExtension>
            <ns3:atemp>34.0</ns3:atemp>
            <ns3:hr>134</ns3:hr>
            <ns3:cad>82</ns3:cad>
          </ns3:TrackPointExtension>
        </extensions>
      </trkpt>
      <trkpt lat="35.54876740090548992156982421875" lon="134.818932116031646728515625">
        <ele>4.19999980926513671875</ele>
        <time>2026-08-01T08:28:16.000Z</time>
        <extensions>
          <ns3:TrackPointExtension>
            <ns3:atemp>34.0</ns3:atemp>
            <ns3:hr>134</ns3:hr>
            <ns3:cad>82</ns3:cad>
          </ns3:TrackPointExtension>
        </extensions>
      </trkpt>
      <trkpt lat="35.54878600873053073883056640625" lon="134.81893655844032764434814453125">
        <ele>4.19999980926513671875</ele>
        <time>2026-08-01T08:28:17.000Z</time>
        <extensions>
          <ns3:TrackPointExtension>
            <ns3:atemp>34.0</ns3:atemp>
            <ns3:hr>134</ns3:hr>
            <ns3:cad>82</ns3:cad>
          </ns3:TrackPointExtension>
        </extensions>
      </trkpt>
      <trkpt lat="35.548814423382282257080078125" lon="134.8189322836697101593017578125">
        <ele>4.19999980926513671875</ele>
        <time>2026-08-01T08:28:18.000Z</time>
        <extensions>
          <ns3:TrackPointExtension>
            <ns3:atemp>34.0</ns3:atemp>
            <ns3:hr>135</ns3:hr>
            <ns3:cad>82</ns3:cad>
          </ns3:TrackPointExtension>
        </extensions>
      </trkpt>
      <trkpt lat="35.54884334094822406768798828125" lon="134.81892515905201435089111328125">
        <ele>4.19999980926513671875</ele>
        <time>2026-08-01T08:28:19.000Z</time>
        <extensions>
          <ns3:TrackPointExtension>
            <ns3:atemp>34.0</ns3:atemp>
            <ns3:hr>135</ns3:hr>
            <ns3:cad>82</ns3:cad>
          </ns3:TrackPointExtension>
        </extensions>
      </trkpt>
      <trkpt lat="35.54886295460164546966552734375" lon="134.81891593895852565765380859375">
        <ele>4.19999980926513671875</ele>
        <time>2026-08-01T08:28:20.000Z</time>
        <extensions>
          <ns3:TrackPointExtension>
            <ns3:atemp>34.0</ns3:atemp>
            <ns3:hr>136</ns3:hr>
            <ns3:cad>82</ns3:cad>
          </ns3:TrackPointExtension>
        </extensions>
      </trkpt>
      <trkpt lat="35.5488906987011432647705078125" lon="134.818918369710445404052734375">
        <ele>4.400000095367431640625</ele>
        <time>2026-08-01T08:28:21.000Z</time>
        <extensions>
          <ns3:TrackPointExtension>
            <ns3:atemp>34.0</ns3:atemp>
            <ns3:hr>136</ns3:hr>
            <ns3:cad>82</ns3:cad>
          </ns3:TrackPointExtension>
        </extensions>
      </trkpt>
      <trkpt lat="35.5489151738584041595458984375" lon="134.81891660951077938079833984375">
        <ele>4.400000095367431640625</ele>
        <time>2026-08-01T08:28:22.000Z</time>
        <extensions>
          <ns3:TrackPointExtension>
            <ns3:atemp>34.0</ns3:atemp>
            <ns3:hr>136</ns3:hr>
            <ns3:cad>82</ns3:cad>
          </ns3:TrackPointExtension>
        </extensions>
      </trkpt>
      <trkpt lat="35.54893185384571552276611328125" lon="134.818908311426639556884765625">
        <ele>4.400000095367431640625</ele>
        <time>2026-08-01T08:28:23.000Z</time>
        <extensions>
          <ns3:TrackPointExtension>
            <ns3:atemp>34.0</ns3:atemp>
            <ns3:hr>136</ns3:hr>
            <ns3:cad>82</ns3:cad>
          </ns3:TrackPointExtension>
        </extensions>
      </trkpt>
      <trkpt lat="35.548959933221340179443359375" lon="134.8189054615795612335205078125">
        <ele>4.400000095367431640625</ele>
        <time>2026-08-01T08:28:24.000Z</time>
        <extensions>
          <ns3:TrackPointExtension>
            <ns3:atemp>34.0</ns3:atemp>
            <ns3:hr>136</ns3:hr>
            <ns3:cad>82</ns3:cad>
          </ns3:TrackPointExtension>
        </extensions>
      </trkpt>
      <trkpt lat="35.54898901842534542083740234375" lon="134.81891124509274959564208984375">
        <ele>4.400000095367431640625</ele>
        <time>2026-08-01T08:28:25.000Z</time>
        <extensions>
          <ns3:TrackPointExtension>
            <ns3:atemp>34.0</ns3:atemp>
            <ns3:hr>136</ns3:hr>
            <ns3:cad>82</ns3:cad>
          </ns3:TrackPointExtension>
        </extensions>
      </trkpt>
      <trkpt lat="35.54901366122066974639892578125" lon="134.81891124509274959564208984375">
        <ele>4.400000095367431640625</ele>
        <time>2026-08-01T08:28:26.000Z</time>
        <extensions>
          <ns3:TrackPointExtension>
            <ns3:atemp>34.0</ns3:atemp>
            <ns3:hr>137</ns3:hr>
            <ns3:cad>81</ns3:cad>
          </ns3:TrackPointExtension>
        </extensions>
      </trkpt>
      <trkpt lat="35.54903645999729633331298828125" lon="134.8189309425652027130126953125">
        <ele>4.400000095367431640625</ele>
        <time>2026-08-01T08:28:27.000Z</time>
        <extensions>
          <ns3:TrackPointExtension>
            <ns3:atemp>34.0</ns3:atemp>
            <ns3:hr>137</ns3:hr>
            <ns3:cad>81</ns3:cad>
          </ns3:TrackPointExtension>
        </extensions>
      </trkpt>
      <trkpt lat="35.54904132150113582611083984375" lon="134.81896069832146167755126953125">
        <ele>4.599999904632568359375</ele>
        <time>2026-08-01T08:28:28.000Z</time>
        <extensions>
          <ns3:TrackPointExtension>
            <ns3:atemp>34.0</ns3:atemp>
            <ns3:hr>137</ns3:hr>
            <ns3:cad>81</ns3:cad>
          </ns3:TrackPointExtension>
        </extensions>
      </trkpt>
      <trkpt lat="35.5490492843091487884521484375" lon="134.81899523176252841949462890625">
        <ele>4.400000095367431640625</ele>
        <time>2026-08-01T08:28:29.000Z</time>
        <extensions>
          <ns3:TrackPointExtension>
            <ns3:atemp>34.0</ns3:atemp>
            <ns3:hr>137</ns3:hr>
            <ns3:cad>81</ns3:cad>
          </ns3:TrackPointExtension>
        </extensions>
      </trkpt>
      <trkpt lat="35.5490439198911190032958984375" lon="134.81903739273548126220703125">
        <ele>4.599999904632568359375</ele>
        <time>2026-08-01T08:28:30.000Z</time>
        <extensions>
          <ns3:TrackPointExtension>
            <ns3:atemp>34.0</ns3:atemp>
            <ns3:hr>137</ns3:hr>
            <ns3:cad>80</ns3:cad>
          </ns3:TrackPointExtension>
        </extensions>
      </trkpt>
      <trkpt lat="35.5490432493388652801513671875" lon="134.81906631030142307281494140625">
        <ele>4.400000095367431640625</ele>
        <time>2026-08-01T08:28:31.000Z</time>
        <extensions>
          <ns3:TrackPointExtension>
            <ns3:atemp>34.0</ns3:atemp>
            <ns3:hr>137</ns3:hr>
            <ns3:cad>80</ns3:cad>
          </ns3:TrackPointExtension>
        </extensions>
      </trkpt>
      <trkpt lat="35.54904199205338954925537109375" lon="134.819100089371204376220703125">
        <ele>4.400000095367431640625</ele>
        <time>2026-08-01T08:28:32.000Z</time>
        <extensions>
          <ns3:TrackPointExtension>
            <ns3:atemp>34.0</ns3:atemp>
            <ns3:hr>138</ns3:hr>
            <ns3:cad>80</ns3:cad>
          </ns3:TrackPointExtension>
        </extensions>
      </trkpt>
      <trkpt lat="35.5490447580814361572265625" lon="134.81913261115550994873046875">
        <ele>4.599999904632568359375</ele>
        <time>2026-08-01T08:28:33.000Z</time>
        <extensions>
          <ns3:TrackPointExtension>
            <ns3:atemp>34.0</ns3:atemp>
            <ns3:hr>138</ns3:hr>
            <ns3:cad>81</ns3:cad>
          </ns3:TrackPointExtension>
        </extensions>
      </trkpt>
      <trkpt lat="35.54904500953853130340576171875" lon="134.81915314681828022003173828125">
        <ele>4.599999904632568359375</ele>
        <time>2026-08-01T08:28:34.000Z</time>
        <extensions>
          <ns3:TrackPointExtension>
            <ns3:atemp>34.0</ns3:atemp>
            <ns3:hr>138</ns3:hr>
            <ns3:cad>81</ns3:cad>
          </ns3:TrackPointExtension>
        </extensions>
      </trkpt>
      <trkpt lat="35.54904668591916561126708984375" lon="134.81918533332645893096923828125">
        <ele>4.599999904632568359375</ele>
        <time>2026-08-01T08:28:35.000Z</time>
        <extensions>
          <ns3:TrackPointExtension>
            <ns3:atemp>34.0</ns3:atemp>
            <ns3:hr>139</ns3:hr>
            <ns3:cad>81</ns3:cad>
          </ns3:TrackPointExtension>
        </extensions>
      </trkpt>
      <trkpt lat="35.549045093357563018798828125" lon="134.81921567581593990325927734375">
        <ele>4.80000019073486328125</ele>
        <time>2026-08-01T08:28:36.000Z</time>
        <extensions>
          <ns3:TrackPointExtension>
            <ns3:atemp>34.0</ns3:atemp>
            <ns3:hr>139</ns3:hr>
            <ns3:cad>81</ns3:cad>
          </ns3:TrackPointExtension>
        </extensions>
      </trkpt>
      <trkpt lat="35.5490486137568950653076171875" lon="134.8192363791167736053466796875">
        <ele>4.80000019073486328125</ele>
        <time>2026-08-01T08:28:37.000Z</time>
        <extensions>
          <ns3:TrackPointExtension>
            <ns3:atemp>34.0</ns3:atemp>
            <ns3:hr>139</ns3:hr>
            <ns3:cad>81</ns3:cad>
          </ns3:TrackPointExtension>
        </extensions>
      </trkpt>
      <trkpt lat="35.549053139984607696533203125" lon="134.81927208602428436279296875">
        <ele>4.599999904632568359375</ele>
        <time>2026-08-01T08:28:38.000Z</time>
        <extensions>
          <ns3:TrackPointExtension>
            <ns3:atemp>34.0</ns3:atemp>
            <ns3:hr>138</ns3:hr>
            <ns3:cad>81</ns3:cad>
          </ns3:TrackPointExtension>
        </extensions>
      </trkpt>
      <trkpt lat="35.54905322380363941192626953125" lon="134.81930368579924106597900390625">
        <ele>4.599999904632568359375</ele>
        <time>2026-08-01T08:28:39.000Z</time>
        <extensions>
          <ns3:TrackPointExtension>
            <ns3:atemp>34.0</ns3:atemp>
            <ns3:hr>139</ns3:hr>
            <ns3:cad>82</ns3:cad>
          </ns3:TrackPointExtension>
        </extensions>
      </trkpt>
      <trkpt lat="35.54905288852751255035400390625" lon="134.81933486647903919219970703125">
        <ele>4.400000095367431640625</ele>
        <time>2026-08-01T08:28:40.000Z</time>
        <extensions>
          <ns3:TrackPointExtension>
            <ns3:atemp>34.0</ns3:atemp>
            <ns3:hr>139</ns3:hr>
            <ns3:cad>82</ns3:cad>
          </ns3:TrackPointExtension>
        </extensions>
      </trkpt>
      <trkpt lat="35.54905439727008342742919921875" lon="134.81937359087169170379638671875">
        <ele>4.400000095367431640625</ele>
        <time>2026-08-01T08:28:41.000Z</time>
        <extensions>
          <ns3:TrackPointExtension>
            <ns3:atemp>34.0</ns3:atemp>
            <ns3:hr>139</ns3:hr>
            <ns3:cad>82</ns3:cad>
          </ns3:TrackPointExtension>
        </extensions>
      </trkpt>
      <trkpt lat="35.54905590601265430450439453125" lon="134.819394461810588836669921875">
        <ele>4.400000095367431640625</ele>
        <time>2026-08-01T08:28:42.000Z</time>
        <extensions>
          <ns3:TrackPointExtension>
            <ns3:atemp>34.0</ns3:atemp>
            <ns3:hr>139</ns3:hr>
            <ns3:cad>82</ns3:cad>
          </ns3:TrackPointExtension>
        </extensions>
      </trkpt>
      <trkpt lat="35.5490576662123203277587890625" lon="134.8194244690239429473876953125">
        <ele>4.400000095367431640625</ele>
        <time>2026-08-01T08:28:43.000Z</time>
        <extensions>
          <ns3:TrackPointExtension>
            <ns3:atemp>34.0</ns3:atemp>
            <ns3:hr>139</ns3:hr>
            <ns3:cad>82</ns3:cad>
          </ns3:TrackPointExtension>
        </extensions>
      </trkpt>
      <trkpt lat="35.54905347526073455810546875" lon="134.81945439241826534271240234375">
        <ele>4.400000095367431640625</ele>
        <time>2026-08-01T08:28:44.000Z</time>
        <extensions>
          <ns3:TrackPointExtension>
            <ns3:atemp>34.0</ns3:atemp>
            <ns3:hr>139</ns3:hr>
            <ns3:cad>82</ns3:cad>
          </ns3:TrackPointExtension>
        </extensions>
      </trkpt>
      <trkpt lat="35.54905590601265430450439453125" lon="134.81947727501392364501953125">
        <ele>4.400000095367431640625</ele>
        <time>2026-08-01T08:28:45.000Z</time>
        <extensions>
          <ns3:TrackPointExtension>
            <ns3:atemp>34.0</ns3:atemp>
            <ns3:hr>140</ns3:hr>
            <ns3:cad>82</ns3:cad>
          </ns3:TrackPointExtension>
        </extensions>
      </trkpt>
      <trkpt lat="35.54905456490814685821533203125" lon="134.819518513977527618408203125">
        <ele>4.400000095367431640625</ele>
        <time>2026-08-01T08:28:46.000Z</time>
        <extensions>
          <ns3:TrackPointExtension>
            <ns3:atemp>34.0</ns3:atemp>
            <ns3:hr>140</ns3:hr>
            <ns3:cad>81</ns3:cad>
          </ns3:TrackPointExtension>
        </extensions>
      </trkpt>
      <trkpt lat="35.54905624128878116607666015625" lon="134.8195458389818668365478515625">
        <ele>4.400000095367431640625</ele>
        <time>2026-08-01T08:28:47.000Z</time>
        <extensions>
          <ns3:TrackPointExtension>
            <ns3:atemp>34.0</ns3:atemp>
            <ns3:hr>141</ns3:hr>
            <ns3:cad>81</ns3:cad>
          </ns3:TrackPointExtension>
        </extensions>
      </trkpt>
      <trkpt lat="35.54905842058360576629638671875" lon="134.8195763491094112396240234375">
        <ele>4.400000095367431640625</ele>
        <time>2026-08-01T08:28:48.000Z</time>
        <extensions>
          <ns3:TrackPointExtension>
            <ns3:atemp>34.0</ns3:atemp>
            <ns3:hr>141</ns3:hr>
            <ns3:cad>82</ns3:cad>
          </ns3:TrackPointExtension>
        </extensions>
      </trkpt>
      <trkpt lat="35.5490640364587306976318359375" lon="134.819613397121429443359375">
        <ele>4.599999904632568359375</ele>
        <time>2026-08-01T08:28:49.000Z</time>
        <extensions>
          <ns3:TrackPointExtension>
            <ns3:atemp>34.0</ns3:atemp>
            <ns3:hr>141</ns3:hr>
            <ns3:cad>82</ns3:cad>
          </ns3:TrackPointExtension>
        </extensions>
      </trkpt>
      <trkpt lat="35.5490643717348575592041015625" lon="134.81963912956416606903076171875">
        <ele>4.599999904632568359375</ele>
        <time>2026-08-01T08:28:50.000Z</time>
        <extensions>
          <ns3:TrackPointExtension>
            <ns3:atemp>34.0</ns3:atemp>
            <ns3:hr>142</ns3:hr>
            <ns3:cad>82</ns3:cad>
          </ns3:TrackPointExtension>
        </extensions>
      </trkpt>
      <trkpt lat="35.54906143806874752044677734375" lon="134.81967466883361339569091796875">
        <ele>4.400000095367431640625</ele>
        <time>2026-08-01T08:28:51.000Z</time>
        <extensions>
          <ns3:TrackPointExtension>
            <ns3:atemp>34.0</ns3:atemp>
            <ns3:hr>142</ns3:hr>
            <ns3:cad>82</ns3:cad>
          </ns3:TrackPointExtension>
        </extensions>
      </trkpt>
      <trkpt lat="35.54905691184103488922119140625" lon="134.81971104629337787628173828125">
        <ele>4.400000095367431640625</ele>
        <time>2026-08-01T08:28:52.000Z</time>
        <extensions>
          <ns3:TrackPointExtension>
            <ns3:atemp>34.0</ns3:atemp>
            <ns3:hr>142</ns3:hr>
            <ns3:cad>82</ns3:cad>
          </ns3:TrackPointExtension>
        </extensions>
      </trkpt>
      <trkpt lat="35.5490546487271785736083984375" lon="134.81973300687968730926513671875">
        <ele>4.400000095367431640625</ele>
        <time>2026-08-01T08:28:53.000Z</time>
        <extensions>
          <ns3:TrackPointExtension>
            <ns3:atemp>34.0</ns3:atemp>
            <ns3:hr>142</ns3:hr>
            <ns3:cad>82</ns3:cad>
          </ns3:TrackPointExtension>
        </extensions>
      </trkpt>
      <trkpt lat="35.54905213415622711181640625" lon="134.81976351700723171234130859375">
        <ele>4.19999980926513671875</ele>
        <time>2026-08-01T08:28:54.000Z</time>
        <extensions>
          <ns3:TrackPointExtension>
            <ns3:atemp>34.0</ns3:atemp>
            <ns3:hr>143</ns3:hr>
            <ns3:cad>82</ns3:cad>
          </ns3:TrackPointExtension>
        </extensions>
      </trkpt>
      <trkpt lat="35.5490529723465442657470703125" lon="134.81978916563093662261962890625">
        <ele>4.19999980926513671875</ele>
        <time>2026-08-01T08:28:55.000Z</time>
        <extensions>
          <ns3:TrackPointExtension>
            <ns3:atemp>34.0</ns3:atemp>
            <ns3:hr>143</ns3:hr>
            <ns3:cad>82</ns3:cad>
          </ns3:TrackPointExtension>
        </extensions>
      </trkpt>
      <trkpt lat="35.549055822193622589111328125" lon="134.81981129385530948638916015625">
        <ele>4.19999980926513671875</ele>
        <time>2026-08-01T08:28:56.000Z</time>
        <extensions>
          <ns3:TrackPointExtension>
            <ns3:atemp>34.0</ns3:atemp>
            <ns3:hr>144</ns3:hr>
            <ns3:cad>82</ns3:cad>
          </ns3:TrackPointExtension>
        </extensions>
      </trkpt>
      <trkpt lat="35.54905422963201999664306640625" lon="134.81984549202024936676025390625">
        <ele>4.19999980926513671875</ele>
        <time>2026-08-01T08:28:57.000Z</time>
        <extensions>
          <ns3:TrackPointExtension>
            <ns3:atemp>34.0</ns3:atemp>
            <ns3:hr>144</ns3:hr>
            <ns3:cad>82</ns3:cad>
          </ns3:TrackPointExtension>
        </extensions>
      </trkpt>
      <trkpt lat="35.54905054159462451934814453125" lon="134.819865189492702484130859375">
        <ele>4.19999980926513671875</ele>
        <time>2026-08-01T08:28:58.000Z</time>
        <extensions>
          <ns3:TrackPointExtension>
            <ns3:atemp>34.0</ns3:atemp>
            <ns3:hr>144</ns3:hr>
            <ns3:cad>83</ns3:cad>
          </ns3:TrackPointExtension>
        </extensions>
      </trkpt>
      <trkpt lat="35.54904987104237079620361328125" lon="134.8198884911835193634033203125">
        <ele>4.19999980926513671875</ele>
        <time>2026-08-01T08:28:59.000Z</time>
        <extensions>
          <ns3:TrackPointExtension>
            <ns3:atemp>34.0</ns3:atemp>
            <ns3:hr>144</ns3:hr>
            <ns3:cad>83</ns3:cad>
          </ns3:TrackPointExtension>
        </extensions>
      </trkpt>
      <trkpt lat="35.54905490018427371978759765625" lon="134.8199124634265899658203125">
        <ele>4.19999980926513671875</ele>
        <time>2026-08-01T08:29:00.000Z</time>
        <extensions>
          <ns3:TrackPointExtension>
            <ns3:atemp>34.0</ns3:atemp>
            <ns3:hr>144</ns3:hr>
            <ns3:cad>83</ns3:cad>
          </ns3:TrackPointExtension>
        </extensions>
      </trkpt>
      <trkpt lat="35.54905406199395656585693359375" lon="134.819936938583850860595703125">
        <ele>4</ele>
        <time>2026-08-01T08:29:01.000Z</time>
        <extensions>
          <ns3:TrackPointExtension>
            <ns3:atemp>34.0</ns3:atemp>
            <ns3:hr>144</ns3:hr>
            <ns3:cad>82</ns3:cad>
          </ns3:TrackPointExtension>
        </extensions>
      </trkpt>
      <trkpt lat="35.549055822193622589111328125" lon="134.81996409595012664794921875">
        <ele>4</ele>
        <time>2026-08-01T08:29:02.000Z</time>
        <extensions>
          <ns3:TrackPointExtension>
            <ns3:atemp>34.0</ns3:atemp>
            <ns3:hr>144</ns3:hr>
            <ns3:cad>82</ns3:cad>
          </ns3:TrackPointExtension>
        </extensions>
      </trkpt>
      <trkpt lat="35.54905842058360576629638671875" lon="134.8199947737157344818115234375">
        <ele>4</ele>
        <time>2026-08-01T08:29:03.000Z</time>
        <extensions>
          <ns3:TrackPointExtension>
            <ns3:atemp>34.0</ns3:atemp>
            <ns3:hr>144</ns3:hr>
            <ns3:cad>82</ns3:cad>
          </ns3:TrackPointExtension>
        </extensions>
      </trkpt>
      <trkpt lat="35.54905741475522518157958984375" lon="134.82001966796815395355224609375">
        <ele>4</ele>
        <time>2026-08-01T08:29:04.000Z</time>
        <extensions>
          <ns3:TrackPointExtension>
            <ns3:atemp>34.0</ns3:atemp>
            <ns3:hr>144</ns3:hr>
            <ns3:cad>82</ns3:cad>
          </ns3:TrackPointExtension>
        </extensions>
      </trkpt>
      <trkpt lat="35.54905557073652744293212890625" lon="134.820050261914730072021484375">
        <ele>4.19999980926513671875</ele>
        <time>2026-08-01T08:29:05.000Z</time>
        <extensions>
          <ns3:TrackPointExtension>
            <ns3:atemp>34.0</ns3:atemp>
            <ns3:hr>145</ns3:hr>
            <ns3:cad>82</ns3:cad>
          </ns3:TrackPointExtension>
        </extensions>
      </trkpt>
      <trkpt lat="35.5490556545555591583251953125" lon="134.82008035294711589813232421875">
        <ele>4.19999980926513671875</ele>
        <time>2026-08-01T08:29:06.000Z</time>
        <extensions>
          <ns3:TrackPointExtension>
            <ns3:atemp>34.0</ns3:atemp>
            <ns3:hr>145</ns3:hr>
            <ns3:cad>82</ns3:cad>
          </ns3:TrackPointExtension>
        </extensions>
      </trkpt>
      <trkpt lat="35.54905473254621028900146484375" lon="134.82010901905596256256103515625">
        <ele>4.19999980926513671875</ele>
        <time>2026-08-01T08:29:07.000Z</time>
        <extensions>
          <ns3:TrackPointExtension>
            <ns3:atemp>34.0</ns3:atemp>
            <ns3:hr>145</ns3:hr>
            <ns3:cad>82</ns3:cad>
          </ns3:TrackPointExtension>
        </extensions>
      </trkpt>
      <trkpt lat="35.54905154742300510406494140625" lon="134.82014388777315616607666015625">
        <ele>4.19999980926513671875</ele>
        <time>2026-08-01T08:29:08.000Z</time>
        <extensions>
          <ns3:TrackPointExtension>
            <ns3:atemp>34.0</ns3:atemp>
            <ns3:hr>146</ns3:hr>
            <ns3:cad>81</ns3:cad>
          </ns3:TrackPointExtension>
        </extensions>
      </trkpt>
      <trkpt lat="35.549049787223339080810546875" lon="134.82017020694911479949951171875">
        <ele>4.19999980926513671875</ele>
        <time>2026-08-01T08:29:09.000Z</time>
        <extensions>
          <ns3:TrackPointExtension>
            <ns3:atemp>34.0</ns3:atemp>
            <ns3:hr>146</ns3:hr>
            <ns3:cad>81</ns3:cad>
          </ns3:TrackPointExtension>
        </extensions>
      </trkpt>
      <trkpt lat="35.5490509606897830963134765625" lon="134.820203147828578948974609375">
        <ele>4.400000095367431640625</ele>
        <time>2026-08-01T08:29:10.000Z</time>
        <extensions>
          <ns3:TrackPointExtension>
            <ns3:atemp>34.0</ns3:atemp>
            <ns3:hr>146</ns3:hr>
            <ns3:cad>81</ns3:cad>
          </ns3:TrackPointExtension>
        </extensions>
      </trkpt>
      <trkpt lat="35.5490486137568950653076171875" lon="134.82024011202156543731689453125">
        <ele>4.400000095367431640625</ele>
        <time>2026-08-01T08:29:11.000Z</time>
        <extensions>
          <ns3:TrackPointExtension>
            <ns3:atemp>34.0</ns3:atemp>
            <ns3:hr>146</ns3:hr>
            <ns3:cad>81</ns3:cad>
          </ns3:TrackPointExtension>
        </extensions>
      </trkpt>
      <trkpt lat="35.54904836229979991912841796875" lon="134.82026659883558750152587890625">
        <ele>4.400000095367431640625</ele>
        <time>2026-08-01T08:29:12.000Z</time>
        <extensions>
          <ns3:TrackPointExtension>
            <ns3:atemp>34.0</ns3:atemp>
            <ns3:hr>146</ns3:hr>
            <ns3:cad>81</ns3:cad>
          </ns3:TrackPointExtension>
        </extensions>
      </trkpt>
      <trkpt lat="35.549043752253055572509765625" lon="134.8203008808195590972900390625">
        <ele>4.19999980926513671875</ele>
        <time>2026-08-01T08:29:13.000Z</time>
        <extensions>
          <ns3:TrackPointExtension>
            <ns3:atemp>34.0</ns3:atemp>
            <ns3:hr>146</ns3:hr>
            <ns3:cad>81</ns3:cad>
          </ns3:TrackPointExtension>
        </extensions>
      </trkpt>
      <trkpt lat="35.54904266260564327239990234375" lon="134.8203307203948497772216796875">
        <ele>4.19999980926513671875</ele>
        <time>2026-08-01T08:29:14.000Z</time>
        <extensions>
          <ns3:TrackPointExtension>
            <ns3:atemp>34.0</ns3:atemp>
            <ns3:hr>146</ns3:hr>
            <ns3:cad>81</ns3:cad>
          </ns3:TrackPointExtension>
        </extensions>
      </trkpt>
      <trkpt lat="35.54904140532016754150390625" lon="134.820360057055950164794921875">
        <ele>4.19999980926513671875</ele>
        <time>2026-08-01T08:29:15.000Z</time>
        <extensions>
          <ns3:TrackPointExtension>
            <ns3:atemp>34.0</ns3:atemp>
            <ns3:hr>146</ns3:hr>
            <ns3:cad>81</ns3:cad>
          </ns3:TrackPointExtension>
        </extensions>
      </trkpt>
      <trkpt lat="35.54903629235923290252685546875" lon="134.8203887231647968292236328125">
        <ele>4.400000095367431640625</ele>
        <time>2026-08-01T08:29:16.000Z</time>
        <extensions>
          <ns3:TrackPointExtension>
            <ns3:atemp>34.0</ns3:atemp>
            <ns3:hr>146</ns3:hr>
            <ns3:cad>81</ns3:cad>
          </ns3:TrackPointExtension>
        </extensions>
      </trkpt>
      <trkpt lat="35.54904232732951641082763671875" lon="134.82041914947330951690673828125">
        <ele>4.400000095367431640625</ele>
        <time>2026-08-01T08:29:17.000Z</time>
        <extensions>
          <ns3:TrackPointExtension>
            <ns3:atemp>34.0</ns3:atemp>
            <ns3:hr>146</ns3:hr>
            <ns3:cad>81</ns3:cad>
          </ns3:TrackPointExtension>
        </extensions>
      </trkpt>
      <trkpt lat="35.54904408752918243408203125" lon="134.82045200653374195098876953125">
        <ele>4.599999904632568359375</ele>
        <time>2026-08-01T08:29:18.000Z</time>
        <extensions>
          <ns3:TrackPointExtension>
            <ns3:atemp>34.0</ns3:atemp>
            <ns3:hr>147</ns3:hr>
            <ns3:cad>81</ns3:cad>
          </ns3:TrackPointExtension>
        </extensions>
      </trkpt>
      <trkpt lat="35.54904878139495849609375" lon="134.82048402540385723114013671875">
        <ele>4.599999904632568359375</ele>
        <time>2026-08-01T08:29:19.000Z</time>
        <extensions>
          <ns3:TrackPointExtension>
            <ns3:atemp>34.0</ns3:atemp>
            <ns3:hr>147</ns3:hr>
            <ns3:cad>82</ns3:cad>
          </ns3:TrackPointExtension>
        </extensions>
      </trkpt>
      <trkpt lat="35.54905213415622711181640625" lon="134.8205053992569446563720703125">
        <ele>4.400000095367431640625</ele>
        <time>2026-08-01T08:29:20.000Z</time>
        <extensions>
          <ns3:TrackPointExtension>
            <ns3:atemp>34.0</ns3:atemp>
            <ns3:hr>147</ns3:hr>
            <ns3:cad>82</ns3:cad>
          </ns3:TrackPointExtension>
        </extensions>
      </trkpt>
      <trkpt lat="35.54906495846807956695556640625" lon="134.820534400641918182373046875">
        <ele>4.400000095367431640625</ele>
        <time>2026-08-01T08:29:21.000Z</time>
        <extensions>
          <ns3:TrackPointExtension>
            <ns3:atemp>34.0</ns3:atemp>
            <ns3:hr>147</ns3:hr>
            <ns3:cad>83</ns3:cad>
          </ns3:TrackPointExtension>
        </extensions>
      </trkpt>
      <trkpt lat="35.54908658377826213836669921875" lon="134.820543788373470306396484375">
        <ele>4.19999980926513671875</ele>
        <time>2026-08-01T08:29:22.000Z</time>
        <extensions>
          <ns3:TrackPointExtension>
            <ns3:atemp>34.0</ns3:atemp>
            <ns3:hr>147</ns3:hr>
            <ns3:cad>83</ns3:cad>
          </ns3:TrackPointExtension>
        </extensions>
      </trkpt>
      <trkpt lat="35.54909773170948028564453125" lon="134.82054839842021465301513671875">
        <ele>4.19999980926513671875</ele>
        <time>2026-08-01T08:29:23.000Z</time>
        <extensions>
          <ns3:TrackPointExtension>
            <ns3:atemp>34.0</ns3:atemp>
            <ns3:hr>148</ns3:hr>
            <ns3:cad>83</ns3:cad>
          </ns3:TrackPointExtension>
        </extensions>
      </trkpt>
      <trkpt lat="35.54911692626774311065673828125" lon="134.82054873369634151458740234375">
        <ele>4.19999980926513671875</ele>
        <time>2026-08-01T08:29:24.000Z</time>
        <extensions>
          <ns3:TrackPointExtension>
            <ns3:atemp>34.0</ns3:atemp>
            <ns3:hr>147</ns3:hr>
            <ns3:cad>82</ns3:cad>
          </ns3:TrackPointExtension>
        </extensions>
      </trkpt>
      <trkpt lat="35.54913771338760852813720703125" lon="134.8205469734966754913330078125">
        <ele>4.19999980926513671875</ele>
        <time>2026-08-01T08:29:25.000Z</time>
        <extensions>
          <ns3:TrackPointExtension>
            <ns3:atemp>34.0</ns3:atemp>
            <ns3:hr>147</ns3:hr>
            <ns3:cad>81</ns3:cad>
          </ns3:TrackPointExtension>
        </extensions>
      </trkpt>
      <trkpt lat="35.549158416688442230224609375" lon="134.82054353691637516021728515625">
        <ele>4.19999980926513671875</ele>
        <time>2026-08-01T08:29:26.000Z</time>
        <extensions>
          <ns3:TrackPointExtension>
            <ns3:atemp>34.0</ns3:atemp>
            <ns3:hr>148</ns3:hr>
            <ns3:cad>81</ns3:cad>
          </ns3:TrackPointExtension>
        </extensions>
      </trkpt>
      <trkpt lat="35.54918616078794002532958984375" lon="134.82053942978382110595703125">
        <ele>4.19999980926513671875</ele>
        <time>2026-08-01T08:29:27.000Z</time>
        <extensions>
          <ns3:TrackPointExtension>
            <ns3:atemp>34.0</ns3:atemp>
            <ns3:hr>147</ns3:hr>
            <ns3:cad>81</ns3:cad>
          </ns3:TrackPointExtension>
        </extensions>
      </trkpt>
      <trkpt lat="35.54921281524002552032470703125" lon="134.8205469734966754913330078125">
        <ele>4.400000095367431640625</ele>
        <time>2026-08-01T08:29:28.000Z</time>
        <extensions>
          <ns3:TrackPointExtension>
            <ns3:atemp>34.0</ns3:atemp>
            <ns3:hr>148</ns3:hr>
            <ns3:cad>81</ns3:cad>
          </ns3:TrackPointExtension>
        </extensions>
      </trkpt>
      <trkpt lat="35.549237541854381561279296875" lon="134.82054856605827808380126953125">
        <ele>4.19999980926513671875</ele>
        <time>2026-08-01T08:29:29.000Z</time>
        <extensions>
          <ns3:TrackPointExtension>
            <ns3:atemp>34.0</ns3:atemp>
            <ns3:hr>148</ns3:hr>
            <ns3:cad>81</ns3:cad>
          </ns3:TrackPointExtension>
        </extensions>
      </trkpt>
      <trkpt lat="35.54926428012549877166748046875" lon="134.82055309228599071502685546875">
        <ele>4.19999980926513671875</ele>
        <time>2026-08-01T08:29:30.000Z</time>
        <extensions>
          <ns3:TrackPointExtension>
            <ns3:atemp>34.0</ns3:atemp>
            <ns3:hr>148</ns3:hr>
            <ns3:cad>82</ns3:cad>
          </ns3:TrackPointExtension>
        </extensions>
      </trkpt>
      <trkpt lat="35.5492816306650638580322265625" lon="134.82055284082889556884765625">
        <ele>4.19999980926513671875</ele>
        <time>2026-08-01T08:29:31.000Z</time>
        <extensions>
          <ns3:TrackPointExtension>
            <ns3:atemp>34.0</ns3:atemp>
            <ns3:hr>147</ns3:hr>
            <ns3:cad>82</ns3:cad>
          </ns3:TrackPointExtension>
        </extensions>
      </trkpt>
      <trkpt lat="35.54930920712649822235107421875" lon="134.82055359520018100738525390625">
        <ele>4</ele>
        <time>2026-08-01T08:29:32.000Z</time>
        <extensions>
          <ns3:TrackPointExtension>
            <ns3:atemp>34.0</ns3:atemp>
            <ns3:hr>148</ns3:hr>
            <ns3:cad>82</ns3:cad>
          </ns3:TrackPointExtension>
        </extensions>
      </trkpt>
      <trkpt lat="35.5493325926363468170166015625" lon="134.82055409811437129974365234375">
        <ele>4</ele>
        <time>2026-08-01T08:29:33.000Z</time>
        <extensions>
          <ns3:TrackPointExtension>
            <ns3:atemp>34.0</ns3:atemp>
            <ns3:hr>148</ns3:hr>
            <ns3:cad>82</ns3:cad>
          </ns3:TrackPointExtension>
        </extensions>
      </trkpt>
      <trkpt lat="35.54935312829911708831787109375" lon="134.82055175118148326873779296875">
        <ele>4</ele>
        <time>2026-08-01T08:29:34.000Z</time>
        <extensions>
          <ns3:TrackPointExtension>
            <ns3:atemp>34.0</ns3:atemp>
            <ns3:hr>148</ns3:hr>
            <ns3:cad>81</ns3:cad>
          </ns3:TrackPointExtension>
        </extensions>
      </trkpt>
      <trkpt lat="35.54938078857958316802978515625" lon="134.8205523379147052764892578125">
        <ele>4</ele>
        <time>2026-08-01T08:29:35.000Z</time>
        <extensions>
          <ns3:TrackPointExtension>
            <ns3:atemp>34.0</ns3:atemp>
            <ns3:hr>148</ns3:hr>
            <ns3:cad>81</ns3:cad>
          </ns3:TrackPointExtension>
        </extensions>
      </trkpt>
      <trkpt lat="35.54939704947173595428466796875" lon="134.8205610550940036773681640625">
        <ele>4</ele>
        <time>2026-08-01T08:29:36.000Z</time>
        <extensions>
          <ns3:TrackPointExtension>
            <ns3:atemp>34.0</ns3:atemp>
            <ns3:hr>149</ns3:hr>
            <ns3:cad>81</ns3:cad>
          </ns3:TrackPointExtension>
        </extensions>
      </trkpt>
      <trkpt lat="35.54942362010478973388671875" lon="134.82055812142789363861083984375">
        <ele>4</ele>
        <time>2026-08-01T08:29:37.000Z</time>
        <extensions>
          <ns3:TrackPointExtension>
            <ns3:atemp>34.0</ns3:atemp>
            <ns3:hr>148</ns3:hr>
            <ns3:cad>83</ns3:cad>
          </ns3:TrackPointExtension>
        </extensions>
      </trkpt>
      <trkpt lat="35.54944884963333606719970703125" lon="134.82055409811437129974365234375">
        <ele>4.19999980926513671875</ele>
        <time>2026-08-01T08:29:38.000Z</time>
        <extensions>
          <ns3:TrackPointExtension>
            <ns3:atemp>34.0</ns3:atemp>
            <ns3:hr>148</ns3:hr>
            <ns3:cad>83</ns3:cad>
          </ns3:TrackPointExtension>
        </extensions>
      </trkpt>
      <trkpt lat="35.54946796037256717681884765625" lon="134.82055208645761013031005859375">
        <ele>4.19999980926513671875</ele>
        <time>2026-08-01T08:29:39.000Z</time>
        <extensions>
          <ns3:TrackPointExtension>
            <ns3:atemp>34.0</ns3:atemp>
            <ns3:hr>148</ns3:hr>
            <ns3:cad>83</ns3:cad>
          </ns3:TrackPointExtension>
        </extensions>
      </trkpt>
      <trkpt lat="35.54950148798525333404541015625" lon="134.82055342756211757659912109375">
        <ele>4.19999980926513671875</ele>
        <time>2026-08-01T08:29:40.000Z</time>
        <extensions>
          <ns3:TrackPointExtension>
            <ns3:atemp>34.0</ns3:atemp>
            <ns3:hr>149</ns3:hr>
            <ns3:cad>82</ns3:cad>
          </ns3:TrackPointExtension>
        </extensions>
      </trkpt>
      <trkpt lat="35.549530573189258575439453125" lon="134.82055543921887874603271484375">
        <ele>4.19999980926513671875</ele>
        <time>2026-08-01T08:29:41.000Z</time>
        <extensions>
          <ns3:TrackPointExtension>
            <ns3:atemp>34.0</ns3:atemp>
            <ns3:hr>148</ns3:hr>
            <ns3:cad>82</ns3:cad>
          </ns3:TrackPointExtension>
        </extensions>
      </trkpt>
      <trkpt lat="35.54955814965069293975830078125" lon="134.82054672203958034515380859375">
        <ele>4.19999980926513671875</ele>
        <time>2026-08-01T08:29:42.000Z</time>
        <extensions>
          <ns3:TrackPointExtension>
            <ns3:atemp>34.0</ns3:atemp>
            <ns3:hr>149</ns3:hr>
            <ns3:cad>82</ns3:cad>
          </ns3:TrackPointExtension>
        </extensions>
      </trkpt>
      <trkpt lat="35.54958991706371307373046875" lon="134.82053951360285282135009765625">
        <ele>4.19999980926513671875</ele>
        <time>2026-08-01T08:29:43.000Z</time>
        <extensions>
          <ns3:TrackPointExtension>
            <ns3:atemp>34.0</ns3:atemp>
            <ns3:hr>149</ns3:hr>
            <ns3:cad>82</ns3:cad>
          </ns3:TrackPointExtension>
        </extensions>
      </trkpt>
      <trkpt lat="35.54961145855486392974853515625" lon="134.82054504565894603729248046875">
        <ele>4.19999980926513671875</ele>
        <time>2026-08-01T08:29:44.000Z</time>
        <extensions>
          <ns3:TrackPointExtension>
            <ns3:atemp>34.0</ns3:atemp>
            <ns3:hr>149</ns3:hr>
            <ns3:cad>82</ns3:cad>
          </ns3:TrackPointExtension>
        </extensions>
      </trkpt>
      <trkpt lat="35.54963710717856884002685546875" lon="134.8205466382205486297607421875">
        <ele>4.19999980926513671875</ele>
        <time>2026-08-01T08:29:45.000Z</time>
        <extensions>
          <ns3:TrackPointExtension>
            <ns3:atemp>34.0</ns3:atemp>
            <ns3:hr>149</ns3:hr>
            <ns3:cad>82</ns3:cad>
          </ns3:TrackPointExtension>
        </extensions>
      </trkpt>
      <trkpt lat="35.54966694675385951995849609375" lon="134.82054454274475574493408203125">
        <ele>4.19999980926513671875</ele>
        <time>2026-08-01T08:29:46.000Z</time>
        <extensions>
          <ns3:TrackPointExtension>
            <ns3:atemp>34.0</ns3:atemp>
            <ns3:hr>149</ns3:hr>
            <ns3:cad>82</ns3:cad>
          </ns3:TrackPointExtension>
        </extensions>
      </trkpt>
      <trkpt lat="35.54968304000794887542724609375" lon="134.820543788373470306396484375">
        <ele>4.19999980926513671875</ele>
        <time>2026-08-01T08:29:47.000Z</time>
        <extensions>
          <ns3:TrackPointExtension>
            <ns3:atemp>34.0</ns3:atemp>
            <ns3:hr>149</ns3:hr>
            <ns3:cad>82</ns3:cad>
          </ns3:TrackPointExtension>
        </extensions>
      </trkpt>
      <trkpt lat="35.5497138015925884246826171875" lon="134.820549488067626953125">
        <ele>4.19999980926513671875</ele>
        <time>2026-08-01T08:29:48.000Z</time>
        <extensions>
          <ns3:TrackPointExtension>
            <ns3:atemp>34.0</ns3:atemp>
            <ns3:hr>149</ns3:hr>
            <ns3:cad>82</ns3:cad>
          </ns3:TrackPointExtension>
        </extensions>
      </trkpt>
      <trkpt lat="35.5497386120259761810302734375" lon="134.8205526731908321380615234375">
        <ele>4.19999980926513671875</ele>
        <time>2026-08-01T08:29:49.000Z</time>
        <extensions>
          <ns3:TrackPointExtension>
            <ns3:atemp>34.0</ns3:atemp>
            <ns3:hr>149</ns3:hr>
            <ns3:cad>82</ns3:cad>
          </ns3:TrackPointExtension>
        </extensions>
      </trkpt>
      <trkpt lat="35.5497587285935878753662109375" lon="134.8205499909818172454833984375">
        <ele>4.19999980926513671875</ele>
        <time>2026-08-01T08:29:50.000Z</time>
        <extensions>
          <ns3:TrackPointExtension>
            <ns3:atemp>34.0</ns3:atemp>
            <ns3:hr>149</ns3:hr>
            <ns3:cad>81</ns3:cad>
          </ns3:TrackPointExtension>
        </extensions>
      </trkpt>
      <trkpt lat="35.54978705942630767822265625" lon="134.82055041007697582244873046875">
        <ele>4.19999980926513671875</ele>
        <time>2026-08-01T08:29:51.000Z</time>
        <extensions>
          <ns3:TrackPointExtension>
            <ns3:atemp>34.0</ns3:atemp>
            <ns3:hr>150</ns3:hr>
            <ns3:cad>81</ns3:cad>
          </ns3:TrackPointExtension>
        </extensions>
      </trkpt>
      <trkpt lat="35.54980809800326824188232421875" lon="134.820557534694671630859375">
        <ele>4.19999980926513671875</ele>
        <time>2026-08-01T08:29:52.000Z</time>
        <extensions>
          <ns3:TrackPointExtension>
            <ns3:atemp>34.0</ns3:atemp>
            <ns3:hr>150</ns3:hr>
            <ns3:cad>81</ns3:cad>
          </ns3:TrackPointExtension>
        </extensions>
      </trkpt>
      <trkpt lat="35.549833662807941436767578125" lon="134.82055845670402050018310546875">
        <ele>4.19999980926513671875</ele>
        <time>2026-08-01T08:29:53.000Z</time>
        <extensions>
          <ns3:TrackPointExtension>
            <ns3:atemp>34.0</ns3:atemp>
            <ns3:hr>150</ns3:hr>
            <ns3:cad>82</ns3:cad>
          </ns3:TrackPointExtension>
        </extensions>
      </trkpt>
      <trkpt lat="35.54985956288874149322509765625" lon="134.82055041007697582244873046875">
        <ele>4.400000095367431640625</ele>
        <time>2026-08-01T08:29:54.000Z</time>
        <extensions>
          <ns3:TrackPointExtension>
            <ns3:atemp>34.0</ns3:atemp>
            <ns3:hr>150</ns3:hr>
            <ns3:cad>83</ns3:cad>
          </ns3:TrackPointExtension>
        </extensions>
      </trkpt>
      <trkpt lat="35.54987465031445026397705078125" lon="134.82054613530635833740234375">
        <ele>4.400000095367431640625</ele>
        <time>2026-08-01T08:29:55.000Z</time>
        <extensions>
          <ns3:TrackPointExtension>
            <ns3:atemp>34.0</ns3:atemp>
            <ns3:hr>150</ns3:hr>
            <ns3:cad>83</ns3:cad>
          </ns3:TrackPointExtension>
        </extensions>
      </trkpt>
      <trkpt lat="35.549904406070709228515625" lon="134.820550493896007537841796875">
        <ele>4.19999980926513671875</ele>
        <time>2026-08-01T08:29:56.000Z</time>
        <extensions>
          <ns3:TrackPointExtension>
            <ns3:atemp>34.0</ns3:atemp>
            <ns3:hr>150</ns3:hr>
            <ns3:cad>81</ns3:cad>
          </ns3:TrackPointExtension>
        </extensions>
      </trkpt>
      <trkpt lat="35.549926869571208953857421875" lon="134.82055275700986385345458984375">
        <ele>4.19999980926513671875</ele>
        <time>2026-08-01T08:29:57.000Z</time>
        <extensions>
          <ns3:TrackPointExtension>
            <ns3:atemp>34.0</ns3:atemp>
            <ns3:hr>150</ns3:hr>
            <ns3:cad>81</ns3:cad>
          </ns3:TrackPointExtension>
        </extensions>
      </trkpt>
      <trkpt lat="35.5499431304633617401123046875" lon="134.82054873369634151458740234375">
        <ele>4.19999980926513671875</ele>
        <time>2026-08-01T08:29:58.000Z</time>
        <extensions>
          <ns3:TrackPointExtension>
            <ns3:atemp>34.0</ns3:atemp>
            <ns3:hr>150</ns3:hr>
            <ns3:cad>81</ns3:cad>
          </ns3:TrackPointExtension>
        </extensions>
      </trkpt>
      <trkpt lat="35.54997405968606472015380859375" lon="134.82054705731570720672607421875">
        <ele>4.19999980926513671875</ele>
        <time>2026-08-01T08:29:59.000Z</time>
        <extensions>
          <ns3:TrackPointExtension>
            <ns3:atemp>34.0</ns3:atemp>
            <ns3:hr>150</ns3:hr>
            <ns3:cad>82</ns3:cad>
          </ns3:TrackPointExtension>
        </extensions>
      </trkpt>
      <trkpt lat="35.5499942600727081298828125" lon="134.82055443339049816131591796875">
        <ele>4</ele>
        <time>2026-08-01T08:30:00.000Z</time>
        <extensions>
          <ns3:TrackPointExtension>
            <ns3:atemp>34.0</ns3:atemp>
            <ns3:hr>150</ns3:hr>
            <ns3:cad>82</ns3:cad>
          </ns3:TrackPointExtension>
        </extensions>
      </trkpt>
      <trkpt lat="35.55002041161060333251953125" lon="134.8205560259521007537841796875">
        <ele>4</ele>
        <time>2026-08-01T08:30:01.000Z</time>
        <extensions>
          <ns3:TrackPointExtension>
            <ns3:atemp>34.0</ns3:atemp>
            <ns3:hr>150</ns3:hr>
            <ns3:cad>82</ns3:cad>
          </ns3:TrackPointExtension>
        </extensions>
      </trkpt>
      <trkpt lat="35.5500500835478305816650390625" lon="134.82055284082889556884765625">
        <ele>4</ele>
        <time>2026-08-01T08:30:02.000Z</time>
        <extensions>
          <ns3:TrackPointExtension>
            <ns3:atemp>34.0</ns3:atemp>
            <ns3:hr>150</ns3:hr>
            <ns3:cad>82</ns3:cad>
          </ns3:TrackPointExtension>
        </extensions>
      </trkpt>
      <trkpt lat="35.55006793700158596038818359375" lon="134.8205543495714664459228515625">
        <ele>4</ele>
        <time>2026-08-01T08:30:03.000Z</time>
        <extensions>
          <ns3:TrackPointExtension>
            <ns3:atemp>34.0</ns3:atemp>
            <ns3:hr>150</ns3:hr>
            <ns3:cad>82</ns3:cad>
          </ns3:TrackPointExtension>
        </extensions>
      </trkpt>
      <trkpt lat="35.550095178186893463134765625" lon="134.820562899112701416015625">
        <ele>4</ele>
        <time>2026-08-01T08:30:04.000Z</time>
        <extensions>
          <ns3:TrackPointExtension>
            <ns3:atemp>34.0</ns3:atemp>
            <ns3:hr>150</ns3:hr>
            <ns3:cad>82</ns3:cad>
          </ns3:TrackPointExtension>
        </extensions>
      </trkpt>
      <trkpt lat="35.55012074299156665802001953125" lon="134.8205634020268917083740234375">
        <ele>4</ele>
        <time>2026-08-01T08:30:05.000Z</time>
        <extensions>
          <ns3:TrackPointExtension>
            <ns3:atemp>34.0</ns3:atemp>
            <ns3:hr>150</ns3:hr>
            <ns3:cad>82</ns3:cad>
          </ns3:TrackPointExtension>
        </extensions>
      </trkpt>
      <trkpt lat="35.55014404468238353729248046875" lon="134.82055828906595706939697265625">
        <ele>4</ele>
        <time>2026-08-01T08:30:06.000Z</time>
        <extensions>
          <ns3:TrackPointExtension>
            <ns3:atemp>34.0</ns3:atemp>
            <ns3:hr>150</ns3:hr>
            <ns3:cad>82</ns3:cad>
          </ns3:TrackPointExtension>
        </extensions>
      </trkpt>
      <trkpt lat="35.55017287842929363250732421875" lon="134.820555187761783599853515625">
        <ele>4</ele>
        <time>2026-08-01T08:30:07.000Z</time>
        <extensions>
          <ns3:TrackPointExtension>
            <ns3:atemp>34.0</ns3:atemp>
            <ns3:hr>150</ns3:hr>
            <ns3:cad>82</ns3:cad>
          </ns3:TrackPointExtension>
        </extensions>
      </trkpt>
      <trkpt lat="35.55019475519657135009765625" lon="134.82055979780852794647216796875">
        <ele>4.19999980926513671875</ele>
        <time>2026-08-01T08:30:08.000Z</time>
        <extensions>
          <ns3:TrackPointExtension>
            <ns3:atemp>34.0</ns3:atemp>
            <ns3:hr>150</ns3:hr>
            <ns3:cad>82</ns3:cad>
          </ns3:TrackPointExtension>
        </extensions>
      </trkpt>
      <trkpt lat="35.550222583115100860595703125" lon="134.82055560685694217681884765625">
        <ele>4</ele>
        <time>2026-08-01T08:30:09.000Z</time>
        <extensions>
          <ns3:TrackPointExtension>
            <ns3:atemp>34.0</ns3:atemp>
            <ns3:hr>150</ns3:hr>
            <ns3:cad>83</ns3:cad>
          </ns3:TrackPointExtension>
        </extensions>
      </trkpt>
      <trkpt lat="35.55025233887135982513427734375" lon="134.82055208645761013031005859375">
        <ele>4</ele>
        <time>2026-08-01T08:30:10.000Z</time>
        <extensions>
          <ns3:TrackPointExtension>
            <ns3:atemp>34.0</ns3:atemp>
            <ns3:hr>150</ns3:hr>
            <ns3:cad>83</ns3:cad>
          </ns3:TrackPointExtension>
        </extensions>
      </trkpt>
      <trkpt lat="35.550270862877368927001953125" lon="134.8205543495714664459228515625">
        <ele>4</ele>
        <time>2026-08-01T08:30:11.000Z</time>
        <extensions>
          <ns3:TrackPointExtension>
            <ns3:atemp>34.0</ns3:atemp>
            <ns3:hr>150</ns3:hr>
            <ns3:cad>83</ns3:cad>
          </ns3:TrackPointExtension>
        </extensions>
      </trkpt>
      <trkpt lat="35.55030145682394504547119140625" lon="134.82056264765560626983642578125">
        <ele>3.7999999523162841796875</ele>
        <time>2026-08-01T08:30:12.000Z</time>
        <extensions>
          <ns3:TrackPointExtension>
            <ns3:atemp>34.0</ns3:atemp>
            <ns3:hr>151</ns3:hr>
            <ns3:cad>82</ns3:cad>
          </ns3:TrackPointExtension>
        </extensions>
      </trkpt>
      <trkpt lat="35.550328530371189117431640625" lon="134.82056449167430400848388671875">
        <ele>3.7999999523162841796875</ele>
        <time>2026-08-01T08:30:13.000Z</time>
        <extensions>
          <ns3:TrackPointExtension>
            <ns3:atemp>34.0</ns3:atemp>
            <ns3:hr>151</ns3:hr>
            <ns3:cad>82</ns3:cad>
          </ns3:TrackPointExtension>
        </extensions>
      </trkpt>
      <trkpt lat="35.550356023013591766357421875" lon="134.8205613903701305389404296875">
        <ele>4</ele>
        <time>2026-08-01T08:30:14.000Z</time>
        <extensions>
          <ns3:TrackPointExtension>
            <ns3:atemp>34.0</ns3:atemp>
            <ns3:hr>151</ns3:hr>
            <ns3:cad>82</ns3:cad>
          </ns3:TrackPointExtension>
        </extensions>
      </trkpt>
      <trkpt lat="35.5503843538463115692138671875" lon="134.820559881627559661865234375">
        <ele>4</ele>
        <time>2026-08-01T08:30:15.000Z</time>
        <extensions>
          <ns3:TrackPointExtension>
            <ns3:atemp>34.0</ns3:atemp>
            <ns3:hr>151</ns3:hr>
            <ns3:cad>82</ns3:cad>
          </ns3:TrackPointExtension>
        </extensions>
      </trkpt>
      <trkpt lat="35.5504071526229381561279296875" lon="134.8205670900642871856689453125">
        <ele>4</ele>
        <time>2026-08-01T08:30:16.000Z</time>
        <extensions>
          <ns3:TrackPointExtension>
            <ns3:atemp>34.0</ns3:atemp>
            <ns3:hr>151</ns3:hr>
            <ns3:cad>82</ns3:cad>
          </ns3:TrackPointExtension>
        </extensions>
      </trkpt>
      <trkpt lat="35.55043171159923076629638671875" lon="134.820567257702350616455078125">
        <ele>4</ele>
        <time>2026-08-01T08:30:17.000Z</time>
        <extensions>
          <ns3:TrackPointExtension>
            <ns3:atemp>34.0</ns3:atemp>
            <ns3:hr>151</ns3:hr>
            <ns3:cad>82</ns3:cad>
          </ns3:TrackPointExtension>
        </extensions>
      </trkpt>
      <trkpt lat="35.55045870132744312286376953125" lon="134.82056449167430400848388671875">
        <ele>4</ele>
        <time>2026-08-01T08:30:18.000Z</time>
        <extensions>
          <ns3:TrackPointExtension>
            <ns3:atemp>34.0</ns3:atemp>
            <ns3:hr>151</ns3:hr>
            <ns3:cad>82</ns3:cad>
          </ns3:TrackPointExtension>
        </extensions>
      </trkpt>
      <trkpt lat="35.550477392971515655517578125" lon="134.82056558132171630859375">
        <ele>4</ele>
        <time>2026-08-01T08:30:19.000Z</time>
        <extensions>
          <ns3:TrackPointExtension>
            <ns3:atemp>34.0</ns3:atemp>
            <ns3:hr>151</ns3:hr>
            <ns3:cad>82</ns3:cad>
          </ns3:TrackPointExtension>
        </extensions>
      </trkpt>
      <trkpt lat="35.55050932802259922027587890625" lon="134.82056616805493831634521484375">
        <ele>4</ele>
        <time>2026-08-01T08:30:20.000Z</time>
        <extensions>
          <ns3:TrackPointExtension>
            <ns3:atemp>34.0</ns3:atemp>
            <ns3:hr>152</ns3:hr>
            <ns3:cad>82</ns3:cad>
          </ns3:TrackPointExtension>
        </extensions>
      </trkpt>
      <trkpt lat="35.55053413845598697662353515625" lon="134.82056633569300174713134765625">
        <ele>4</ele>
        <time>2026-08-01T08:30:21.000Z</time>
        <extensions>
          <ns3:TrackPointExtension>
            <ns3:atemp>34.0</ns3:atemp>
            <ns3:hr>152</ns3:hr>
            <ns3:cad>82</ns3:cad>
          </ns3:TrackPointExtension>
        </extensions>
      </trkpt>
      <trkpt lat="35.550553500652313232421875" lon="134.82056633569300174713134765625">
        <ele>4</ele>
        <time>2026-08-01T08:30:22.000Z</time>
        <extensions>
          <ns3:TrackPointExtension>
            <ns3:atemp>34.0</ns3:atemp>
            <ns3:hr>152</ns3:hr>
            <ns3:cad>82</ns3:cad>
          </ns3:TrackPointExtension>
        </extensions>
      </trkpt>
      <trkpt lat="35.55058141238987445831298828125" lon="134.82057027518749237060546875">
        <ele>4</ele>
        <time>2026-08-01T08:30:23.000Z</time>
        <extensions>
          <ns3:TrackPointExtension>
            <ns3:atemp>34.0</ns3:atemp>
            <ns3:hr>152</ns3:hr>
            <ns3:cad>82</ns3:cad>
          </ns3:TrackPointExtension>
        </extensions>
      </trkpt>
      <trkpt lat="35.550600774586200714111328125" lon="134.8205721192061901092529296875">
        <ele>4</ele>
        <time>2026-08-01T08:30:24.000Z</time>
        <extensions>
          <ns3:TrackPointExtension>
            <ns3:atemp>34.0</ns3:atemp>
            <ns3:hr>151</ns3:hr>
            <ns3:cad>82</ns3:cad>
          </ns3:TrackPointExtension>
        </extensions>
      </trkpt>
      <trkpt lat="35.55062281899154186248779296875" lon="134.8205660842359066009521484375">
        <ele>4.19999980926513671875</ele>
        <time>2026-08-01T08:30:25.000Z</time>
        <extensions>
          <ns3:TrackPointExtension>
            <ns3:atemp>34.0</ns3:atemp>
            <ns3:hr>152</ns3:hr>
            <ns3:cad>82</ns3:cad>
          </ns3:TrackPointExtension>
        </extensions>
      </trkpt>
      <trkpt lat="35.55065031163394451141357421875" lon="134.82055527158081531524658203125">
        <ele>4.400000095367431640625</ele>
        <time>2026-08-01T08:30:26.000Z</time>
        <extensions>
          <ns3:TrackPointExtension>
            <ns3:atemp>34.0</ns3:atemp>
            <ns3:hr>152</ns3:hr>
            <ns3:cad>81</ns3:cad>
          </ns3:TrackPointExtension>
        </extensions>
      </trkpt>
      <trkpt lat="35.55066548287868499755859375" lon="134.8205597139894962310791015625">
        <ele>4.400000095367431640625</ele>
        <time>2026-08-01T08:30:27.000Z</time>
        <extensions>
          <ns3:TrackPointExtension>
            <ns3:atemp>34.0</ns3:atemp>
            <ns3:hr>152</ns3:hr>
            <ns3:cad>81</ns3:cad>
          </ns3:TrackPointExtension>
        </extensions>
      </trkpt>
      <trkpt lat="35.55069406516849994659423828125" lon="134.82056784443557262420654296875">
        <ele>4.400000095367431640625</ele>
        <time>2026-08-01T08:30:28.000Z</time>
        <extensions>
          <ns3:TrackPointExtension>
            <ns3:atemp>34.0</ns3:atemp>
            <ns3:hr>151</ns3:hr>
            <ns3:cad>81</ns3:cad>
          </ns3:TrackPointExtension>
        </extensions>
      </trkpt>
      <trkpt lat="35.55071510374546051025390625" lon="134.8205674253404140472412109375">
        <ele>4.400000095367431640625</ele>
        <time>2026-08-01T08:30:29.000Z</time>
        <extensions>
          <ns3:TrackPointExtension>
            <ns3:atemp>34.0</ns3:atemp>
            <ns3:hr>152</ns3:hr>
            <ns3:cad>82</ns3:cad>
          </ns3:TrackPointExtension>
        </extensions>
      </trkpt>
      <trkpt lat="35.550728179514408111572265625" lon="134.82056566514074802398681640625">
        <ele>4.19999980926513671875</ele>
        <time>2026-08-01T08:30:30.000Z</time>
        <extensions>
          <ns3:TrackPointExtension>
            <ns3:atemp>34.0</ns3:atemp>
            <ns3:hr>152</ns3:hr>
            <ns3:cad>82</ns3:cad>
          </ns3:TrackPointExtension>
        </extensions>
      </trkpt>
      <trkpt lat="35.55075307376682758331298828125" lon="134.82056558132171630859375">
        <ele>4</ele>
        <time>2026-08-01T08:30:31.000Z</time>
        <extensions>
          <ns3:TrackPointExtension>
            <ns3:atemp>34.0</ns3:atemp>
            <ns3:hr>152</ns3:hr>
            <ns3:cad>82</ns3:cad>
          </ns3:TrackPointExtension>
        </extensions>
      </trkpt>
      <trkpt lat="35.55077034048736095428466796875" lon="134.820562563836574554443359375">
        <ele>4</ele>
        <time>2026-08-01T08:30:32.000Z</time>
        <extensions>
          <ns3:TrackPointExtension>
            <ns3:atemp>34.0</ns3:atemp>
            <ns3:hr>152</ns3:hr>
            <ns3:cad>82</ns3:cad>
          </ns3:TrackPointExtension>
        </extensions>
      </trkpt>
      <trkpt lat="35.55079012177884578704833984375" lon="134.8205607198178768157958984375">
        <ele>4</ele>
        <time>2026-08-01T08:30:33.000Z</time>
        <extensions>
          <ns3:TrackPointExtension>
            <ns3:atemp>34.0</ns3:atemp>
            <ns3:hr>151</ns3:hr>
            <ns3:cad>82</ns3:cad>
          </ns3:TrackPointExtension>
        </extensions>
      </trkpt>
      <trkpt lat="35.55081325583159923553466796875" lon="134.82056013308465480804443359375">
        <ele>4</ele>
        <time>2026-08-01T08:30:34.000Z</time>
        <extensions>
          <ns3:TrackPointExtension>
            <ns3:atemp>34.0</ns3:atemp>
            <ns3:hr>152</ns3:hr>
            <ns3:cad>82</ns3:cad>
          </ns3:TrackPointExtension>
        </extensions>
      </trkpt>
      <trkpt lat="35.55083119310438632965087890625" lon="134.8205570317804813385009765625">
        <ele>4.19999980926513671875</ele>
        <time>2026-08-01T08:30:35.000Z</time>
        <extensions>
          <ns3:TrackPointExtension>
            <ns3:atemp>34.0</ns3:atemp>
            <ns3:hr>152</ns3:hr>
            <ns3:cad>82</ns3:cad>
          </ns3:TrackPointExtension>
        </extensions>
      </trkpt>
      <trkpt lat="35.5508503876626491546630859375" lon="134.82055393047630786895751953125">
        <ele>4.19999980926513671875</ele>
        <time>2026-08-01T08:30:36.000Z</time>
        <extensions>
          <ns3:TrackPointExtension>
            <ns3:atemp>34.0</ns3:atemp>
            <ns3:hr>152</ns3:hr>
            <ns3:cad>81</ns3:cad>
          </ns3:TrackPointExtension>
        </extensions>
      </trkpt>
      <trkpt lat="35.550881735980510711669921875" lon="134.82055208645761013031005859375">
        <ele>4.19999980926513671875</ele>
        <time>2026-08-01T08:30:37.000Z</time>
        <extensions>
          <ns3:TrackPointExtension>
            <ns3:atemp>34.0</ns3:atemp>
            <ns3:hr>151</ns3:hr>
            <ns3:cad>81</ns3:cad>
          </ns3:TrackPointExtension>
        </extensions>
      </trkpt>
      <trkpt lat="35.550906546413898468017578125" lon="134.82055409811437129974365234375">
        <ele>4.19999980926513671875</ele>
        <time>2026-08-01T08:30:38.000Z</time>
        <extensions>
          <ns3:TrackPointExtension>
            <ns3:atemp>34.0</ns3:atemp>
            <ns3:hr>152</ns3:hr>
            <ns3:cad>82</ns3:cad>
          </ns3:TrackPointExtension>
        </extensions>
      </trkpt>
      <trkpt lat="35.55094099603593349456787109375" lon="134.8205520026385784149169921875">
        <ele>4.19999980926513671875</ele>
        <time>2026-08-01T08:30:39.000Z</time>
        <extensions>
          <ns3:TrackPointExtension>
            <ns3:atemp>34.0</ns3:atemp>
            <ns3:hr>152</ns3:hr>
            <ns3:cad>83</ns3:cad>
          </ns3:TrackPointExtension>
        </extensions>
      </trkpt>
      <trkpt lat="35.5509652197360992431640625" lon="134.82054688967764377593994140625">
        <ele>4.19999980926513671875</ele>
        <time>2026-08-01T08:30:40.000Z</time>
        <extensions>
          <ns3:TrackPointExtension>
            <ns3:atemp>34.0</ns3:atemp>
            <ns3:hr>151</ns3:hr>
            <ns3:cad>83</ns3:cad>
          </ns3:TrackPointExtension>
        </extensions>
      </trkpt>
      <trkpt lat="35.55098734796047210693359375" lon="134.82054211199283599853515625">
        <ele>4.19999980926513671875</ele>
        <time>2026-08-01T08:30:41.000Z</time>
        <extensions>
          <ns3:TrackPointExtension>
            <ns3:atemp>34.0</ns3:atemp>
            <ns3:hr>151</ns3:hr>
            <ns3:cad>82</ns3:cad>
          </ns3:TrackPointExtension>
        </extensions>
      </trkpt>
      <trkpt lat="35.55101794190704822540283203125" lon="134.82053331099450588226318359375">
        <ele>4.19999980926513671875</ele>
        <time>2026-08-01T08:30:42.000Z</time>
        <extensions>
          <ns3:TrackPointExtension>
            <ns3:atemp>34.0</ns3:atemp>
            <ns3:hr>151</ns3:hr>
            <ns3:cad>82</ns3:cad>
          </ns3:TrackPointExtension>
        </extensions>
      </trkpt>
      <trkpt lat="35.55104023776948451995849609375" lon="134.82052962295711040496826171875">
        <ele>4.19999980926513671875</ele>
        <time>2026-08-01T08:30:43.000Z</time>
        <extensions>
          <ns3:TrackPointExtension>
            <ns3:atemp>34.0</ns3:atemp>
            <ns3:hr>151</ns3:hr>
            <ns3:cad>82</ns3:cad>
          </ns3:TrackPointExtension>
        </extensions>
      </trkpt>
      <trkpt lat="35.55106890387833118438720703125" lon="134.8205218277871608734130859375">
        <ele>4</ele>
        <time>2026-08-01T08:30:44.000Z</time>
        <extensions>
          <ns3:TrackPointExtension>
            <ns3:atemp>34.0</ns3:atemp>
            <ns3:hr>152</ns3:hr>
            <ns3:cad>82</ns3:cad>
          </ns3:TrackPointExtension>
        </extensions>
      </trkpt>
      <trkpt lat="35.55109656415879726409912109375" lon="134.8205213248729705810546875">
        <ele>4</ele>
        <time>2026-08-01T08:30:45.000Z</time>
        <extensions>
          <ns3:TrackPointExtension>
            <ns3:atemp>34.0</ns3:atemp>
            <ns3:hr>152</ns3:hr>
            <ns3:cad>83</ns3:cad>
          </ns3:TrackPointExtension>
        </extensions>
      </trkpt>
      <trkpt lat="35.551115758717060089111328125" lon="134.8205174691975116729736328125">
        <ele>4</ele>
        <time>2026-08-01T08:30:46.000Z</time>
        <extensions>
          <ns3:TrackPointExtension>
            <ns3:atemp>34.0</ns3:atemp>
            <ns3:hr>152</ns3:hr>
            <ns3:cad>83</ns3:cad>
          </ns3:TrackPointExtension>
        </extensions>
      </trkpt>
      <trkpt lat="35.55114559829235076904296875" lon="134.8205167986452579498291015625">
        <ele>4.19999980926513671875</ele>
        <time>2026-08-01T08:30:47.000Z</time>
        <extensions>
          <ns3:TrackPointExtension>
            <ns3:atemp>34.0</ns3:atemp>
            <ns3:hr>152</ns3:hr>
            <ns3:cad>83</ns3:cad>
          </ns3:TrackPointExtension>
        </extensions>
      </trkpt>
      <trkpt lat="35.55117116309702396392822265625" lon="134.82051989994943141937255859375">
        <ele>4.19999980926513671875</ele>
        <time>2026-08-01T08:30:48.000Z</time>
        <extensions>
          <ns3:TrackPointExtension>
            <ns3:atemp>34.0</ns3:atemp>
            <ns3:hr>152</ns3:hr>
            <ns3:cad>83</ns3:cad>
          </ns3:TrackPointExtension>
        </extensions>
      </trkpt>
      <trkpt lat="35.551196895539760589599609375" lon="134.820520319044589996337890625">
        <ele>4.19999980926513671875</ele>
        <time>2026-08-01T08:30:49.000Z</time>
        <extensions>
          <ns3:TrackPointExtension>
            <ns3:atemp>34.0</ns3:atemp>
            <ns3:hr>151</ns3:hr>
            <ns3:cad>82</ns3:cad>
          </ns3:TrackPointExtension>
        </extensions>
      </trkpt>
      <trkpt lat="35.55122581310570240020751953125" lon="134.8205154575407505035400390625">
        <ele>4.400000095367431640625</ele>
        <time>2026-08-01T08:30:50.000Z</time>
        <extensions>
          <ns3:TrackPointExtension>
            <ns3:atemp>34.0</ns3:atemp>
            <ns3:hr>152</ns3:hr>
            <ns3:cad>82</ns3:cad>
          </ns3:TrackPointExtension>
        </extensions>
      </trkpt>
      <trkpt lat="35.5512468516826629638671875" lon="134.820514619350433349609375">
        <ele>4.19999980926513671875</ele>
        <time>2026-08-01T08:30:51.000Z</time>
        <extensions>
          <ns3:TrackPointExtension>
            <ns3:atemp>33.0</ns3:atemp>
            <ns3:hr>152</ns3:hr>
            <ns3:cad>82</ns3:cad>
          </ns3:TrackPointExtension>
        </extensions>
      </trkpt>
      <trkpt lat="35.551267974078655242919921875" lon="134.8205137811601161956787109375">
        <ele>4.19999980926513671875</ele>
        <time>2026-08-01T08:30:52.000Z</time>
        <extensions>
          <ns3:TrackPointExtension>
            <ns3:atemp>34.0</ns3:atemp>
            <ns3:hr>152</ns3:hr>
            <ns3:cad>82</ns3:cad>
          </ns3:TrackPointExtension>
        </extensions>
      </trkpt>
      <trkpt lat="35.55129823274910449981689453125" lon="134.82051705010235309600830078125">
        <ele>4.19999980926513671875</ele>
        <time>2026-08-01T08:30:53.000Z</time>
        <extensions>
          <ns3:TrackPointExtension>
            <ns3:atemp>34.0</ns3:atemp>
            <ns3:hr>151</ns3:hr>
            <ns3:cad>82</ns3:cad>
          </ns3:TrackPointExtension>
        </extensions>
      </trkpt>
      <trkpt lat="35.5513201095163822174072265625" lon="134.820508919656276702880859375">
        <ele>4.19999980926513671875</ele>
        <time>2026-08-01T08:30:54.000Z</time>
        <extensions>
          <ns3:TrackPointExtension>
            <ns3:atemp>33.0</ns3:atemp>
            <ns3:hr>151</ns3:hr>
            <ns3:cad>82</ns3:cad>
          </ns3:TrackPointExtension>
        </extensions>
      </trkpt>
      <trkpt lat="35.55135221220552921295166015625" lon="134.82050850056111812591552734375">
        <ele>4.19999980926513671875</ele>
        <time>2026-08-01T08:30:55.000Z</time>
        <extensions>
          <ns3:TrackPointExtension>
            <ns3:atemp>33.0</ns3:atemp>
            <ns3:hr>151</ns3:hr>
            <ns3:cad>82</ns3:cad>
          </ns3:TrackPointExtension>
        </extensions>
      </trkpt>
      <trkpt lat="35.55137719027698040008544921875" lon="134.82051621191203594207763671875">
        <ele>4.19999980926513671875</ele>
        <time>2026-08-01T08:30:56.000Z</time>
        <extensions>
          <ns3:TrackPointExtension>
            <ns3:atemp>34.0</ns3:atemp>
            <ns3:hr>152</ns3:hr>
            <ns3:cad>82</ns3:cad>
          </ns3:TrackPointExtension>
        </extensions>
      </trkpt>
      <trkpt lat="35.55140367709100246429443359375" lon="134.820518307387828826904296875">
        <ele>4.19999980926513671875</ele>
        <time>2026-08-01T08:30:57.000Z</time>
        <extensions>
          <ns3:TrackPointExtension>
            <ns3:atemp>34.0</ns3:atemp>
            <ns3:hr>152</ns3:hr>
            <ns3:cad>82</ns3:cad>
          </ns3:TrackPointExtension>
        </extensions>
      </trkpt>
      <trkpt lat="35.5514294095337390899658203125" lon="134.82051386497914791107177734375">
        <ele>4.19999980926513671875</ele>
        <time>2026-08-01T08:30:58.000Z</time>
        <extensions>
          <ns3:TrackPointExtension>
            <ns3:atemp>33.0</ns3:atemp>
            <ns3:hr>152</ns3:hr>
            <ns3:cad>82</ns3:cad>
          </ns3:TrackPointExtension>
        </extensions>
      </trkpt>
      <trkpt lat="35.5514455027878284454345703125" lon="134.82051000930368900299072265625">
        <ele>4.19999980926513671875</ele>
        <time>2026-08-01T08:30:59.000Z</time>
        <extensions>
          <ns3:TrackPointExtension>
            <ns3:atemp>34.0</ns3:atemp>
            <ns3:hr>151</ns3:hr>
            <ns3:cad>83</ns3:cad>
          </ns3:TrackPointExtension>
        </extensions>
      </trkpt>
      <trkpt lat="35.55147056467831134796142578125" lon="134.820512942969799041748046875">
        <ele>4.19999980926513671875</ele>
        <time>2026-08-01T08:31:00.000Z</time>
        <extensions>
          <ns3:TrackPointExtension>
            <ns3:atemp>34.0</ns3:atemp>
            <ns3:hr>152</ns3:hr>
            <ns3:cad>83</ns3:cad>
          </ns3:TrackPointExtension>
        </extensions>
      </trkpt>
      <trkpt lat="35.5514909327030181884765625" lon="134.82051369734108448028564453125">
        <ele>4.19999980926513671875</ele>
        <time>2026-08-01T08:31:01.000Z</time>
        <extensions>
          <ns3:TrackPointExtension>
            <ns3:atemp>33.0</ns3:atemp>
            <ns3:hr>152</ns3:hr>
            <ns3:cad>83</ns3:cad>
          </ns3:TrackPointExtension>
        </extensions>
      </trkpt>
      <trkpt lat="35.551503002643585205078125" lon="134.82051470316946506500244140625">
        <ele>4.19999980926513671875</ele>
        <time>2026-08-01T08:31:02.000Z</time>
        <extensions>
          <ns3:TrackPointExtension>
            <ns3:atemp>33.0</ns3:atemp>
            <ns3:hr>152</ns3:hr>
            <ns3:cad>83</ns3:cad>
          </ns3:TrackPointExtension>
        </extensions>
      </trkpt>
      <trkpt lat="35.5515311658382415771484375" lon="134.8205211572349071502685546875">
        <ele>4.19999980926513671875</ele>
        <time>2026-08-01T08:31:03.000Z</time>
        <extensions>
          <ns3:TrackPointExtension>
            <ns3:atemp>34.0</ns3:atemp>
            <ns3:hr>152</ns3:hr>
            <ns3:cad>83</ns3:cad>
          </ns3:TrackPointExtension>
        </extensions>
      </trkpt>
      <trkpt lat="35.55155438371002674102783203125" lon="134.8205255158245563507080078125">
        <ele>4.19999980926513671875</ele>
        <time>2026-08-01T08:31:04.000Z</time>
        <extensions>
          <ns3:TrackPointExtension>
            <ns3:atemp>33.0</ns3:atemp>
            <ns3:hr>151</ns3:hr>
            <ns3:cad>82</ns3:cad>
          </ns3:TrackPointExtension>
        </extensions>
      </trkpt>
      <trkpt lat="35.55157466791570186614990234375" lon="134.82052526436746120452880859375">
        <ele>4.19999980926513671875</ele>
        <time>2026-08-01T08:31:05.000Z</time>
        <extensions>
          <ns3:TrackPointExtension>
            <ns3:atemp>34.0</ns3:atemp>
            <ns3:hr>152</ns3:hr>
            <ns3:cad>82</ns3:cad>
          </ns3:TrackPointExtension>
        </extensions>
      </trkpt>
      <trkpt lat="35.55159830488264560699462890625" lon="134.82052199542522430419921875">
        <ele>4.400000095367431640625</ele>
        <time>2026-08-01T08:31:06.000Z</time>
        <extensions>
          <ns3:TrackPointExtension>
            <ns3:atemp>34.0</ns3:atemp>
            <ns3:hr>152</ns3:hr>
            <ns3:cad>82</ns3:cad>
          </ns3:TrackPointExtension>
        </extensions>
      </trkpt>
      <trkpt lat="35.551618002355098724365234375" lon="134.82052266597747802734375">
        <ele>4.400000095367431640625</ele>
        <time>2026-08-01T08:31:07.000Z</time>
        <extensions>
          <ns3:TrackPointExtension>
            <ns3:atemp>33.0</ns3:atemp>
            <ns3:hr>152</ns3:hr>
            <ns3:cad>82</ns3:cad>
          </ns3:TrackPointExtension>
        </extensions>
      </trkpt>
      <trkpt lat="35.551640801131725311279296875" lon="134.82052526436746120452880859375">
        <ele>4.19999980926513671875</ele>
        <time>2026-08-01T08:31:08.000Z</time>
        <extensions>
          <ns3:TrackPointExtension>
            <ns3:atemp>33.0</ns3:atemp>
            <ns3:hr>152</ns3:hr>
            <ns3:cad>82</ns3:cad>
          </ns3:TrackPointExtension>
        </extensions>
      </trkpt>
      <trkpt lat="35.55166862905025482177734375" lon="134.820524342358112335205078125">
        <ele>4.19999980926513671875</ele>
        <time>2026-08-01T08:31:09.000Z</time>
        <extensions>
          <ns3:TrackPointExtension>
            <ns3:atemp>33.0</ns3:atemp>
            <ns3:hr>151</ns3:hr>
            <ns3:cad>82</ns3:cad>
          </ns3:TrackPointExtension>
        </extensions>
      </trkpt>
      <trkpt lat="35.5516905896365642547607421875" lon="134.82052601873874664306640625">
        <ele>4.19999980926513671875</ele>
        <time>2026-08-01T08:31:10.000Z</time>
        <extensions>
          <ns3:TrackPointExtension>
            <ns3:atemp>33.0</ns3:atemp>
            <ns3:hr>152</ns3:hr>
            <ns3:cad>82</ns3:cad>
          </ns3:TrackPointExtension>
        </extensions>
      </trkpt>
      <trkpt lat="35.55171288549900054931640625" lon="134.820527024567127227783203125">
        <ele>4.19999980926513671875</ele>
        <time>2026-08-01T08:31:11.000Z</time>
        <extensions>
          <ns3:TrackPointExtension>
            <ns3:atemp>33.0</ns3:atemp>
            <ns3:hr>152</ns3:hr>
            <ns3:cad>83</ns3:cad>
          </ns3:TrackPointExtension>
        </extensions>
      </trkpt>
      <trkpt lat="35.551737360656261444091796875" lon="134.82053213752806186676025390625">
        <ele>4.19999980926513671875</ele>
        <time>2026-08-01T08:31:12.000Z</time>
        <extensions>
          <ns3:TrackPointExtension>
            <ns3:atemp>33.0</ns3:atemp>
            <ns3:hr>152</ns3:hr>
            <ns3:cad>83</ns3:cad>
          </ns3:TrackPointExtension>
        </extensions>
      </trkpt>
      <trkpt lat="35.55176158435642719268798828125" lon="134.82052601873874664306640625">
        <ele>4.19999980926513671875</ele>
        <time>2026-08-01T08:31:13.000Z</time>
        <extensions>
          <ns3:TrackPointExtension>
            <ns3:atemp>33.0</ns3:atemp>
            <ns3:hr>151</ns3:hr>
            <ns3:cad>83</ns3:cad>
          </ns3:TrackPointExtension>
        </extensions>
      </trkpt>
      <trkpt lat="35.5517918430268764495849609375" lon="134.82051906175911426544189453125">
        <ele>4.19999980926513671875</ele>
        <time>2026-08-01T08:31:14.000Z</time>
        <extensions>
          <ns3:TrackPointExtension>
            <ns3:atemp>33.0</ns3:atemp>
            <ns3:hr>152</ns3:hr>
            <ns3:cad>82</ns3:cad>
          </ns3:TrackPointExtension>
        </extensions>
      </trkpt>
      <trkpt lat="35.5518149770796298980712890625" lon="134.8205184750258922576904296875">
        <ele>4.19999980926513671875</ele>
        <time>2026-08-01T08:31:15.000Z</time>
        <extensions>
          <ns3:TrackPointExtension>
            <ns3:atemp>33.0</ns3:atemp>
            <ns3:hr>152</ns3:hr>
            <ns3:cad>82</ns3:cad>
          </ns3:TrackPointExtension>
        </extensions>
      </trkpt>
      <trkpt lat="35.551843307912349700927734375" lon="134.82052006758749485015869140625">
        <ele>4.19999980926513671875</ele>
        <time>2026-08-01T08:31:16.000Z</time>
        <extensions>
          <ns3:TrackPointExtension>
            <ns3:atemp>33.0</ns3:atemp>
            <ns3:hr>152</ns3:hr>
            <ns3:cad>82</ns3:cad>
          </ns3:TrackPointExtension>
        </extensions>
      </trkpt>
      <trkpt lat="35.55187323130667209625244140625" lon="134.82052476145327091217041015625">
        <ele>4.19999980926513671875</ele>
        <time>2026-08-01T08:31:17.000Z</time>
        <extensions>
          <ns3:TrackPointExtension>
            <ns3:atemp>33.0</ns3:atemp>
            <ns3:hr>153</ns3:hr>
            <ns3:cad>82</ns3:cad>
          </ns3:TrackPointExtension>
        </extensions>
      </trkpt>
      <trkpt lat="35.55189804174005985260009765625" lon="134.82052107341587543487548828125">
        <ele>4.19999980926513671875</ele>
        <time>2026-08-01T08:31:18.000Z</time>
        <extensions>
          <ns3:TrackPointExtension>
            <ns3:atemp>34.0</ns3:atemp>
            <ns3:hr>153</ns3:hr>
            <ns3:cad>82</ns3:cad>
          </ns3:TrackPointExtension>
        </extensions>
      </trkpt>
      <trkpt lat="35.551929473876953125" lon="134.8205191455781459808349609375">
        <ele>4.19999980926513671875</ele>
        <time>2026-08-01T08:31:19.000Z</time>
        <extensions>
          <ns3:TrackPointExtension>
            <ns3:atemp>33.0</ns3:atemp>
            <ns3:hr>153</ns3:hr>
            <ns3:cad>82</ns3:cad>
          </ns3:TrackPointExtension>
        </extensions>
      </trkpt>
      <trkpt lat="35.5519541166722774505615234375" lon="134.82051772065460681915283203125">
        <ele>4.19999980926513671875</ele>
        <time>2026-08-01T08:31:20.000Z</time>
        <extensions>
          <ns3:TrackPointExtension>
            <ns3:atemp>34.0</ns3:atemp>
            <ns3:hr>153</ns3:hr>
            <ns3:cad>82</ns3:cad>
          </ns3:TrackPointExtension>
        </extensions>
      </trkpt>
      <trkpt lat="35.55198353715240955352783203125" lon="134.8205211572349071502685546875">
        <ele>4.19999980926513671875</ele>
        <time>2026-08-01T08:31:21.000Z</time>
        <extensions>
          <ns3:TrackPointExtension>
            <ns3:atemp>34.0</ns3:atemp>
            <ns3:hr>154</ns3:hr>
            <ns3:cad>82</ns3:cad>
          </ns3:TrackPointExtension>
        </extensions>
      </trkpt>
      <trkpt lat="35.5520139634609222412109375" lon="134.82052601873874664306640625">
        <ele>4.19999980926513671875</ele>
        <time>2026-08-01T08:31:22.000Z</time>
        <extensions>
          <ns3:TrackPointExtension>
            <ns3:atemp>33.0</ns3:atemp>
            <ns3:hr>153</ns3:hr>
            <ns3:cad>82</ns3:cad>
          </ns3:TrackPointExtension>
        </extensions>
      </trkpt>
      <trkpt lat="35.55203433148562908172607421875" lon="134.8205251805484294891357421875">
        <ele>4.19999980926513671875</ele>
        <time>2026-08-01T08:31:23.000Z</time>
        <extensions>
          <ns3:TrackPointExtension>
            <ns3:atemp>34.0</ns3:atemp>
            <ns3:hr>154</ns3:hr>
            <ns3:cad>82</ns3:cad>
          </ns3:TrackPointExtension>
        </extensions>
      </trkpt>
      <trkpt lat="35.55206534452736377716064453125" lon="134.82052727602422237396240234375">
        <ele>4.19999980926513671875</ele>
        <time>2026-08-01T08:31:24.000Z</time>
        <extensions>
          <ns3:TrackPointExtension>
            <ns3:atemp>33.0</ns3:atemp>
            <ns3:hr>154</ns3:hr>
            <ns3:cad>83</ns3:cad>
          </ns3:TrackPointExtension>
        </extensions>
      </trkpt>
      <trkpt lat="35.55209334008395671844482421875" lon="134.82053331099450588226318359375">
        <ele>4.19999980926513671875</ele>
        <time>2026-08-01T08:31:25.000Z</time>
        <extensions>
          <ns3:TrackPointExtension>
            <ns3:atemp>33.0</ns3:atemp>
            <ns3:hr>154</ns3:hr>
            <ns3:cad>83</ns3:cad>
          </ns3:TrackPointExtension>
        </extensions>
      </trkpt>
      <trkpt lat="35.5521147139370441436767578125" lon="134.82053616084158420562744140625">
        <ele>4</ele>
        <time>2026-08-01T08:31:26.000Z</time>
        <extensions>
          <ns3:TrackPointExtension>
            <ns3:atemp>34.0</ns3:atemp>
            <ns3:hr>154</ns3:hr>
            <ns3:cad>83</ns3:cad>
          </ns3:TrackPointExtension>
        </extensions>
      </trkpt>
      <trkpt lat="35.55213910527527332305908203125" lon="134.8205392621457576751708984375">
        <ele>4</ele>
        <time>2026-08-01T08:31:27.000Z</time>
        <extensions>
          <ns3:TrackPointExtension>
            <ns3:atemp>33.0</ns3:atemp>
            <ns3:hr>154</ns3:hr>
            <ns3:cad>83</ns3:cad>
          </ns3:TrackPointExtension>
        </extensions>
      </trkpt>
      <trkpt lat="35.55216039530932903289794921875" lon="134.8205427825450897216796875">
        <ele>4</ele>
        <time>2026-08-01T08:31:28.000Z</time>
        <extensions>
          <ns3:TrackPointExtension>
            <ns3:atemp>33.0</ns3:atemp>
            <ns3:hr>155</ns3:hr>
            <ns3:cad>82</ns3:cad>
          </ns3:TrackPointExtension>
        </extensions>
      </trkpt>
      <trkpt lat="35.55217958986759185791015625" lon="134.82053280808031558990478515625">
        <ele>4</ele>
        <time>2026-08-01T08:31:29.000Z</time>
        <extensions>
          <ns3:TrackPointExtension>
            <ns3:atemp>33.0</ns3:atemp>
            <ns3:hr>155</ns3:hr>
            <ns3:cad>82</ns3:cad>
          </ns3:TrackPointExtension>
        </extensions>
      </trkpt>
      <trkpt lat="35.5522082559764385223388671875" lon="134.82052258215844631195068359375">
        <ele>4</ele>
        <time>2026-08-01T08:31:30.000Z</time>
        <extensions>
          <ns3:TrackPointExtension>
            <ns3:atemp>33.0</ns3:atemp>
            <ns3:hr>155</ns3:hr>
            <ns3:cad>81</ns3:cad>
          </ns3:TrackPointExtension>
        </extensions>
      </trkpt>
      <trkpt lat="35.55222518742084503173828125" lon="134.82051570899784564971923828125">
        <ele>4</ele>
        <time>2026-08-01T08:31:31.000Z</time>
        <extensions>
          <ns3:TrackPointExtension>
            <ns3:atemp>33.0</ns3:atemp>
            <ns3:hr>155</ns3:hr>
            <ns3:cad>82</ns3:cad>
          </ns3:TrackPointExtension>
        </extensions>
      </trkpt>
      <trkpt lat="35.5522619001567363739013671875" lon="134.8205198161303997039794921875">
        <ele>4</ele>
        <time>2026-08-01T08:31:32.000Z</time>
        <extensions>
          <ns3:TrackPointExtension>
            <ns3:atemp>33.0</ns3:atemp>
            <ns3:hr>155</ns3:hr>
            <ns3:cad>82</ns3:cad>
          </ns3:TrackPointExtension>
        </extensions>
      </trkpt>
      <trkpt lat="35.5522883869707584381103515625" lon="134.82051855884492397308349609375">
        <ele>4</ele>
        <time>2026-08-01T08:31:33.000Z</time>
        <extensions>
          <ns3:TrackPointExtension>
            <ns3:atemp>33.0</ns3:atemp>
            <ns3:hr>154</ns3:hr>
            <ns3:cad>82</ns3:cad>
          </ns3:TrackPointExtension>
        </extensions>
      </trkpt>
      <trkpt lat="35.5523125268518924713134765625" lon="134.82051663100719451904296875">
        <ele>4</ele>
        <time>2026-08-01T08:31:34.000Z</time>
        <extensions>
          <ns3:TrackPointExtension>
            <ns3:atemp>33.0</ns3:atemp>
            <ns3:hr>155</ns3:hr>
            <ns3:cad>82</ns3:cad>
          </ns3:TrackPointExtension>
        </extensions>
      </trkpt>
      <trkpt lat="35.55234144441783428192138671875" lon="134.82051889412105083465576171875">
        <ele>4</ele>
        <time>2026-08-01T08:31:35.000Z</time>
        <extensions>
          <ns3:TrackPointExtension>
            <ns3:atemp>33.0</ns3:atemp>
            <ns3:hr>155</ns3:hr>
            <ns3:cad>82</ns3:cad>
          </ns3:TrackPointExtension>
        </extensions>
      </trkpt>
      <trkpt lat="35.5523671768605709075927734375" lon="134.820515625178813934326171875">
        <ele>4</ele>
        <time>2026-08-01T08:31:36.000Z</time>
        <extensions>
          <ns3:TrackPointExtension>
            <ns3:atemp>33.0</ns3:atemp>
            <ns3:hr>154</ns3:hr>
            <ns3:cad>82</ns3:cad>
          </ns3:TrackPointExtension>
        </extensions>
      </trkpt>
      <trkpt lat="35.55239508859813213348388671875" lon="134.82051369734108448028564453125">
        <ele>4</ele>
        <time>2026-08-01T08:31:37.000Z</time>
        <extensions>
          <ns3:TrackPointExtension>
            <ns3:atemp>33.0</ns3:atemp>
            <ns3:hr>155</ns3:hr>
            <ns3:cad>83</ns3:cad>
          </ns3:TrackPointExtension>
        </extensions>
      </trkpt>
      <trkpt lat="35.55242677219212055206298828125" lon="134.82051772065460681915283203125">
        <ele>4</ele>
        <time>2026-08-01T08:31:38.000Z</time>
        <extensions>
          <ns3:TrackPointExtension>
            <ns3:atemp>33.0</ns3:atemp>
            <ns3:hr>155</ns3:hr>
            <ns3:cad>83</ns3:cad>
          </ns3:TrackPointExtension>
        </extensions>
      </trkpt>
      <trkpt lat="35.5524436198174953460693359375" lon="134.82051336206495761871337890625">
        <ele>4</ele>
        <time>2026-08-01T08:31:39.000Z</time>
        <extensions>
          <ns3:TrackPointExtension>
            <ns3:atemp>33.0</ns3:atemp>
            <ns3:hr>154</ns3:hr>
            <ns3:cad>83</ns3:cad>
          </ns3:TrackPointExtension>
        </extensions>
      </trkpt>
      <trkpt lat="35.55246935226023197174072265625" lon="134.82050866819918155670166015625">
        <ele>4</ele>
        <time>2026-08-01T08:31:40.000Z</time>
        <extensions>
          <ns3:TrackPointExtension>
            <ns3:atemp>33.0</ns3:atemp>
            <ns3:hr>155</ns3:hr>
            <ns3:cad>82</ns3:cad>
          </ns3:TrackPointExtension>
        </extensions>
      </trkpt>
      <trkpt lat="35.55249114520847797393798828125" lon="134.8205121047794818878173828125">
        <ele>4.19999980926513671875</ele>
        <time>2026-08-01T08:31:41.000Z</time>
        <extensions>
          <ns3:TrackPointExtension>
            <ns3:atemp>33.0</ns3:atemp>
            <ns3:hr>155</ns3:hr>
            <ns3:cad>82</ns3:cad>
          </ns3:TrackPointExtension>
        </extensions>
      </trkpt>
      <trkpt lat="35.55251360870897769927978515625" lon="134.82051193714141845703125">
        <ele>4.19999980926513671875</ele>
        <time>2026-08-01T08:31:42.000Z</time>
        <extensions>
          <ns3:TrackPointExtension>
            <ns3:atemp>33.0</ns3:atemp>
            <ns3:hr>155</ns3:hr>
            <ns3:cad>82</ns3:cad>
          </ns3:TrackPointExtension>
        </extensions>
      </trkpt>
      <trkpt lat="35.5525438673794269561767578125" lon="134.8205132782459259033203125">
        <ele>4.19999980926513671875</ele>
        <time>2026-08-01T08:31:43.000Z</time>
        <extensions>
          <ns3:TrackPointExtension>
            <ns3:atemp>33.0</ns3:atemp>
            <ns3:hr>155</ns3:hr>
            <ns3:cad>82</ns3:cad>
          </ns3:TrackPointExtension>
        </extensions>
      </trkpt>
      <trkpt lat="35.552562810480594635009765625" lon="134.82050992548465728759765625">
        <ele>4.19999980926513671875</ele>
        <time>2026-08-01T08:31:44.000Z</time>
        <extensions>
          <ns3:TrackPointExtension>
            <ns3:atemp>33.0</ns3:atemp>
            <ns3:hr>155</ns3:hr>
            <ns3:cad>82</ns3:cad>
          </ns3:TrackPointExtension>
        </extensions>
      </trkpt>
      <trkpt lat="35.5525901354849338531494140625" lon="134.820514954626560211181640625">
        <ele>4.19999980926513671875</ele>
        <time>2026-08-01T08:31:45.000Z</time>
        <extensions>
          <ns3:TrackPointExtension>
            <ns3:atemp>33.0</ns3:atemp>
            <ns3:hr>155</ns3:hr>
            <ns3:cad>82</ns3:cad>
          </ns3:TrackPointExtension>
        </extensions>
      </trkpt>
      <trkpt lat="35.55261804722249507904052734375" lon="134.82052023522555828094482421875">
        <ele>4.19999980926513671875</ele>
        <time>2026-08-01T08:31:46.000Z</time>
        <extensions>
          <ns3:TrackPointExtension>
            <ns3:atemp>33.0</ns3:atemp>
            <ns3:hr>155</ns3:hr>
            <ns3:cad>83</ns3:cad>
          </ns3:TrackPointExtension>
        </extensions>
      </trkpt>
      <trkpt lat="35.5526357330381870269775390625" lon="134.8205161280930042266845703125">
        <ele>4.19999980926513671875</ele>
        <time>2026-08-01T08:31:47.000Z</time>
        <extensions>
          <ns3:TrackPointExtension>
            <ns3:atemp>33.0</ns3:atemp>
            <ns3:hr>155</ns3:hr>
            <ns3:cad>83</ns3:cad>
          </ns3:TrackPointExtension>
        </extensions>
      </trkpt>
      <trkpt lat="35.55266439914703369140625" lon="134.8205137811601161956787109375">
        <ele>4</ele>
        <time>2026-08-01T08:31:48.000Z</time>
        <extensions>
          <ns3:TrackPointExtension>
            <ns3:atemp>33.0</ns3:atemp>
            <ns3:hr>155</ns3:hr>
            <ns3:cad>83</ns3:cad>
          </ns3:TrackPointExtension>
        </extensions>
      </trkpt>
      <trkpt lat="35.55268920958042144775390625" lon="134.8205121047794818878173828125">
        <ele>4</ele>
        <time>2026-08-01T08:31:49.000Z</time>
        <extensions>
          <ns3:TrackPointExtension>
            <ns3:atemp>33.0</ns3:atemp>
            <ns3:hr>155</ns3:hr>
            <ns3:cad>82</ns3:cad>
          </ns3:TrackPointExtension>
        </extensions>
      </trkpt>
      <trkpt lat="35.55271008051931858062744140625" lon="134.820508919656276702880859375">
        <ele>4</ele>
        <time>2026-08-01T08:31:50.000Z</time>
        <extensions>
          <ns3:TrackPointExtension>
            <ns3:atemp>33.0</ns3:atemp>
            <ns3:hr>155</ns3:hr>
            <ns3:cad>82</ns3:cad>
          </ns3:TrackPointExtension>
        </extensions>
      </trkpt>
      <trkpt lat="35.5527369864284992218017578125" lon="134.8205124400556087493896484375">
        <ele>4</ele>
        <time>2026-08-01T08:31:51.000Z</time>
        <extensions>
          <ns3:TrackPointExtension>
            <ns3:atemp>33.0</ns3:atemp>
            <ns3:hr>155</ns3:hr>
            <ns3:cad>82</ns3:cad>
          </ns3:TrackPointExtension>
        </extensions>
      </trkpt>
      <trkpt lat="35.5527564324438571929931640625" lon="134.82051034457981586456298828125">
        <ele>4</ele>
        <time>2026-08-01T08:31:52.000Z</time>
        <extensions>
          <ns3:TrackPointExtension>
            <ns3:atemp>33.0</ns3:atemp>
            <ns3:hr>155</ns3:hr>
            <ns3:cad>82</ns3:cad>
          </ns3:TrackPointExtension>
        </extensions>
      </trkpt>
      <trkpt lat="35.55278484709560871124267578125" lon="134.82050866819918155670166015625">
        <ele>4.19999980926513671875</ele>
        <time>2026-08-01T08:31:53.000Z</time>
        <extensions>
          <ns3:TrackPointExtension>
            <ns3:atemp>33.0</ns3:atemp>
            <ns3:hr>156</ns3:hr>
            <ns3:cad>82</ns3:cad>
          </ns3:TrackPointExtension>
        </extensions>
      </trkpt>
      <trkpt lat="35.55281233973801136016845703125" lon="134.82051151804625988006591796875">
        <ele>4.19999980926513671875</ele>
        <time>2026-08-01T08:31:54.000Z</time>
        <extensions>
          <ns3:TrackPointExtension>
            <ns3:atemp>33.0</ns3:atemp>
            <ns3:hr>156</ns3:hr>
            <ns3:cad>82</ns3:cad>
          </ns3:TrackPointExtension>
        </extensions>
      </trkpt>
      <trkpt lat="35.5528345517814159393310546875" lon="134.82050313614308834075927734375">
        <ele>4.19999980926513671875</ele>
        <time>2026-08-01T08:31:55.000Z</time>
        <extensions>
          <ns3:TrackPointExtension>
            <ns3:atemp>33.0</ns3:atemp>
            <ns3:hr>156</ns3:hr>
            <ns3:cad>82</ns3:cad>
          </ns3:TrackPointExtension>
        </extensions>
      </trkpt>
      <trkpt lat="35.5528667382895946502685546875" lon="134.82050196267664432525634765625">
        <ele>4.19999980926513671875</ele>
        <time>2026-08-01T08:31:56.000Z</time>
        <extensions>
          <ns3:TrackPointExtension>
            <ns3:atemp>33.0</ns3:atemp>
            <ns3:hr>156</ns3:hr>
            <ns3:cad>82</ns3:cad>
          </ns3:TrackPointExtension>
        </extensions>
      </trkpt>
      <trkpt lat="35.55289280600845813751220703125" lon="134.82050313614308834075927734375">
        <ele>4.19999980926513671875</ele>
        <time>2026-08-01T08:31:57.000Z</time>
        <extensions>
          <ns3:TrackPointExtension>
            <ns3:atemp>33.0</ns3:atemp>
            <ns3:hr>156</ns3:hr>
            <ns3:cad>82</ns3:cad>
          </ns3:TrackPointExtension>
        </extensions>
      </trkpt>
      <trkpt lat="35.55291652679443359375" lon="134.82049894519150257110595703125">
        <ele>4.19999980926513671875</ele>
        <time>2026-08-01T08:31:58.000Z</time>
        <extensions>
          <ns3:TrackPointExtension>
            <ns3:atemp>33.0</ns3:atemp>
            <ns3:hr>156</ns3:hr>
            <ns3:cad>82</ns3:cad>
          </ns3:TrackPointExtension>
        </extensions>
      </trkpt>
      <trkpt lat="35.5529473721981048583984375" lon="134.8204990290105342864990234375">
        <ele>4.19999980926513671875</ele>
        <time>2026-08-01T08:31:59.000Z</time>
        <extensions>
          <ns3:TrackPointExtension>
            <ns3:atemp>33.0</ns3:atemp>
            <ns3:hr>156</ns3:hr>
            <ns3:cad>82</ns3:cad>
          </ns3:TrackPointExtension>
        </extensions>
      </trkpt>
      <trkpt lat="35.55296706967055797576904296875" lon="134.8204953409731388092041015625">
        <ele>4.19999980926513671875</ele>
        <time>2026-08-01T08:32:00.000Z</time>
        <extensions>
          <ns3:TrackPointExtension>
            <ns3:atemp>33.0</ns3:atemp>
            <ns3:hr>156</ns3:hr>
            <ns3:cad>82</ns3:cad>
          </ns3:TrackPointExtension>
        </extensions>
      </trkpt>
      <trkpt lat="35.55300168693065643310546875" lon="134.82049760408699512481689453125">
        <ele>4.19999980926513671875</ele>
        <time>2026-08-01T08:32:01.000Z</time>
        <extensions>
          <ns3:TrackPointExtension>
            <ns3:atemp>33.0</ns3:atemp>
            <ns3:hr>156</ns3:hr>
            <ns3:cad>82</ns3:cad>
          </ns3:TrackPointExtension>
        </extensions>
      </trkpt>
      <trkpt lat="35.55303093977272510528564453125" lon="134.82050162740051746368408203125">
        <ele>4.19999980926513671875</ele>
        <time>2026-08-01T08:32:02.000Z</time>
        <extensions>
          <ns3:TrackPointExtension>
            <ns3:atemp>33.0</ns3:atemp>
            <ns3:hr>156</ns3:hr>
            <ns3:cad>82</ns3:cad>
          </ns3:TrackPointExtension>
        </extensions>
      </trkpt>
      <trkpt lat="35.55305273272097110748291015625" lon="134.82049743644893169403076171875">
        <ele>4.19999980926513671875</ele>
        <time>2026-08-01T08:32:03.000Z</time>
        <extensions>
          <ns3:TrackPointExtension>
            <ns3:atemp>33.0</ns3:atemp>
            <ns3:hr>156</ns3:hr>
            <ns3:cad>82</ns3:cad>
          </ns3:TrackPointExtension>
        </extensions>
      </trkpt>
      <trkpt lat="35.55308424867689609527587890625" lon="134.82050229795277118682861328125">
        <ele>4.19999980926513671875</ele>
        <time>2026-08-01T08:32:04.000Z</time>
        <extensions>
          <ns3:TrackPointExtension>
            <ns3:atemp>33.0</ns3:atemp>
            <ns3:hr>156</ns3:hr>
            <ns3:cad>82</ns3:cad>
          </ns3:TrackPointExtension>
        </extensions>
      </trkpt>
      <trkpt lat="35.5531047843396663665771484375" lon="134.8204993642866611480712890625">
        <ele>4</ele>
        <time>2026-08-01T08:32:05.000Z</time>
        <extensions>
          <ns3:TrackPointExtension>
            <ns3:atemp>33.0</ns3:atemp>
            <ns3:hr>156</ns3:hr>
            <ns3:cad>82</ns3:cad>
          </ns3:TrackPointExtension>
        </extensions>
      </trkpt>
      <trkpt lat="35.55313185788691043853759765625" lon="134.820500202476978302001953125">
        <ele>4</ele>
        <time>2026-08-01T08:32:06.000Z</time>
        <extensions>
          <ns3:TrackPointExtension>
            <ns3:atemp>33.0</ns3:atemp>
            <ns3:hr>156</ns3:hr>
            <ns3:cad>83</ns3:cad>
          </ns3:TrackPointExtension>
        </extensions>
      </trkpt>
      <trkpt lat="35.5531584285199642181396484375" lon="134.82050464488565921783447265625">
        <ele>4</ele>
        <time>2026-08-01T08:32:07.000Z</time>
        <extensions>
          <ns3:TrackPointExtension>
            <ns3:atemp>33.0</ns3:atemp>
            <ns3:hr>156</ns3:hr>
            <ns3:cad>83</ns3:cad>
          </ns3:TrackPointExtension>
        </extensions>
      </trkpt>
      <trkpt lat="35.55317678488790988922119140625" lon="134.820498861372470855712890625">
        <ele>4</ele>
        <time>2026-08-01T08:32:08.000Z</time>
        <extensions>
          <ns3:TrackPointExtension>
            <ns3:atemp>33.0</ns3:atemp>
            <ns3:hr>156</ns3:hr>
            <ns3:cad>83</ns3:cad>
          </ns3:TrackPointExtension>
        </extensions>
      </trkpt>
      <trkpt lat="35.55320578627288341522216796875" lon="134.8204983584582805633544921875">
        <ele>4</ele>
        <time>2026-08-01T08:32:09.000Z</time>
        <extensions>
          <ns3:TrackPointExtension>
            <ns3:atemp>33.0</ns3:atemp>
            <ns3:hr>156</ns3:hr>
            <ns3:cad>83</ns3:cad>
          </ns3:TrackPointExtension>
        </extensions>
      </trkpt>
      <trkpt lat="35.55322607047855854034423828125" lon="134.82049710117280483245849609375">
        <ele>4</ele>
        <time>2026-08-01T08:32:10.000Z</time>
        <extensions>
          <ns3:TrackPointExtension>
            <ns3:atemp>33.0</ns3:atemp>
            <ns3:hr>156</ns3:hr>
            <ns3:cad>83</ns3:cad>
          </ns3:TrackPointExtension>
        </extensions>
      </trkpt>
      <trkpt lat="35.55325104855000972747802734375" lon="134.820494838058948516845703125">
        <ele>4.19999980926513671875</ele>
        <time>2026-08-01T08:32:11.000Z</time>
        <extensions>
          <ns3:TrackPointExtension>
            <ns3:atemp>33.0</ns3:atemp>
            <ns3:hr>156</ns3:hr>
            <ns3:cad>83</ns3:cad>
          </ns3:TrackPointExtension>
        </extensions>
      </trkpt>
      <trkpt lat="35.5532771162688732147216796875" lon="134.8204966820776462554931640625">
        <ele>4.19999980926513671875</ele>
        <time>2026-08-01T08:32:12.000Z</time>
        <extensions>
          <ns3:TrackPointExtension>
            <ns3:atemp>33.0</ns3:atemp>
            <ns3:hr>156</ns3:hr>
            <ns3:cad>83</ns3:cad>
          </ns3:TrackPointExtension>
        </extensions>
      </trkpt>
      <trkpt lat="35.553294718265533447265625" lon="134.820492826402187347412109375">
        <ele>4.19999980926513671875</ele>
        <time>2026-08-01T08:32:13.000Z</time>
        <extensions>
          <ns3:TrackPointExtension>
            <ns3:atemp>33.0</ns3:atemp>
            <ns3:hr>155</ns3:hr>
            <ns3:cad>83</ns3:cad>
          </ns3:TrackPointExtension>
        </extensions>
      </trkpt>
      <trkpt lat="35.5533253960311412811279296875" lon="134.82049408368766307830810546875">
        <ele>4.400000095367431640625</ele>
        <time>2026-08-01T08:32:14.000Z</time>
        <extensions>
          <ns3:TrackPointExtension>
            <ns3:atemp>33.0</ns3:atemp>
            <ns3:hr>155</ns3:hr>
            <ns3:cad>83</ns3:cad>
          </ns3:TrackPointExtension>
        </extensions>
      </trkpt>
      <trkpt lat="35.5533538945019245147705078125" lon="134.8204943351447582244873046875">
        <ele>4.400000095367431640625</ele>
        <time>2026-08-01T08:32:15.000Z</time>
        <extensions>
          <ns3:TrackPointExtension>
            <ns3:atemp>33.0</ns3:atemp>
            <ns3:hr>155</ns3:hr>
            <ns3:cad>83</ns3:cad>
          </ns3:TrackPointExtension>
        </extensions>
      </trkpt>
      <trkpt lat="35.55337778292596340179443359375" lon="134.8204899765551090240478515625">
        <ele>4.400000095367431640625</ele>
        <time>2026-08-01T08:32:16.000Z</time>
        <extensions>
          <ns3:TrackPointExtension>
            <ns3:atemp>33.0</ns3:atemp>
            <ns3:hr>155</ns3:hr>
            <ns3:cad>83</ns3:cad>
          </ns3:TrackPointExtension>
        </extensions>
      </trkpt>
      <trkpt lat="35.5534105561673641204833984375" lon="134.820491485297679901123046875">
        <ele>4.400000095367431640625</ele>
        <time>2026-08-01T08:32:17.000Z</time>
        <extensions>
          <ns3:TrackPointExtension>
            <ns3:atemp>33.0</ns3:atemp>
            <ns3:hr>155</ns3:hr>
            <ns3:cad>83</ns3:cad>
          </ns3:TrackPointExtension>
        </extensions>
      </trkpt>
      <trkpt lat="35.55343193002045154571533203125" lon="134.82049140147864818572998046875">
        <ele>4.19999980926513671875</ele>
        <time>2026-08-01T08:32:18.000Z</time>
        <extensions>
          <ns3:TrackPointExtension>
            <ns3:atemp>33.0</ns3:atemp>
            <ns3:hr>155</ns3:hr>
            <ns3:cad>83</ns3:cad>
          </ns3:TrackPointExtension>
        </extensions>
      </trkpt>
      <trkpt lat="35.55345724336802959442138671875" lon="134.820491485297679901123046875">
        <ele>4.19999980926513671875</ele>
        <time>2026-08-01T08:32:19.000Z</time>
        <extensions>
          <ns3:TrackPointExtension>
            <ns3:atemp>33.0</ns3:atemp>
            <ns3:hr>154</ns3:hr>
            <ns3:cad>83</ns3:cad>
          </ns3:TrackPointExtension>
        </extensions>
      </trkpt>
      <trkpt lat="35.55348222143948078155517578125" lon="134.82049651443958282470703125">
        <ele>4.19999980926513671875</ele>
        <time>2026-08-01T08:32:20.000Z</time>
        <extensions>
          <ns3:TrackPointExtension>
            <ns3:atemp>33.0</ns3:atemp>
            <ns3:hr>155</ns3:hr>
            <ns3:cad>83</ns3:cad>
          </ns3:TrackPointExtension>
        </extensions>
      </trkpt>
      <trkpt lat="35.5535030923783779144287109375" lon="134.8204916529357433319091796875">
        <ele>4.19999980926513671875</ele>
        <time>2026-08-01T08:32:21.000Z</time>
        <extensions>
          <ns3:TrackPointExtension>
            <ns3:atemp>33.0</ns3:atemp>
            <ns3:hr>155</ns3:hr>
            <ns3:cad>83</ns3:cad>
          </ns3:TrackPointExtension>
        </extensions>
      </trkpt>
      <trkpt lat="35.55353569798171520233154296875" lon="134.82049307785928249359130859375">
        <ele>4.400000095367431640625</ele>
        <time>2026-08-01T08:32:22.000Z</time>
        <extensions>
          <ns3:TrackPointExtension>
            <ns3:atemp>33.0</ns3:atemp>
            <ns3:hr>155</ns3:hr>
            <ns3:cad>83</ns3:cad>
          </ns3:TrackPointExtension>
        </extensions>
      </trkpt>
      <trkpt lat="35.55355422198772430419921875" lon="134.820494838058948516845703125">
        <ele>4.400000095367431640625</ele>
        <time>2026-08-01T08:32:23.000Z</time>
        <extensions>
          <ns3:TrackPointExtension>
            <ns3:atemp>33.0</ns3:atemp>
            <ns3:hr>155</ns3:hr>
            <ns3:cad>83</ns3:cad>
          </ns3:TrackPointExtension>
        </extensions>
      </trkpt>
      <trkpt lat="35.5535781942307949066162109375" lon="134.8204973526298999786376953125">
        <ele>4.400000095367431640625</ele>
        <time>2026-08-01T08:32:24.000Z</time>
        <extensions>
          <ns3:TrackPointExtension>
            <ns3:atemp>33.0</ns3:atemp>
            <ns3:hr>154</ns3:hr>
            <ns3:cad>83</ns3:cad>
          </ns3:TrackPointExtension>
        </extensions>
      </trkpt>
      <trkpt lat="35.55360392667353153228759765625" lon="134.82050179503858089447021484375">
        <ele>4.400000095367431640625</ele>
        <time>2026-08-01T08:32:25.000Z</time>
        <extensions>
          <ns3:TrackPointExtension>
            <ns3:atemp>34.0</ns3:atemp>
            <ns3:hr>155</ns3:hr>
            <ns3:cad>83</ns3:cad>
          </ns3:TrackPointExtension>
        </extensions>
      </trkpt>
      <trkpt lat="35.55362018756568431854248046875" lon="134.820497520267963409423828125">
        <ele>4.400000095367431640625</ele>
        <time>2026-08-01T08:32:26.000Z</time>
        <extensions>
          <ns3:TrackPointExtension>
            <ns3:atemp>34.0</ns3:atemp>
            <ns3:hr>155</ns3:hr>
            <ns3:cad>83</ns3:cad>
          </ns3:TrackPointExtension>
        </extensions>
      </trkpt>
      <trkpt lat="35.553649105131626129150390625" lon="134.820508249104022979736328125">
        <ele>4.400000095367431640625</ele>
        <time>2026-08-01T08:32:27.000Z</time>
        <extensions>
          <ns3:TrackPointExtension>
            <ns3:atemp>33.0</ns3:atemp>
            <ns3:hr>155</ns3:hr>
            <ns3:cad>83</ns3:cad>
          </ns3:TrackPointExtension>
        </extensions>
      </trkpt>
      <trkpt lat="35.55367466993629932403564453125" lon="134.82052040286362171173095703125">
        <ele>4.400000095367431640625</ele>
        <time>2026-08-01T08:32:28.000Z</time>
        <extensions>
          <ns3:TrackPointExtension>
            <ns3:atemp>33.0</ns3:atemp>
            <ns3:hr>155</ns3:hr>
            <ns3:cad>82</ns3:cad>
          </ns3:TrackPointExtension>
        </extensions>
      </trkpt>
      <trkpt lat="35.55369260720908641815185546875" lon="134.820520989596843719482421875">
        <ele>4.400000095367431640625</ele>
        <time>2026-08-01T08:32:29.000Z</time>
        <extensions>
          <ns3:TrackPointExtension>
            <ns3:atemp>33.0</ns3:atemp>
            <ns3:hr>155</ns3:hr>
            <ns3:cad>82</ns3:cad>
          </ns3:TrackPointExtension>
        </extensions>
      </trkpt>
      <trkpt lat="35.55371808819472789764404296875" lon="134.82052224688231945037841796875">
        <ele>4.400000095367431640625</ele>
        <time>2026-08-01T08:32:30.000Z</time>
        <extensions>
          <ns3:TrackPointExtension>
            <ns3:atemp>33.0</ns3:atemp>
            <ns3:hr>155</ns3:hr>
            <ns3:cad>82</ns3:cad>
          </ns3:TrackPointExtension>
        </extensions>
      </trkpt>
      <trkpt lat="35.553736947476863861083984375" lon="134.820520989596843719482421875">
        <ele>4.400000095367431640625</ele>
        <time>2026-08-01T08:32:31.000Z</time>
        <extensions>
          <ns3:TrackPointExtension>
            <ns3:atemp>33.0</ns3:atemp>
            <ns3:hr>156</ns3:hr>
            <ns3:cad>82</ns3:cad>
          </ns3:TrackPointExtension>
        </extensions>
      </trkpt>
      <trkpt lat="35.5537632666528224945068359375" lon="134.82052526436746120452880859375">
        <ele>4.19999980926513671875</ele>
        <time>2026-08-01T08:32:32.000Z</time>
        <extensions>
          <ns3:TrackPointExtension>
            <ns3:atemp>33.0</ns3:atemp>
            <ns3:hr>156</ns3:hr>
            <ns3:cad>82</ns3:cad>
          </ns3:TrackPointExtension>
        </extensions>
      </trkpt>
      <trkpt lat="35.55379092693328857421875" lon="134.82053649611771106719970703125">
        <ele>4.19999980926513671875</ele>
        <time>2026-08-01T08:32:33.000Z</time>
        <extensions>
          <ns3:TrackPointExtension>
            <ns3:atemp>33.0</ns3:atemp>
            <ns3:hr>156</ns3:hr>
            <ns3:cad>82</ns3:cad>
          </ns3:TrackPointExtension>
        </extensions>
      </trkpt>
      <trkpt lat="35.55381439626216888427734375" lon="134.8205338977277278900146484375">
        <ele>4.19999980926513671875</ele>
        <time>2026-08-01T08:32:34.000Z</time>
        <extensions>
          <ns3:TrackPointExtension>
            <ns3:atemp>33.0</ns3:atemp>
            <ns3:hr>156</ns3:hr>
            <ns3:cad>82</ns3:cad>
          </ns3:TrackPointExtension>
        </extensions>
      </trkpt>
      <trkpt lat="35.5538447387516498565673828125" lon="134.82053272426128387451171875">
        <ele>4.19999980926513671875</ele>
        <time>2026-08-01T08:32:35.000Z</time>
        <extensions>
          <ns3:TrackPointExtension>
            <ns3:atemp>33.0</ns3:atemp>
            <ns3:hr>155</ns3:hr>
            <ns3:cad>82</ns3:cad>
          </ns3:TrackPointExtension>
        </extensions>
      </trkpt>
      <trkpt lat="35.5538598261773586273193359375" lon="134.82052325271070003509521484375">
        <ele>4.19999980926513671875</ele>
        <time>2026-08-01T08:32:36.000Z</time>
        <extensions>
          <ns3:TrackPointExtension>
            <ns3:atemp>33.0</ns3:atemp>
            <ns3:hr>156</ns3:hr>
            <ns3:cad>82</ns3:cad>
          </ns3:TrackPointExtension>
        </extensions>
      </trkpt>
      <trkpt lat="35.5538873188197612762451171875" lon="134.82051352970302104949951171875">
        <ele>4.19999980926513671875</ele>
        <time>2026-08-01T08:32:37.000Z</time>
        <extensions>
          <ns3:TrackPointExtension>
            <ns3:atemp>33.0</ns3:atemp>
            <ns3:hr>156</ns3:hr>
            <ns3:cad>82</ns3:cad>
          </ns3:TrackPointExtension>
        </extensions>
      </trkpt>
      <trkpt lat="35.5539067648351192474365234375" lon="134.82049324549734592437744140625">
        <ele>4.19999980926513671875</ele>
        <time>2026-08-01T08:32:38.000Z</time>
        <extensions>
          <ns3:TrackPointExtension>
            <ns3:atemp>33.0</ns3:atemp>
            <ns3:hr>156</ns3:hr>
            <ns3:cad>82</ns3:cad>
          </ns3:TrackPointExtension>
        </extensions>
      </trkpt>
      <trkpt lat="35.55391975678503513336181640625" lon="134.82048218138515949249267578125">
        <ele>4.19999980926513671875</ele>
        <time>2026-08-01T08:32:39.000Z</time>
        <extensions>
          <ns3:TrackPointExtension>
            <ns3:atemp>33.0</ns3:atemp>
            <ns3:hr>156</ns3:hr>
            <ns3:cad>83</ns3:cad>
          </ns3:TrackPointExtension>
        </extensions>
      </trkpt>
      <trkpt lat="35.55394473485648632049560546875" lon="134.8204678483307361602783203125">
        <ele>4.19999980926513671875</ele>
        <time>2026-08-01T08:32:40.000Z</time>
        <extensions>
          <ns3:TrackPointExtension>
            <ns3:atemp>33.0</ns3:atemp>
            <ns3:hr>156</ns3:hr>
            <ns3:cad>83</ns3:cad>
          </ns3:TrackPointExtension>
        </extensions>
      </trkpt>
      <trkpt lat="35.55396317504346370697021484375" lon="134.8204614780843257904052734375">
        <ele>4.19999980926513671875</ele>
        <time>2026-08-01T08:32:41.000Z</time>
        <extensions>
          <ns3:TrackPointExtension>
            <ns3:atemp>33.0</ns3:atemp>
            <ns3:hr>156</ns3:hr>
            <ns3:cad>83</ns3:cad>
          </ns3:TrackPointExtension>
        </extensions>
      </trkpt>
      <trkpt lat="35.55397893302142620086669921875" lon="134.8204564489424228668212890625">
        <ele>4.19999980926513671875</ele>
        <time>2026-08-01T08:32:42.000Z</time>
        <extensions>
          <ns3:TrackPointExtension>
            <ns3:atemp>33.0</ns3:atemp>
            <ns3:hr>156</ns3:hr>
            <ns3:cad>83</ns3:cad>
          </ns3:TrackPointExtension>
        </extensions>
      </trkpt>
      <trkpt lat="35.55400550365447998046875" lon="134.8204390145838260650634765625">
        <ele>4.19999980926513671875</ele>
        <time>2026-08-01T08:32:43.000Z</time>
        <extensions>
          <ns3:TrackPointExtension>
            <ns3:atemp>33.0</ns3:atemp>
            <ns3:hr>156</ns3:hr>
            <ns3:cad>83</ns3:cad>
          </ns3:TrackPointExtension>
        </extensions>
      </trkpt>
      <trkpt lat="35.55402738042175769805908203125" lon="134.82042677700519561767578125">
        <ele>4.19999980926513671875</ele>
        <time>2026-08-01T08:32:44.000Z</time>
        <extensions>
          <ns3:TrackPointExtension>
            <ns3:atemp>34.0</ns3:atemp>
            <ns3:hr>156</ns3:hr>
            <ns3:cad>81</ns3:cad>
          </ns3:TrackPointExtension>
        </extensions>
      </trkpt>
      <trkpt lat="35.55404716171324253082275390625" lon="134.820415712893009185791015625">
        <ele>4.19999980926513671875</ele>
        <time>2026-08-01T08:32:45.000Z</time>
        <extensions>
          <ns3:TrackPointExtension>
            <ns3:atemp>33.0</ns3:atemp>
            <ns3:hr>156</ns3:hr>
            <ns3:cad>81</ns3:cad>
          </ns3:TrackPointExtension>
        </extensions>
      </trkpt>
      <trkpt lat="35.5540683679282665252685546875" lon="134.82039266265928745269775390625">
        <ele>4</ele>
        <time>2026-08-01T08:32:46.000Z</time>
        <extensions>
          <ns3:TrackPointExtension>
            <ns3:atemp>33.0</ns3:atemp>
            <ns3:hr>156</ns3:hr>
            <ns3:cad>82</ns3:cad>
          </ns3:TrackPointExtension>
        </extensions>
      </trkpt>
      <trkpt lat="35.5540819466114044189453125" lon="134.8203726299107074737548828125">
        <ele>4</ele>
        <time>2026-08-01T08:32:47.000Z</time>
        <extensions>
          <ns3:TrackPointExtension>
            <ns3:atemp>33.0</ns3:atemp>
            <ns3:hr>156</ns3:hr>
            <ns3:cad>82</ns3:cad>
          </ns3:TrackPointExtension>
        </extensions>
      </trkpt>
      <trkpt lat="35.5541099421679973602294921875" lon="134.82035678811371326446533203125">
        <ele>4.19999980926513671875</ele>
        <time>2026-08-01T08:32:48.000Z</time>
        <extensions>
          <ns3:TrackPointExtension>
            <ns3:atemp>34.0</ns3:atemp>
            <ns3:hr>156</ns3:hr>
            <ns3:cad>82</ns3:cad>
          </ns3:TrackPointExtension>
        </extensions>
      </trkpt>
      <trkpt lat="35.55413433350622653961181640625" lon="134.82033767737448215484619140625">
        <ele>4.19999980926513671875</ele>
        <time>2026-08-01T08:32:49.000Z</time>
        <extensions>
          <ns3:TrackPointExtension>
            <ns3:atemp>33.0</ns3:atemp>
            <ns3:hr>156</ns3:hr>
            <ns3:cad>81</ns3:cad>
          </ns3:TrackPointExtension>
        </extensions>
      </trkpt>
      <trkpt lat="35.55415109731256961822509765625" lon="134.82031680643558502197265625">
        <ele>4.19999980926513671875</ele>
        <time>2026-08-01T08:32:50.000Z</time>
        <extensions>
          <ns3:TrackPointExtension>
            <ns3:atemp>33.0</ns3:atemp>
            <ns3:hr>155</ns3:hr>
            <ns3:cad>81</ns3:cad>
          </ns3:TrackPointExtension>
        </extensions>
      </trkpt>
      <trkpt lat="35.5541766621172428131103515625" lon="134.82029266655445098876953125">
        <ele>4.19999980926513671875</ele>
        <time>2026-08-01T08:32:51.000Z</time>
        <extensions>
          <ns3:TrackPointExtension>
            <ns3:atemp>33.0</ns3:atemp>
            <ns3:hr>155</ns3:hr>
            <ns3:cad>82</ns3:cad>
          </ns3:TrackPointExtension>
        </extensions>
      </trkpt>
      <trkpt lat="35.55419149808585643768310546875" lon="134.82027657330036163330078125">
        <ele>4.19999980926513671875</ele>
        <time>2026-08-01T08:32:52.000Z</time>
        <extensions>
          <ns3:TrackPointExtension>
            <ns3:atemp>33.0</ns3:atemp>
            <ns3:hr>155</ns3:hr>
            <ns3:cad>82</ns3:cad>
          </ns3:TrackPointExtension>
        </extensions>
      </trkpt>
      <trkpt lat="35.55421362631022930145263671875" lon="134.82025444507598876953125">
        <ele>4.19999980926513671875</ele>
        <time>2026-08-01T08:32:53.000Z</time>
        <extensions>
          <ns3:TrackPointExtension>
            <ns3:atemp>33.0</ns3:atemp>
            <ns3:hr>155</ns3:hr>
            <ns3:cad>82</ns3:cad>
          </ns3:TrackPointExtension>
        </extensions>
      </trkpt>
      <trkpt lat="35.55423575453460216522216796875" lon="134.8202308081090450286865234375">
        <ele>4.19999980926513671875</ele>
        <time>2026-08-01T08:32:54.000Z</time>
        <extensions>
          <ns3:TrackPointExtension>
            <ns3:atemp>34.0</ns3:atemp>
            <ns3:hr>155</ns3:hr>
            <ns3:cad>83</ns3:cad>
          </ns3:TrackPointExtension>
        </extensions>
      </trkpt>
      <trkpt lat="35.5542480759322643280029296875" lon="134.820213876664638519287109375">
        <ele>4</ele>
        <time>2026-08-01T08:32:55.000Z</time>
        <extensions>
          <ns3:TrackPointExtension>
            <ns3:atemp>33.0</ns3:atemp>
            <ns3:hr>156</ns3:hr>
            <ns3:cad>83</ns3:cad>
          </ns3:TrackPointExtension>
        </extensions>
      </trkpt>
      <trkpt lat="35.55427313782274723052978515625" lon="134.820197112858295440673828125">
        <ele>4.19999980926513671875</ele>
        <time>2026-08-01T08:32:56.000Z</time>
        <extensions>
          <ns3:TrackPointExtension>
            <ns3:atemp>34.0</ns3:atemp>
            <ns3:hr>156</ns3:hr>
            <ns3:cad>83</ns3:cad>
          </ns3:TrackPointExtension>
        </extensions>
      </trkpt>
      <trkpt lat="35.55429048836231231689453125" lon="134.82018806040287017822265625">
        <ele>4.19999980926513671875</ele>
        <time>2026-08-01T08:32:57.000Z</time>
        <extensions>
          <ns3:TrackPointExtension>
            <ns3:atemp>34.0</ns3:atemp>
            <ns3:hr>157</ns3:hr>
            <ns3:cad>82</ns3:cad>
          </ns3:TrackPointExtension>
        </extensions>
      </trkpt>
      <trkpt lat="35.5543090961873531341552734375" lon="134.8201724700629711151123046875">
        <ele>4.19999980926513671875</ele>
        <time>2026-08-01T08:32:58.000Z</time>
        <extensions>
          <ns3:TrackPointExtension>
            <ns3:atemp>34.0</ns3:atemp>
            <ns3:hr>157</ns3:hr>
            <ns3:cad>82</ns3:cad>
          </ns3:TrackPointExtension>
        </extensions>
      </trkpt>
      <trkpt lat="35.5543335713446140289306640625" lon="134.82014925219118595123291015625">
        <ele>4.19999980926513671875</ele>
        <time>2026-08-01T08:32:59.000Z</time>
        <extensions>
          <ns3:TrackPointExtension>
            <ns3:atemp>34.0</ns3:atemp>
            <ns3:hr>157</ns3:hr>
            <ns3:cad>82</ns3:cad>
          </ns3:TrackPointExtension>
        </extensions>
      </trkpt>
      <trkpt lat="35.5543510057032108306884765625" lon="134.82013030909001827239990234375">
        <ele>4.19999980926513671875</ele>
        <time>2026-08-01T08:33:00.000Z</time>
        <extensions>
          <ns3:TrackPointExtension>
            <ns3:atemp>34.0</ns3:atemp>
            <ns3:hr>157</ns3:hr>
            <ns3:cad>82</ns3:cad>
          </ns3:TrackPointExtension>
        </extensions>
      </trkpt>
      <trkpt lat="35.554372631013393402099609375" lon="134.82010683976113796234130859375">
        <ele>4.19999980926513671875</ele>
        <time>2026-08-01T08:33:01.000Z</time>
        <extensions>
          <ns3:TrackPointExtension>
            <ns3:atemp>33.0</ns3:atemp>
            <ns3:hr>158</ns3:hr>
            <ns3:cad>82</ns3:cad>
          </ns3:TrackPointExtension>
        </extensions>
      </trkpt>
      <trkpt lat="35.5543922446668148040771484375" lon="134.82008471153676509857177734375">
        <ele>4.19999980926513671875</ele>
        <time>2026-08-01T08:33:02.000Z</time>
        <extensions>
          <ns3:TrackPointExtension>
            <ns3:atemp>34.0</ns3:atemp>
            <ns3:hr>158</ns3:hr>
            <ns3:cad>82</ns3:cad>
          </ns3:TrackPointExtension>
        </extensions>
      </trkpt>
      <trkpt lat="35.5544076673686504364013671875" lon="134.82007163576781749725341796875">
        <ele>4.19999980926513671875</ele>
        <time>2026-08-01T08:33:03.000Z</time>
        <extensions>
          <ns3:TrackPointExtension>
            <ns3:atemp>33.0</ns3:atemp>
            <ns3:hr>157</ns3:hr>
            <ns3:cad>82</ns3:cad>
          </ns3:TrackPointExtension>
        </extensions>
      </trkpt>
      <trkpt lat="35.5544314719736576080322265625" lon="134.82004481367766857147216796875">
        <ele>4.19999980926513671875</ele>
        <time>2026-08-01T08:33:04.000Z</time>
        <extensions>
          <ns3:TrackPointExtension>
            <ns3:atemp>33.0</ns3:atemp>
            <ns3:hr>158</ns3:hr>
            <ns3:cad>83</ns3:cad>
          </ns3:TrackPointExtension>
        </extensions>
      </trkpt>
      <trkpt lat="35.5544507503509521484375" lon="134.82003785669803619384765625">
        <ele>4.400000095367431640625</ele>
        <time>2026-08-01T08:33:05.000Z</time>
        <extensions>
          <ns3:TrackPointExtension>
            <ns3:atemp>33.0</ns3:atemp>
            <ns3:hr>158</ns3:hr>
            <ns3:cad>83</ns3:cad>
          </ns3:TrackPointExtension>
        </extensions>
      </trkpt>
      <trkpt lat="35.5544708669185638427734375" lon="134.82001614756882190704345703125">
        <ele>4.19999980926513671875</ele>
        <time>2026-08-01T08:33:06.000Z</time>
        <extensions>
          <ns3:TrackPointExtension>
            <ns3:atemp>33.0</ns3:atemp>
            <ns3:hr>158</ns3:hr>
            <ns3:cad>83</ns3:cad>
          </ns3:TrackPointExtension>
        </extensions>
      </trkpt>
      <trkpt lat="35.5544941686093807220458984375" lon="134.81998899020254611968994140625">
        <ele>4.19999980926513671875</ele>
        <time>2026-08-01T08:33:07.000Z</time>
        <extensions>
          <ns3:TrackPointExtension>
            <ns3:atemp>33.0</ns3:atemp>
            <ns3:hr>159</ns3:hr>
            <ns3:cad>82</ns3:cad>
          </ns3:TrackPointExtension>
        </extensions>
      </trkpt>
      <trkpt lat="35.55450649000704288482666015625" lon="134.819974489510059356689453125">
        <ele>4.19999980926513671875</ele>
        <time>2026-08-01T08:33:08.000Z</time>
        <extensions>
          <ns3:TrackPointExtension>
            <ns3:atemp>33.0</ns3:atemp>
            <ns3:hr>159</ns3:hr>
            <ns3:cad>82</ns3:cad>
          </ns3:TrackPointExtension>
        </extensions>
      </trkpt>
      <trkpt lat="35.5545270256698131561279296875" lon="134.81995563022792339324951171875">
        <ele>4.19999980926513671875</ele>
        <time>2026-08-01T08:33:09.000Z</time>
        <extensions>
          <ns3:TrackPointExtension>
            <ns3:atemp>34.0</ns3:atemp>
            <ns3:hr>159</ns3:hr>
            <ns3:cad>82</ns3:cad>
          </ns3:TrackPointExtension>
        </extensions>
      </trkpt>
      <trkpt lat="35.55455041117966175079345703125" lon="134.8199394531548023223876953125">
        <ele>4.19999980926513671875</ele>
        <time>2026-08-01T08:33:10.000Z</time>
        <extensions>
          <ns3:TrackPointExtension>
            <ns3:atemp>33.0</ns3:atemp>
            <ns3:hr>159</ns3:hr>
            <ns3:cad>82</ns3:cad>
          </ns3:TrackPointExtension>
        </extensions>
      </trkpt>
      <trkpt lat="35.5545625649392604827880859375" lon="134.81992512010037899017333984375">
        <ele>4.19999980926513671875</ele>
        <time>2026-08-01T08:33:11.000Z</time>
        <extensions>
          <ns3:TrackPointExtension>
            <ns3:atemp>33.0</ns3:atemp>
            <ns3:hr>158</ns3:hr>
            <ns3:cad>82</ns3:cad>
          </ns3:TrackPointExtension>
        </extensions>
      </trkpt>
      <trkpt lat="35.554587207734584808349609375" lon="134.8199062608182430267333984375">
        <ele>4.19999980926513671875</ele>
        <time>2026-08-01T08:33:12.000Z</time>
        <extensions>
          <ns3:TrackPointExtension>
            <ns3:atemp>33.0</ns3:atemp>
            <ns3:hr>159</ns3:hr>
            <ns3:cad>82</ns3:cad>
          </ns3:TrackPointExtension>
        </extensions>
      </trkpt>
      <trkpt lat="35.554602630436420440673828125" lon="134.81989662162959575653076171875">
        <ele>4.19999980926513671875</ele>
        <time>2026-08-01T08:33:13.000Z</time>
        <extensions>
          <ns3:TrackPointExtension>
            <ns3:atemp>34.0</ns3:atemp>
            <ns3:hr>159</ns3:hr>
            <ns3:cad>82</ns3:cad>
          </ns3:TrackPointExtension>
        </extensions>
      </trkpt>
      <trkpt lat="35.55461511947214603424072265625" lon="134.81987834908068180084228515625">
        <ele>4.19999980926513671875</ele>
        <time>2026-08-01T08:33:14.000Z</time>
        <extensions>
          <ns3:TrackPointExtension>
            <ns3:atemp>33.0</ns3:atemp>
            <ns3:hr>159</ns3:hr>
            <ns3:cad>82</ns3:cad>
          </ns3:TrackPointExtension>
        </extensions>
      </trkpt>
      <trkpt lat="35.55463657714426517486572265625" lon="134.81985404156148433685302734375">
        <ele>4.400000095367431640625</ele>
        <time>2026-08-01T08:33:15.000Z</time>
        <extensions>
          <ns3:TrackPointExtension>
            <ns3:atemp>33.0</ns3:atemp>
            <ns3:hr>158</ns3:hr>
            <ns3:cad>82</ns3:cad>
          </ns3:TrackPointExtension>
        </extensions>
      </trkpt>
      <trkpt lat="35.55465032346546649932861328125" lon="134.8198355175554752349853515625">
        <ele>4.19999980926513671875</ele>
        <time>2026-08-01T08:33:16.000Z</time>
        <extensions>
          <ns3:TrackPointExtension>
            <ns3:atemp>33.0</ns3:atemp>
            <ns3:hr>159</ns3:hr>
            <ns3:cad>82</ns3:cad>
          </ns3:TrackPointExtension>
        </extensions>
      </trkpt>
      <trkpt lat="35.55467396043241024017333984375" lon="134.81981397606432437896728515625">
        <ele>4.19999980926513671875</ele>
        <time>2026-08-01T08:33:17.000Z</time>
        <extensions>
          <ns3:TrackPointExtension>
            <ns3:atemp>34.0</ns3:atemp>
            <ns3:hr>159</ns3:hr>
            <ns3:cad>82</ns3:cad>
          </ns3:TrackPointExtension>
        </extensions>
      </trkpt>
      <trkpt lat="35.55469457991421222686767578125" lon="134.8197959549725055694580078125">
        <ele>4.19999980926513671875</ele>
        <time>2026-08-01T08:33:18.000Z</time>
        <extensions>
          <ns3:TrackPointExtension>
            <ns3:atemp>33.0</ns3:atemp>
            <ns3:hr>159</ns3:hr>
            <ns3:cad>83</ns3:cad>
          </ns3:TrackPointExtension>
        </extensions>
      </trkpt>
      <trkpt lat="35.55470497347414493560791015625" lon="134.81977608986198902130126953125">
        <ele>4.19999980926513671875</ele>
        <time>2026-08-01T08:33:19.000Z</time>
        <extensions>
          <ns3:TrackPointExtension>
            <ns3:atemp>33.0</ns3:atemp>
            <ns3:hr>159</ns3:hr>
            <ns3:cad>83</ns3:cad>
          </ns3:TrackPointExtension>
        </extensions>
      </trkpt>
      <trkpt lat="35.5547283589839935302734375" lon="134.81975295580923557281494140625">
        <ele>4.19999980926513671875</ele>
        <time>2026-08-01T08:33:20.000Z</time>
        <extensions>
          <ns3:TrackPointExtension>
            <ns3:atemp>34.0</ns3:atemp>
            <ns3:hr>159</ns3:hr>
            <ns3:cad>82</ns3:cad>
          </ns3:TrackPointExtension>
        </extensions>
      </trkpt>
      <trkpt lat="35.5547459609806537628173828125" lon="134.81974189169704914093017578125">
        <ele>4.19999980926513671875</ele>
        <time>2026-08-01T08:33:21.000Z</time>
        <extensions>
          <ns3:TrackPointExtension>
            <ns3:atemp>34.0</ns3:atemp>
            <ns3:hr>159</ns3:hr>
            <ns3:cad>82</ns3:cad>
          </ns3:TrackPointExtension>
        </extensions>
      </trkpt>
      <trkpt lat="35.55476314388215541839599609375" lon="134.819722361862659454345703125">
        <ele>4.19999980926513671875</ele>
        <time>2026-08-01T08:33:22.000Z</time>
        <extensions>
          <ns3:TrackPointExtension>
            <ns3:atemp>33.0</ns3:atemp>
            <ns3:hr>159</ns3:hr>
            <ns3:cad>82</ns3:cad>
          </ns3:TrackPointExtension>
        </extensions>
      </trkpt>
      <trkpt lat="35.55478778667747974395751953125" lon="134.81969931162893772125244140625">
        <ele>4.19999980926513671875</ele>
        <time>2026-08-01T08:33:23.000Z</time>
        <extensions>
          <ns3:TrackPointExtension>
            <ns3:atemp>34.0</ns3:atemp>
            <ns3:hr>159</ns3:hr>
            <ns3:cad>82</ns3:cad>
          </ns3:TrackPointExtension>
        </extensions>
      </trkpt>
      <trkpt lat="35.5547996051609516143798828125" lon="134.8196836374700069427490234375">
        <ele>4.19999980926513671875</ele>
        <time>2026-08-01T08:33:24.000Z</time>
        <extensions>
          <ns3:TrackPointExtension>
            <ns3:atemp>33.0</ns3:atemp>
            <ns3:hr>158</ns3:hr>
            <ns3:cad>83</ns3:cad>
          </ns3:TrackPointExtension>
        </extensions>
      </trkpt>
      <trkpt lat="35.55482181720435619354248046875" lon="134.81966628693044185638427734375">
        <ele>4.400000095367431640625</ele>
        <time>2026-08-01T08:33:25.000Z</time>
        <extensions>
          <ns3:TrackPointExtension>
            <ns3:atemp>33.0</ns3:atemp>
            <ns3:hr>159</ns3:hr>
            <ns3:cad>83</ns3:cad>
          </ns3:TrackPointExtension>
        </extensions>
      </trkpt>
      <trkpt lat="35.55484260432422161102294921875" lon="134.8196487687528133392333984375">
        <ele>4.400000095367431640625</ele>
        <time>2026-08-01T08:33:26.000Z</time>
        <extensions>
          <ns3:TrackPointExtension>
            <ns3:atemp>33.0</ns3:atemp>
            <ns3:hr>159</ns3:hr>
            <ns3:cad>83</ns3:cad>
          </ns3:TrackPointExtension>
        </extensions>
      </trkpt>
      <trkpt lat="35.55485517717897891998291015625" lon="134.81963058002293109893798828125">
        <ele>4.599999904632568359375</ele>
        <time>2026-08-01T08:33:27.000Z</time>
        <extensions>
          <ns3:TrackPointExtension>
            <ns3:atemp>33.0</ns3:atemp>
            <ns3:hr>158</ns3:hr>
            <ns3:cad>82</ns3:cad>
          </ns3:TrackPointExtension>
        </extensions>
      </trkpt>
      <trkpt lat="35.55487814359366893768310546875" lon="134.81961281038820743560791015625">
        <ele>4.599999904632568359375</ele>
        <time>2026-08-01T08:33:28.000Z</time>
        <extensions>
          <ns3:TrackPointExtension>
            <ns3:atemp>33.0</ns3:atemp>
            <ns3:hr>159</ns3:hr>
            <ns3:cad>82</ns3:cad>
          </ns3:TrackPointExtension>
        </extensions>
      </trkpt>
      <trkpt lat="35.5548934824764728546142578125" lon="134.81960107572376728057861328125">
        <ele>4.599999904632568359375</ele>
        <time>2026-08-01T08:33:29.000Z</time>
        <extensions>
          <ns3:TrackPointExtension>
            <ns3:atemp>33.0</ns3:atemp>
            <ns3:hr>159</ns3:hr>
            <ns3:cad>82</ns3:cad>
          </ns3:TrackPointExtension>
        </extensions>
      </trkpt>
      <trkpt lat="35.554911755025386810302734375" lon="134.8195817135274410247802734375">
        <ele>4.400000095367431640625</ele>
        <time>2026-08-01T08:33:30.000Z</time>
        <extensions>
          <ns3:TrackPointExtension>
            <ns3:atemp>33.0</ns3:atemp>
            <ns3:hr>158</ns3:hr>
            <ns3:cad>82</ns3:cad>
          </ns3:TrackPointExtension>
        </extensions>
      </trkpt>
      <trkpt lat="35.554931201040744781494140625" lon="134.8195562325417995452880859375">
        <ele>4.400000095367431640625</ele>
        <time>2026-08-01T08:33:31.000Z</time>
        <extensions>
          <ns3:TrackPointExtension>
            <ns3:atemp>33.0</ns3:atemp>
            <ns3:hr>158</ns3:hr>
            <ns3:cad>83</ns3:cad>
          </ns3:TrackPointExtension>
        </extensions>
      </trkpt>
      <trkpt lat="35.5549404211342334747314453125" lon="134.819538630545139312744140625">
        <ele>4.400000095367431640625</ele>
        <time>2026-08-01T08:33:32.000Z</time>
        <extensions>
          <ns3:TrackPointExtension>
            <ns3:atemp>33.0</ns3:atemp>
            <ns3:hr>158</ns3:hr>
            <ns3:cad>83</ns3:cad>
          </ns3:TrackPointExtension>
        </extensions>
      </trkpt>
      <trkpt lat="35.5549657344818115234375" lon="134.8195190168917179107666015625">
        <ele>4.400000095367431640625</ele>
        <time>2026-08-01T08:33:33.000Z</time>
        <extensions>
          <ns3:TrackPointExtension>
            <ns3:atemp>33.0</ns3:atemp>
            <ns3:hr>159</ns3:hr>
            <ns3:cad>83</ns3:cad>
          </ns3:TrackPointExtension>
        </extensions>
      </trkpt>
      <trkpt lat="35.55498610250651836395263671875" lon="134.81950141489505767822265625">
        <ele>4.400000095367431640625</ele>
        <time>2026-08-01T08:33:34.000Z</time>
        <extensions>
          <ns3:TrackPointExtension>
            <ns3:atemp>33.0</ns3:atemp>
            <ns3:hr>159</ns3:hr>
            <ns3:cad>82</ns3:cad>
          </ns3:TrackPointExtension>
        </extensions>
      </trkpt>
      <trkpt lat="35.55499934591352939605712890625" lon="134.81947769410908222198486328125">
        <ele>4.599999904632568359375</ele>
        <time>2026-08-01T08:33:35.000Z</time>
        <extensions>
          <ns3:TrackPointExtension>
            <ns3:atemp>33.0</ns3:atemp>
            <ns3:hr>159</ns3:hr>
            <ns3:cad>82</ns3:cad>
          </ns3:TrackPointExtension>
        </extensions>
      </trkpt>
      <trkpt lat="35.55502717383205890655517578125" lon="134.8194509558379650115966796875">
        <ele>4.599999904632568359375</ele>
        <time>2026-08-01T08:33:36.000Z</time>
        <extensions>
          <ns3:TrackPointExtension>
            <ns3:atemp>33.0</ns3:atemp>
            <ns3:hr>159</ns3:hr>
            <ns3:cad>81</ns3:cad>
          </ns3:TrackPointExtension>
        </extensions>
      </trkpt>
      <trkpt lat="35.55504745803773403167724609375" lon="134.8194435797631740570068359375">
        <ele>4.599999904632568359375</ele>
        <time>2026-08-01T08:33:37.000Z</time>
        <extensions>
          <ns3:TrackPointExtension>
            <ns3:atemp>33.0</ns3:atemp>
            <ns3:hr>159</ns3:hr>
            <ns3:cad>83</ns3:cad>
          </ns3:TrackPointExtension>
        </extensions>
      </trkpt>
      <trkpt lat="35.55506824515759944915771484375" lon="134.819426648318767547607421875">
        <ele>4.599999904632568359375</ele>
        <time>2026-08-01T08:33:38.000Z</time>
        <extensions>
          <ns3:TrackPointExtension>
            <ns3:atemp>33.0</ns3:atemp>
            <ns3:hr>159</ns3:hr>
            <ns3:cad>83</ns3:cad>
          </ns3:TrackPointExtension>
        </extensions>
      </trkpt>
      <trkpt lat="35.55509070865809917449951171875" lon="134.81940577737987041473388671875">
        <ele>4.599999904632568359375</ele>
        <time>2026-08-01T08:33:39.000Z</time>
        <extensions>
          <ns3:TrackPointExtension>
            <ns3:atemp>33.0</ns3:atemp>
            <ns3:hr>158</ns3:hr>
            <ns3:cad>83</ns3:cad>
          </ns3:TrackPointExtension>
        </extensions>
      </trkpt>
      <trkpt lat="35.55510210804641246795654296875" lon="134.81939068995416164398193359375">
        <ele>4.400000095367431640625</ele>
        <time>2026-08-01T08:33:40.000Z</time>
        <extensions>
          <ns3:TrackPointExtension>
            <ns3:atemp>33.0</ns3:atemp>
            <ns3:hr>158</ns3:hr>
            <ns3:cad>82</ns3:cad>
          </ns3:TrackPointExtension>
        </extensions>
      </trkpt>
      <trkpt lat="35.55513136088848114013671875" lon="134.81937275268137454986572265625">
        <ele>4.400000095367431640625</ele>
        <time>2026-08-01T08:33:41.000Z</time>
        <extensions>
          <ns3:TrackPointExtension>
            <ns3:atemp>33.0</ns3:atemp>
            <ns3:hr>158</ns3:hr>
            <ns3:cad>82</ns3:cad>
          </ns3:TrackPointExtension>
        </extensions>
      </trkpt>
      <trkpt lat="35.55515239946544170379638671875" lon="134.81935364194214344024658203125">
        <ele>4.400000095367431640625</ele>
        <time>2026-08-01T08:33:42.000Z</time>
        <extensions>
          <ns3:TrackPointExtension>
            <ns3:atemp>33.0</ns3:atemp>
            <ns3:hr>159</ns3:hr>
            <ns3:cad>82</ns3:cad>
          </ns3:TrackPointExtension>
        </extensions>
      </trkpt>
      <trkpt lat="35.55516497232019901275634765625" lon="134.81933302246034145355224609375">
        <ele>4.400000095367431640625</ele>
        <time>2026-08-01T08:33:43.000Z</time>
        <extensions>
          <ns3:TrackPointExtension>
            <ns3:atemp>33.0</ns3:atemp>
            <ns3:hr>158</ns3:hr>
            <ns3:cad>82</ns3:cad>
          </ns3:TrackPointExtension>
        </extensions>
      </trkpt>
      <trkpt lat="35.55519045330584049224853515625" lon="134.81930536217987537384033203125">
        <ele>4.400000095367431640625</ele>
        <time>2026-08-01T08:33:44.000Z</time>
        <extensions>
          <ns3:TrackPointExtension>
            <ns3:atemp>33.0</ns3:atemp>
            <ns3:hr>158</ns3:hr>
            <ns3:cad>82</ns3:cad>
          </ns3:TrackPointExtension>
        </extensions>
      </trkpt>
      <trkpt lat="35.5552079714834690093994140625" lon="134.81929899193346500396728515625">
        <ele>4.599999904632568359375</ele>
        <time>2026-08-01T08:33:45.000Z</time>
        <extensions>
          <ns3:TrackPointExtension>
            <ns3:atemp>33.0</ns3:atemp>
            <ns3:hr>158</ns3:hr>
            <ns3:cad>82</ns3:cad>
          </ns3:TrackPointExtension>
        </extensions>
      </trkpt>
      <trkpt lat="35.55522523820400238037109375" lon="134.81928776018321514129638671875">
        <ele>4.599999904632568359375</ele>
        <time>2026-08-01T08:33:46.000Z</time>
        <extensions>
          <ns3:TrackPointExtension>
            <ns3:atemp>33.0</ns3:atemp>
            <ns3:hr>158</ns3:hr>
            <ns3:cad>82</ns3:cad>
          </ns3:TrackPointExtension>
        </extensions>
      </trkpt>
      <trkpt lat="35.5552441813051700592041015625" lon="134.81926412321627140045166015625">
        <ele>4.599999904632568359375</ele>
        <time>2026-08-01T08:33:47.000Z</time>
        <extensions>
          <ns3:TrackPointExtension>
            <ns3:atemp>33.0</ns3:atemp>
            <ns3:hr>157</ns3:hr>
            <ns3:cad>83</ns3:cad>
          </ns3:TrackPointExtension>
        </extensions>
      </trkpt>
      <trkpt lat="35.55525935254991054534912109375" lon="134.819246940314769744873046875">
        <ele>4.80000019073486328125</ele>
        <time>2026-08-01T08:33:48.000Z</time>
        <extensions>
          <ns3:TrackPointExtension>
            <ns3:atemp>33.0</ns3:atemp>
            <ns3:hr>157</ns3:hr>
            <ns3:cad>83</ns3:cad>
          </ns3:TrackPointExtension>
        </extensions>
      </trkpt>
      <trkpt lat="35.55527628399431705474853515625" lon="134.8192347027361392974853515625">
        <ele>4.80000019073486328125</ele>
        <time>2026-08-01T08:33:49.000Z</time>
        <extensions>
          <ns3:TrackPointExtension>
            <ns3:atemp>33.0</ns3:atemp>
            <ns3:hr>157</ns3:hr>
            <ns3:cad>83</ns3:cad>
          </ns3:TrackPointExtension>
        </extensions>
      </trkpt>
      <trkpt lat="35.55528885684907436370849609375" lon="134.81922137551009654998779296875">
        <ele>4.80000019073486328125</ele>
        <time>2026-08-01T08:33:50.000Z</time>
        <extensions>
          <ns3:TrackPointExtension>
            <ns3:atemp>33.0</ns3:atemp>
            <ns3:hr>157</ns3:hr>
            <ns3:cad>82</ns3:cad>
          </ns3:TrackPointExtension>
        </extensions>
      </trkpt>
      <trkpt lat="35.55530360899865627288818359375" lon="134.81920796446502208709716796875">
        <ele>4.80000019073486328125</ele>
        <time>2026-08-01T08:33:51.000Z</time>
        <extensions>
          <ns3:TrackPointExtension>
            <ns3:atemp>33.0</ns3:atemp>
            <ns3:hr>156</ns3:hr>
            <ns3:cad>82</ns3:cad>
          </ns3:TrackPointExtension>
        </extensions>
      </trkpt>
      <trkpt lat="35.5553189478814601898193359375" lon="134.81919430196285247802734375">
        <ele>4.80000019073486328125</ele>
        <time>2026-08-01T08:33:52.000Z</time>
        <extensions>
          <ns3:TrackPointExtension>
            <ns3:atemp>33.0</ns3:atemp>
            <ns3:hr>156</ns3:hr>
            <ns3:cad>81</ns3:cad>
          </ns3:TrackPointExtension>
        </extensions>
      </trkpt>
      <trkpt lat="35.55533361621201038360595703125" lon="134.8191802203655242919921875">
        <ele>4.599999904632568359375</ele>
        <time>2026-08-01T08:33:53.000Z</time>
        <extensions>
          <ns3:TrackPointExtension>
            <ns3:atemp>33.0</ns3:atemp>
            <ns3:hr>156</ns3:hr>
            <ns3:cad>81</ns3:cad>
          </ns3:TrackPointExtension>
        </extensions>
      </trkpt>
      <trkpt lat="35.555354990065097808837890625" lon="134.81914543546736240386962890625">
        <ele>4.599999904632568359375</ele>
        <time>2026-08-01T08:33:54.000Z</time>
        <extensions>
          <ns3:TrackPointExtension>
            <ns3:atemp>33.0</ns3:atemp>
            <ns3:hr>156</ns3:hr>
            <ns3:cad>81</ns3:cad>
          </ns3:TrackPointExtension>
        </extensions>
      </trkpt>
      <trkpt lat="35.5553856678307056427001953125" lon="134.81913185678422451019287109375">
        <ele>4.400000095367431640625</ele>
        <time>2026-08-01T08:33:55.000Z</time>
        <extensions>
          <ns3:TrackPointExtension>
            <ns3:atemp>33.0</ns3:atemp>
            <ns3:hr>156</ns3:hr>
            <ns3:cad>82</ns3:cad>
          </ns3:TrackPointExtension>
        </extensions>
      </trkpt>
      <trkpt lat="35.555404610931873321533203125" lon="134.81911676935851573944091796875">
        <ele>4.19999980926513671875</ele>
        <time>2026-08-01T08:33:56.000Z</time>
        <extensions>
          <ns3:TrackPointExtension>
            <ns3:atemp>33.0</ns3:atemp>
            <ns3:hr>156</ns3:hr>
            <ns3:cad>82</ns3:cad>
          </ns3:TrackPointExtension>
        </extensions>
      </trkpt>
      <trkpt lat="35.555426739156246185302734375" lon="134.81909179128706455230712890625">
        <ele>4.19999980926513671875</ele>
        <time>2026-08-01T08:33:57.000Z</time>
        <extensions>
          <ns3:TrackPointExtension>
            <ns3:atemp>33.0</ns3:atemp>
            <ns3:hr>156</ns3:hr>
            <ns3:cad>82</ns3:cad>
          </ns3:TrackPointExtension>
        </extensions>
      </trkpt>
      <trkpt lat="35.555454231798648834228515625" lon="134.8190663941204547882080078125">
        <ele>4.19999980926513671875</ele>
        <time>2026-08-01T08:33:58.000Z</time>
        <extensions>
          <ns3:TrackPointExtension>
            <ns3:atemp>33.0</ns3:atemp>
            <ns3:hr>155</ns3:hr>
            <ns3:cad>82</ns3:cad>
          </ns3:TrackPointExtension>
        </extensions>
      </trkpt>
      <trkpt lat="35.55547292344272136688232421875" lon="134.81904217042028903961181640625">
        <ele>4.400000095367431640625</ele>
        <time>2026-08-01T08:33:59.000Z</time>
        <extensions>
          <ns3:TrackPointExtension>
            <ns3:atemp>33.0</ns3:atemp>
            <ns3:hr>155</ns3:hr>
            <ns3:cad>82</ns3:cad>
          </ns3:TrackPointExtension>
        </extensions>
      </trkpt>
      <trkpt lat="35.5554963089525699615478515625" lon="134.81902104802429676055908203125">
        <ele>4.400000095367431640625</ele>
        <time>2026-08-01T08:34:00.000Z</time>
        <extensions>
          <ns3:TrackPointExtension>
            <ns3:atemp>33.0</ns3:atemp>
            <ns3:hr>156</ns3:hr>
            <ns3:cad>82</ns3:cad>
          </ns3:TrackPointExtension>
        </extensions>
      </trkpt>
      <trkpt lat="35.55551600642502307891845703125" lon="134.81899875216186046600341796875">
        <ele>4.599999904632568359375</ele>
        <time>2026-08-01T08:34:01.000Z</time>
        <extensions>
          <ns3:TrackPointExtension>
            <ns3:atemp>33.0</ns3:atemp>
            <ns3:hr>156</ns3:hr>
            <ns3:cad>82</ns3:cad>
          </ns3:TrackPointExtension>
        </extensions>
      </trkpt>
      <trkpt lat="35.55553042329847812652587890625" lon="134.81898215599358081817626953125">
        <ele>4.599999904632568359375</ele>
        <time>2026-08-01T08:34:02.000Z</time>
        <extensions>
          <ns3:TrackPointExtension>
            <ns3:atemp>33.0</ns3:atemp>
            <ns3:hr>156</ns3:hr>
            <ns3:cad>81</ns3:cad>
          </ns3:TrackPointExtension>
        </extensions>
      </trkpt>
      <trkpt lat="35.55555439554154872894287109375" lon="134.81895768083631992340087890625">
        <ele>4.599999904632568359375</ele>
        <time>2026-08-01T08:34:03.000Z</time>
        <extensions>
          <ns3:TrackPointExtension>
            <ns3:atemp>33.0</ns3:atemp>
            <ns3:hr>156</ns3:hr>
            <ns3:cad>82</ns3:cad>
          </ns3:TrackPointExtension>
        </extensions>
      </trkpt>
      <trkpt lat="35.55557266809046268463134765625" lon="134.81893974356353282928466796875">
        <ele>4.599999904632568359375</ele>
        <time>2026-08-01T08:34:04.000Z</time>
        <extensions>
          <ns3:TrackPointExtension>
            <ns3:atemp>33.0</ns3:atemp>
            <ns3:hr>156</ns3:hr>
            <ns3:cad>82</ns3:cad>
          </ns3:TrackPointExtension>
        </extensions>
      </trkpt>
      <trkpt lat="35.5555868335068225860595703125" lon="134.8189200460910797119140625">
        <ele>4.599999904632568359375</ele>
        <time>2026-08-01T08:34:05.000Z</time>
        <extensions>
          <ns3:TrackPointExtension>
            <ns3:atemp>33.0</ns3:atemp>
            <ns3:hr>156</ns3:hr>
            <ns3:cad>82</ns3:cad>
          </ns3:TrackPointExtension>
        </extensions>
      </trkpt>
      <trkpt lat="35.55561122484505176544189453125" lon="134.81889967806637287139892578125">
        <ele>4.599999904632568359375</ele>
        <time>2026-08-01T08:34:06.000Z</time>
        <extensions>
          <ns3:TrackPointExtension>
            <ns3:atemp>33.0</ns3:atemp>
            <ns3:hr>156</ns3:hr>
            <ns3:cad>82</ns3:cad>
          </ns3:TrackPointExtension>
        </extensions>
      </trkpt>
      <trkpt lat="35.55561960674822330474853515625" lon="134.81888676993548870086669921875">
        <ele>4.599999904632568359375</ele>
        <time>2026-08-01T08:34:07.000Z</time>
        <extensions>
          <ns3:TrackPointExtension>
            <ns3:atemp>33.0</ns3:atemp>
            <ns3:hr>156</ns3:hr>
            <ns3:cad>82</ns3:cad>
          </ns3:TrackPointExtension>
        </extensions>
      </trkpt>
      <trkpt lat="35.555638633668422698974609375" lon="134.8188662342727184295654296875">
        <ele>4.599999904632568359375</ele>
        <time>2026-08-01T08:34:08.000Z</time>
        <extensions>
          <ns3:TrackPointExtension>
            <ns3:atemp>33.0</ns3:atemp>
            <ns3:hr>156</ns3:hr>
            <ns3:cad>82</ns3:cad>
          </ns3:TrackPointExtension>
        </extensions>
      </trkpt>
      <trkpt lat="35.555659420788288116455078125" lon="134.8188467882573604583740234375">
        <ele>4.599999904632568359375</ele>
        <time>2026-08-01T08:34:09.000Z</time>
        <extensions>
          <ns3:TrackPointExtension>
            <ns3:atemp>33.0</ns3:atemp>
            <ns3:hr>156</ns3:hr>
            <ns3:cad>81</ns3:cad>
          </ns3:TrackPointExtension>
        </extensions>
      </trkpt>
      <trkpt lat="35.55567182600498199462890625" lon="134.818827845156192779541015625">
        <ele>4.599999904632568359375</ele>
        <time>2026-08-01T08:34:10.000Z</time>
        <extensions>
          <ns3:TrackPointExtension>
            <ns3:atemp>33.0</ns3:atemp>
            <ns3:hr>156</ns3:hr>
            <ns3:cad>81</ns3:cad>
          </ns3:TrackPointExtension>
        </extensions>
      </trkpt>
      <trkpt lat="35.55569387041032314300537109375" lon="134.81880110688507556915283203125">
        <ele>4.599999904632568359375</ele>
        <time>2026-08-01T08:34:11.000Z</time>
        <extensions>
          <ns3:TrackPointExtension>
            <ns3:atemp>33.0</ns3:atemp>
            <ns3:hr>156</ns3:hr>
            <ns3:cad>81</ns3:cad>
          </ns3:TrackPointExtension>
        </extensions>
      </trkpt>
      <trkpt lat="35.555712394416332244873046875" lon="134.8187921382486820220947265625">
        <ele>4.400000095367431640625</ele>
        <time>2026-08-01T08:34:12.000Z</time>
        <extensions>
          <ns3:TrackPointExtension>
            <ns3:atemp>33.0</ns3:atemp>
            <ns3:hr>156</ns3:hr>
            <ns3:cad>82</ns3:cad>
          </ns3:TrackPointExtension>
        </extensions>
      </trkpt>
      <trkpt lat="35.555728487670421600341796875" lon="134.81877193786203861236572265625">
        <ele>4.19999980926513671875</ele>
        <time>2026-08-01T08:34:13.000Z</time>
        <extensions>
          <ns3:TrackPointExtension>
            <ns3:atemp>33.0</ns3:atemp>
            <ns3:hr>156</ns3:hr>
            <ns3:cad>82</ns3:cad>
          </ns3:TrackPointExtension>
        </extensions>
      </trkpt>
      <trkpt lat="35.55574952624738216400146484375" lon="134.818747043609619140625">
        <ele>4.19999980926513671875</ele>
        <time>2026-08-01T08:34:14.000Z</time>
        <extensions>
          <ns3:TrackPointExtension>
            <ns3:atemp>33.0</ns3:atemp>
            <ns3:hr>156</ns3:hr>
            <ns3:cad>82</ns3:cad>
          </ns3:TrackPointExtension>
        </extensions>
      </trkpt>
      <trkpt lat="35.555762350559234619140625" lon="134.8187363147735595703125">
        <ele>4.19999980926513671875</ele>
        <time>2026-08-01T08:34:15.000Z</time>
        <extensions>
          <ns3:TrackPointExtension>
            <ns3:atemp>33.0</ns3:atemp>
            <ns3:hr>156</ns3:hr>
            <ns3:cad>82</ns3:cad>
          </ns3:TrackPointExtension>
        </extensions>
      </trkpt>
      <trkpt lat="35.55578908883035182952880859375" lon="134.818720556795597076416015625">
        <ele>4.400000095367431640625</ele>
        <time>2026-08-01T08:34:16.000Z</time>
        <extensions>
          <ns3:TrackPointExtension>
            <ns3:atemp>33.0</ns3:atemp>
            <ns3:hr>156</ns3:hr>
            <ns3:cad>82</ns3:cad>
          </ns3:TrackPointExtension>
        </extensions>
      </trkpt>
      <trkpt lat="35.55581272579729557037353515625" lon="134.81870722956955432891845703125">
        <ele>4.400000095367431640625</ele>
        <time>2026-08-01T08:34:17.000Z</time>
        <extensions>
          <ns3:TrackPointExtension>
            <ns3:atemp>33.0</ns3:atemp>
            <ns3:hr>156</ns3:hr>
            <ns3:cad>82</ns3:cad>
          </ns3:TrackPointExtension>
        </extensions>
      </trkpt>
      <trkpt lat="35.55582228116691112518310546875" lon="134.81868761591613292694091796875">
        <ele>4.400000095367431640625</ele>
        <time>2026-08-01T08:34:18.000Z</time>
        <extensions>
          <ns3:TrackPointExtension>
            <ns3:atemp>33.0</ns3:atemp>
            <ns3:hr>156</ns3:hr>
            <ns3:cad>82</ns3:cad>
          </ns3:TrackPointExtension>
        </extensions>
      </trkpt>
      <trkpt lat="35.5558441579341888427734375" lon="134.81865777634084224700927734375">
        <ele>4.400000095367431640625</ele>
        <time>2026-08-01T08:34:19.000Z</time>
        <extensions>
          <ns3:TrackPointExtension>
            <ns3:atemp>33.0</ns3:atemp>
            <ns3:hr>156</ns3:hr>
            <ns3:cad>82</ns3:cad>
          </ns3:TrackPointExtension>
        </extensions>
      </trkpt>
      <trkpt lat="35.5558610893785953521728515625" lon="134.81864922679960727691650390625">
        <ele>4.19999980926513671875</ele>
        <time>2026-08-01T08:34:20.000Z</time>
        <extensions>
          <ns3:TrackPointExtension>
            <ns3:atemp>33.0</ns3:atemp>
            <ns3:hr>156</ns3:hr>
            <ns3:cad>82</ns3:cad>
          </ns3:TrackPointExtension>
        </extensions>
      </trkpt>
      <trkpt lat="35.55588196031749248504638671875" lon="134.8186338879168033599853515625">
        <ele>4.400000095367431640625</ele>
        <time>2026-08-01T08:34:21.000Z</time>
        <extensions>
          <ns3:TrackPointExtension>
            <ns3:atemp>33.0</ns3:atemp>
            <ns3:hr>156</ns3:hr>
            <ns3:cad>83</ns3:cad>
          </ns3:TrackPointExtension>
        </extensions>
      </trkpt>
      <trkpt lat="35.55590115487575531005859375" lon="134.81861167587339878082275390625">
        <ele>4.400000095367431640625</ele>
        <time>2026-08-01T08:34:22.000Z</time>
        <extensions>
          <ns3:TrackPointExtension>
            <ns3:atemp>33.0</ns3:atemp>
            <ns3:hr>156</ns3:hr>
            <ns3:cad>82</ns3:cad>
          </ns3:TrackPointExtension>
        </extensions>
      </trkpt>
      <trkpt lat="35.55591397918760776519775390625" lon="134.81859843246638774871826171875">
        <ele>4.400000095367431640625</ele>
        <time>2026-08-01T08:34:23.000Z</time>
        <extensions>
          <ns3:TrackPointExtension>
            <ns3:atemp>33.0</ns3:atemp>
            <ns3:hr>156</ns3:hr>
            <ns3:cad>82</ns3:cad>
          </ns3:TrackPointExtension>
        </extensions>
      </trkpt>
      <trkpt lat="35.55594272911548614501953125" lon="134.81857982464134693145751953125">
        <ele>4.400000095367431640625</ele>
        <time>2026-08-01T08:34:24.000Z</time>
        <extensions>
          <ns3:TrackPointExtension>
            <ns3:atemp>33.0</ns3:atemp>
            <ns3:hr>157</ns3:hr>
            <ns3:cad>82</ns3:cad>
          </ns3:TrackPointExtension>
        </extensions>
      </trkpt>
      <trkpt lat="35.55596410296857357025146484375" lon="134.8185611329972743988037109375">
        <ele>4.400000095367431640625</ele>
        <time>2026-08-01T08:34:25.000Z</time>
        <extensions>
          <ns3:TrackPointExtension>
            <ns3:atemp>33.0</ns3:atemp>
            <ns3:hr>157</ns3:hr>
            <ns3:cad>82</ns3:cad>
          </ns3:TrackPointExtension>
        </extensions>
      </trkpt>
      <trkpt lat="35.55597491562366485595703125" lon="134.818540178239345550537109375">
        <ele>4.400000095367431640625</ele>
        <time>2026-08-01T08:34:26.000Z</time>
        <extensions>
          <ns3:TrackPointExtension>
            <ns3:atemp>33.0</ns3:atemp>
            <ns3:hr>157</ns3:hr>
            <ns3:cad>82</ns3:cad>
          </ns3:TrackPointExtension>
        </extensions>
      </trkpt>
      <trkpt lat="35.5559958703815937042236328125" lon="134.81851578690111637115478515625">
        <ele>4.400000095367431640625</ele>
        <time>2026-08-01T08:34:27.000Z</time>
        <extensions>
          <ns3:TrackPointExtension>
            <ns3:atemp>33.0</ns3:atemp>
            <ns3:hr>157</ns3:hr>
            <ns3:cad>82</ns3:cad>
          </ns3:TrackPointExtension>
        </extensions>
      </trkpt>
      <trkpt lat="35.55601154454052448272705078125" lon="134.8185016214847564697265625">
        <ele>4.400000095367431640625</ele>
        <time>2026-08-01T08:34:28.000Z</time>
        <extensions>
          <ns3:TrackPointExtension>
            <ns3:atemp>33.0</ns3:atemp>
            <ns3:hr>157</ns3:hr>
            <ns3:cad>83</ns3:cad>
          </ns3:TrackPointExtension>
        </extensions>
      </trkpt>
      <trkpt lat="35.55603367276489734649658203125" lon="134.8184806667268276214599609375">
        <ele>4.400000095367431640625</ele>
        <time>2026-08-01T08:34:29.000Z</time>
        <extensions>
          <ns3:TrackPointExtension>
            <ns3:atemp>33.0</ns3:atemp>
            <ns3:hr>157</ns3:hr>
            <ns3:cad>83</ns3:cad>
          </ns3:TrackPointExtension>
        </extensions>
      </trkpt>
      <trkpt lat="35.55605529807507991790771484375" lon="134.8184582032263278961181640625">
        <ele>4.400000095367431640625</ele>
        <time>2026-08-01T08:34:30.000Z</time>
        <extensions>
          <ns3:TrackPointExtension>
            <ns3:atemp>33.0</ns3:atemp>
            <ns3:hr>157</ns3:hr>
            <ns3:cad>83</ns3:cad>
          </ns3:TrackPointExtension>
        </extensions>
      </trkpt>
      <trkpt lat="35.5560640990734100341796875" lon="134.8184387572109699249267578125">
        <ele>4.400000095367431640625</ele>
        <time>2026-08-01T08:34:31.000Z</time>
        <extensions>
          <ns3:TrackPointExtension>
            <ns3:atemp>33.0</ns3:atemp>
            <ns3:hr>157</ns3:hr>
            <ns3:cad>83</ns3:cad>
          </ns3:TrackPointExtension>
        </extensions>
      </trkpt>
      <trkpt lat="35.5560867302119731903076171875" lon="134.8184157907962799072265625">
        <ele>4.400000095367431640625</ele>
        <time>2026-08-01T08:34:32.000Z</time>
        <extensions>
          <ns3:TrackPointExtension>
            <ns3:atemp>33.0</ns3:atemp>
            <ns3:hr>157</ns3:hr>
            <ns3:cad>83</ns3:cad>
          </ns3:TrackPointExtension>
        </extensions>
      </trkpt>
      <trkpt lat="35.5561041645705699920654296875" lon="134.8184025473892688751220703125">
        <ele>4.400000095367431640625</ele>
        <time>2026-08-01T08:34:33.000Z</time>
        <extensions>
          <ns3:TrackPointExtension>
            <ns3:atemp>33.0</ns3:atemp>
            <ns3:hr>158</ns3:hr>
            <ns3:cad>83</ns3:cad>
          </ns3:TrackPointExtension>
        </extensions>
      </trkpt>
      <trkpt lat="35.556122101843357086181640625" lon="134.818384945392608642578125">
        <ele>4.400000095367431640625</ele>
        <time>2026-08-01T08:34:34.000Z</time>
        <extensions>
          <ns3:TrackPointExtension>
            <ns3:atemp>33.0</ns3:atemp>
            <ns3:hr>157</ns3:hr>
            <ns3:cad>83</ns3:cad>
          </ns3:TrackPointExtension>
        </extensions>
      </trkpt>
      <trkpt lat="35.5561447329819202423095703125" lon="134.8183613084256649017333984375">
        <ele>4.19999980926513671875</ele>
        <time>2026-08-01T08:34:35.000Z</time>
        <extensions>
          <ns3:TrackPointExtension>
            <ns3:atemp>33.0</ns3:atemp>
            <ns3:hr>157</ns3:hr>
            <ns3:cad>83</ns3:cad>
          </ns3:TrackPointExtension>
        </extensions>
      </trkpt>
      <trkpt lat="35.55615839548408985137939453125" lon="134.81834647245705127716064453125">
        <ele>4.19999980926513671875</ele>
        <time>2026-08-01T08:34:36.000Z</time>
        <extensions>
          <ns3:TrackPointExtension>
            <ns3:atemp>33.0</ns3:atemp>
            <ns3:hr>158</ns3:hr>
            <ns3:cad>83</ns3:cad>
          </ns3:TrackPointExtension>
        </extensions>
      </trkpt>
      <trkpt lat="35.556183792650699615478515625" lon="134.81832786463201045989990234375">
        <ele>4</ele>
        <time>2026-08-01T08:34:37.000Z</time>
        <extensions>
          <ns3:TrackPointExtension>
            <ns3:atemp>33.0</ns3:atemp>
            <ns3:hr>157</ns3:hr>
            <ns3:cad>82</ns3:cad>
          </ns3:TrackPointExtension>
        </extensions>
      </trkpt>
      <trkpt lat="35.556205250322818756103515625" lon="134.81830858625471591949462890625">
        <ele>4</ele>
        <time>2026-08-01T08:34:38.000Z</time>
        <extensions>
          <ns3:TrackPointExtension>
            <ns3:atemp>33.0</ns3:atemp>
            <ns3:hr>158</ns3:hr>
            <ns3:cad>82</ns3:cad>
          </ns3:TrackPointExtension>
        </extensions>
      </trkpt>
      <trkpt lat="35.556217990815639495849609375" lon="134.81829039752483367919921875">
        <ele>4.19999980926513671875</ele>
        <time>2026-08-01T08:34:39.000Z</time>
        <extensions>
          <ns3:TrackPointExtension>
            <ns3:atemp>33.0</ns3:atemp>
            <ns3:hr>158</ns3:hr>
            <ns3:cad>82</ns3:cad>
          </ns3:TrackPointExtension>
        </extensions>
      </trkpt>
      <trkpt lat="35.5562416277825832366943359375" lon="134.81826868839561939239501953125">
        <ele>4.19999980926513671875</ele>
        <time>2026-08-01T08:34:40.000Z</time>
        <extensions>
          <ns3:TrackPointExtension>
            <ns3:atemp>33.0</ns3:atemp>
            <ns3:hr>158</ns3:hr>
            <ns3:cad>82</ns3:cad>
          </ns3:TrackPointExtension>
        </extensions>
      </trkpt>
      <trkpt lat="35.5562590621411800384521484375" lon="134.81825443916022777557373046875">
        <ele>4.19999980926513671875</ele>
        <time>2026-08-01T08:34:41.000Z</time>
        <extensions>
          <ns3:TrackPointExtension>
            <ns3:atemp>33.0</ns3:atemp>
            <ns3:hr>157</ns3:hr>
            <ns3:cad>82</ns3:cad>
          </ns3:TrackPointExtension>
        </extensions>
      </trkpt>
      <trkpt lat="35.55627624504268169403076171875" lon="134.818235747516155242919921875">
        <ele>4.19999980926513671875</ele>
        <time>2026-08-01T08:34:42.000Z</time>
        <extensions>
          <ns3:TrackPointExtension>
            <ns3:atemp>33.0</ns3:atemp>
            <ns3:hr>157</ns3:hr>
            <ns3:cad>83</ns3:cad>
          </ns3:TrackPointExtension>
        </extensions>
      </trkpt>
      <trkpt lat="35.55630004964768886566162109375" lon="134.8182117752730846405029296875">
        <ele>4.19999980926513671875</ele>
        <time>2026-08-01T08:34:43.000Z</time>
        <extensions>
          <ns3:TrackPointExtension>
            <ns3:atemp>33.0</ns3:atemp>
            <ns3:hr>157</ns3:hr>
            <ns3:cad>83</ns3:cad>
          </ns3:TrackPointExtension>
        </extensions>
      </trkpt>
      <trkpt lat="35.55630759336054325103759765625" lon="134.8181973583996295928955078125">
        <ele>4.19999980926513671875</ele>
        <time>2026-08-01T08:34:44.000Z</time>
        <extensions>
          <ns3:TrackPointExtension>
            <ns3:atemp>33.0</ns3:atemp>
            <ns3:hr>158</ns3:hr>
            <ns3:cad>82</ns3:cad>
          </ns3:TrackPointExtension>
        </extensions>
      </trkpt>
      <trkpt lat="35.55633055977523326873779296875" lon="134.81817900203168392181396484375">
        <ele>4.19999980926513671875</ele>
        <time>2026-08-01T08:34:45.000Z</time>
        <extensions>
          <ns3:TrackPointExtension>
            <ns3:atemp>33.0</ns3:atemp>
            <ns3:hr>158</ns3:hr>
            <ns3:cad>82</ns3:cad>
          </ns3:TrackPointExtension>
        </extensions>
      </trkpt>
      <trkpt lat="35.5563489161431789398193359375" lon="134.81816056184470653533935546875">
        <ele>4.19999980926513671875</ele>
        <time>2026-08-01T08:34:46.000Z</time>
        <extensions>
          <ns3:TrackPointExtension>
            <ns3:atemp>33.0</ns3:atemp>
            <ns3:hr>158</ns3:hr>
            <ns3:cad>82</ns3:cad>
          </ns3:TrackPointExtension>
        </extensions>
      </trkpt>
      <trkpt lat="35.5563613213598728179931640625" lon="134.81814111582934856414794921875">
        <ele>4.19999980926513671875</ele>
        <time>2026-08-01T08:34:47.000Z</time>
        <extensions>
          <ns3:TrackPointExtension>
            <ns3:atemp>33.0</ns3:atemp>
            <ns3:hr>159</ns3:hr>
            <ns3:cad>82</ns3:cad>
          </ns3:TrackPointExtension>
        </extensions>
      </trkpt>
      <trkpt lat="35.556382946670055389404296875" lon="134.8181180655956268310546875">
        <ele>4.19999980926513671875</ele>
        <time>2026-08-01T08:34:48.000Z</time>
        <extensions>
          <ns3:TrackPointExtension>
            <ns3:atemp>33.0</ns3:atemp>
            <ns3:hr>159</ns3:hr>
            <ns3:cad>82</ns3:cad>
          </ns3:TrackPointExtension>
        </extensions>
      </trkpt>
      <trkpt lat="35.5563965253531932830810546875" lon="134.81810800731182098388671875">
        <ele>4.19999980926513671875</ele>
        <time>2026-08-01T08:34:49.000Z</time>
        <extensions>
          <ns3:TrackPointExtension>
            <ns3:atemp>33.0</ns3:atemp>
            <ns3:hr>159</ns3:hr>
            <ns3:cad>82</ns3:cad>
          </ns3:TrackPointExtension>
        </extensions>
      </trkpt>
      <trkpt lat="35.55641873739659786224365234375" lon="134.81808965094387531280517578125">
        <ele>4.19999980926513671875</ele>
        <time>2026-08-01T08:34:50.000Z</time>
        <extensions>
          <ns3:TrackPointExtension>
            <ns3:atemp>33.0</ns3:atemp>
            <ns3:hr>158</ns3:hr>
            <ns3:cad>82</ns3:cad>
          </ns3:TrackPointExtension>
        </extensions>
      </trkpt>
      <trkpt lat="35.5564407818019390106201171875" lon="134.8180697858333587646484375">
        <ele>4.19999980926513671875</ele>
        <time>2026-08-01T08:34:51.000Z</time>
        <extensions>
          <ns3:TrackPointExtension>
            <ns3:atemp>33.0</ns3:atemp>
            <ns3:hr>158</ns3:hr>
            <ns3:cad>82</ns3:cad>
          </ns3:TrackPointExtension>
        </extensions>
      </trkpt>
      <trkpt lat="35.5564474873244762420654296875" lon="134.81805310584604740142822265625">
        <ele>4</ele>
        <time>2026-08-01T08:34:52.000Z</time>
        <extensions>
          <ns3:TrackPointExtension>
            <ns3:atemp>33.0</ns3:atemp>
            <ns3:hr>158</ns3:hr>
            <ns3:cad>82</ns3:cad>
          </ns3:TrackPointExtension>
        </extensions>
      </trkpt>
      <trkpt lat="35.5564712919294834136962890625" lon="134.81803290545940399169921875">
        <ele>4</ele>
        <time>2026-08-01T08:34:53.000Z</time>
        <extensions>
          <ns3:TrackPointExtension>
            <ns3:atemp>33.0</ns3:atemp>
            <ns3:hr>158</ns3:hr>
            <ns3:cad>82</ns3:cad>
          </ns3:TrackPointExtension>
        </extensions>
      </trkpt>
      <trkpt lat="35.5564897321164608001708984375" lon="134.8180166445672512054443359375">
        <ele>3.7999999523162841796875</ele>
        <time>2026-08-01T08:34:54.000Z</time>
        <extensions>
          <ns3:TrackPointExtension>
            <ns3:atemp>33.0</ns3:atemp>
            <ns3:hr>159</ns3:hr>
            <ns3:cad>82</ns3:cad>
          </ns3:TrackPointExtension>
        </extensions>
      </trkpt>
      <trkpt lat="35.55650859139859676361083984375" lon="134.81799460016191005706787109375">
        <ele>3.599999904632568359375</ele>
        <time>2026-08-01T08:34:55.000Z</time>
        <extensions>
          <ns3:TrackPointExtension>
            <ns3:atemp>33.0</ns3:atemp>
            <ns3:hr>159</ns3:hr>
            <ns3:cad>83</ns3:cad>
          </ns3:TrackPointExtension>
        </extensions>
      </trkpt>
      <trkpt lat="35.55652837269008159637451171875" lon="134.817973561584949493408203125">
        <ele>3.7999999523162841796875</ele>
        <time>2026-08-01T08:34:56.000Z</time>
        <extensions>
          <ns3:TrackPointExtension>
            <ns3:atemp>33.0</ns3:atemp>
            <ns3:hr>159</ns3:hr>
            <ns3:cad>83</ns3:cad>
          </ns3:TrackPointExtension>
        </extensions>
      </trkpt>
      <trkpt lat="35.55653692223131656646728515625" lon="134.81796224601566791534423828125">
        <ele>3.7999999523162841796875</ele>
        <time>2026-08-01T08:34:57.000Z</time>
        <extensions>
          <ns3:TrackPointExtension>
            <ns3:atemp>33.0</ns3:atemp>
            <ns3:hr>159</ns3:hr>
            <ns3:cad>83</ns3:cad>
          </ns3:TrackPointExtension>
        </extensions>
      </trkpt>
      <trkpt lat="35.556562654674053192138671875" lon="134.81794648803770542144775390625">
        <ele>4</ele>
        <time>2026-08-01T08:34:58.000Z</time>
        <extensions>
          <ns3:TrackPointExtension>
            <ns3:atemp>33.0</ns3:atemp>
            <ns3:hr>159</ns3:hr>
            <ns3:cad>82</ns3:cad>
          </ns3:TrackPointExtension>
        </extensions>
      </trkpt>
      <trkpt lat="35.556582771241664886474609375" lon="134.81792989186942577362060546875">
        <ele>4</ele>
        <time>2026-08-01T08:34:59.000Z</time>
        <extensions>
          <ns3:TrackPointExtension>
            <ns3:atemp>33.0</ns3:atemp>
            <ns3:hr>159</ns3:hr>
            <ns3:cad>82</ns3:cad>
          </ns3:TrackPointExtension>
        </extensions>
      </trkpt>
      <trkpt lat="35.55658855475485324859619140625" lon="134.81791631318628787994384765625">
        <ele>4</ele>
        <time>2026-08-01T08:35:00.000Z</time>
        <extensions>
          <ns3:TrackPointExtension>
            <ns3:atemp>33.0</ns3:atemp>
            <ns3:hr>159</ns3:hr>
            <ns3:cad>82</ns3:cad>
          </ns3:TrackPointExtension>
        </extensions>
      </trkpt>
      <trkpt lat="35.556610263884067535400390625" lon="134.8178949393332004547119140625">
        <ele>4</ele>
        <time>2026-08-01T08:35:01.000Z</time>
        <extensions>
          <ns3:TrackPointExtension>
            <ns3:atemp>33.0</ns3:atemp>
            <ns3:hr>158</ns3:hr>
            <ns3:cad>82</ns3:cad>
          </ns3:TrackPointExtension>
        </extensions>
      </trkpt>
      <trkpt lat="35.55662727914750576019287109375" lon="134.817880690097808837890625">
        <ele>3.7999999523162841796875</ele>
        <time>2026-08-01T08:35:02.000Z</time>
        <extensions>
          <ns3:TrackPointExtension>
            <ns3:atemp>33.0</ns3:atemp>
            <ns3:hr>159</ns3:hr>
            <ns3:cad>82</ns3:cad>
          </ns3:TrackPointExtension>
        </extensions>
      </trkpt>
      <trkpt lat="35.5566436238586902618408203125" lon="134.81786015443503856658935546875">
        <ele>3.599999904632568359375</ele>
        <time>2026-08-01T08:35:03.000Z</time>
        <extensions>
          <ns3:TrackPointExtension>
            <ns3:atemp>33.0</ns3:atemp>
            <ns3:hr>159</ns3:hr>
            <ns3:cad>83</ns3:cad>
          </ns3:TrackPointExtension>
        </extensions>
      </trkpt>
      <trkpt lat="35.55666214786469936370849609375" lon="134.81783266179263591766357421875">
        <ele>3.7999999523162841796875</ele>
        <time>2026-08-01T08:35:04.000Z</time>
        <extensions>
          <ns3:TrackPointExtension>
            <ns3:atemp>33.0</ns3:atemp>
            <ns3:hr>159</ns3:hr>
            <ns3:cad>83</ns3:cad>
          </ns3:TrackPointExtension>
        </extensions>
      </trkpt>
      <trkpt lat="35.556674301624298095703125" lon="134.817822687327861785888671875">
        <ele>4</ele>
        <time>2026-08-01T08:35:05.000Z</time>
        <extensions>
          <ns3:TrackPointExtension>
            <ns3:atemp>33.0</ns3:atemp>
            <ns3:hr>158</ns3:hr>
            <ns3:cad>83</ns3:cad>
          </ns3:TrackPointExtension>
        </extensions>
      </trkpt>
      <trkpt lat="35.556704811751842498779296875" lon="134.8178050853312015533447265625">
        <ele>4</ele>
        <time>2026-08-01T08:35:06.000Z</time>
        <extensions>
          <ns3:TrackPointExtension>
            <ns3:atemp>33.0</ns3:atemp>
            <ns3:hr>158</ns3:hr>
            <ns3:cad>82</ns3:cad>
          </ns3:TrackPointExtension>
        </extensions>
      </trkpt>
      <trkpt lat="35.55672459304332733154296875" lon="134.81779125519096851348876953125">
        <ele>4.19999980926513671875</ele>
        <time>2026-08-01T08:35:07.000Z</time>
        <extensions>
          <ns3:TrackPointExtension>
            <ns3:atemp>33.0</ns3:atemp>
            <ns3:hr>158</ns3:hr>
            <ns3:cad>82</ns3:cad>
          </ns3:TrackPointExtension>
        </extensions>
      </trkpt>
      <trkpt lat="35.55673456750810146331787109375" lon="134.817773066461086273193359375">
        <ele>4.19999980926513671875</ele>
        <time>2026-08-01T08:35:08.000Z</time>
        <extensions>
          <ns3:TrackPointExtension>
            <ns3:atemp>33.0</ns3:atemp>
            <ns3:hr>158</ns3:hr>
            <ns3:cad>82</ns3:cad>
          </ns3:TrackPointExtension>
        </extensions>
      </trkpt>
      <trkpt lat="35.55675543844699859619140625" lon="134.8177450709044933319091796875">
        <ele>4.400000095367431640625</ele>
        <time>2026-08-01T08:35:09.000Z</time>
        <extensions>
          <ns3:TrackPointExtension>
            <ns3:atemp>33.0</ns3:atemp>
            <ns3:hr>158</ns3:hr>
            <ns3:cad>83</ns3:cad>
          </ns3:TrackPointExtension>
        </extensions>
      </trkpt>
      <trkpt lat="35.55677329190075397491455078125" lon="134.81773258186876773834228515625">
        <ele>4.400000095367431640625</ele>
        <time>2026-08-01T08:35:10.000Z</time>
        <extensions>
          <ns3:TrackPointExtension>
            <ns3:atemp>33.0</ns3:atemp>
            <ns3:hr>158</ns3:hr>
            <ns3:cad>83</ns3:cad>
          </ns3:TrackPointExtension>
        </extensions>
      </trkpt>
      <trkpt lat="35.5567928217351436614990234375" lon="134.81771682389080524444580078125">
        <ele>4.400000095367431640625</ele>
        <time>2026-08-01T08:35:11.000Z</time>
        <extensions>
          <ns3:TrackPointExtension>
            <ns3:atemp>33.0</ns3:atemp>
            <ns3:hr>158</ns3:hr>
            <ns3:cad>83</ns3:cad>
          </ns3:TrackPointExtension>
        </extensions>
      </trkpt>
      <trkpt lat="35.55681318975985050201416015625" lon="134.8176927678287029266357421875">
        <ele>4.400000095367431640625</ele>
        <time>2026-08-01T08:35:12.000Z</time>
        <extensions>
          <ns3:TrackPointExtension>
            <ns3:atemp>33.0</ns3:atemp>
            <ns3:hr>158</ns3:hr>
            <ns3:cad>83</ns3:cad>
          </ns3:TrackPointExtension>
        </extensions>
      </trkpt>
      <trkpt lat="35.5568236671388149261474609375" lon="134.81767323799431324005126953125">
        <ele>4.400000095367431640625</ele>
        <time>2026-08-01T08:35:13.000Z</time>
        <extensions>
          <ns3:TrackPointExtension>
            <ns3:atemp>33.0</ns3:atemp>
            <ns3:hr>158</ns3:hr>
            <ns3:cad>82</ns3:cad>
          </ns3:TrackPointExtension>
        </extensions>
      </trkpt>
      <trkpt lat="35.55684738792479038238525390625" lon="134.817654378712177276611328125">
        <ele>4.599999904632568359375</ele>
        <time>2026-08-01T08:35:14.000Z</time>
        <extensions>
          <ns3:TrackPointExtension>
            <ns3:atemp>33.0</ns3:atemp>
            <ns3:hr>158</ns3:hr>
            <ns3:cad>82</ns3:cad>
          </ns3:TrackPointExtension>
        </extensions>
      </trkpt>
      <trkpt lat="35.55686180479824542999267578125" lon="134.81764398515224456787109375">
        <ele>4.80000019073486328125</ele>
        <time>2026-08-01T08:35:15.000Z</time>
        <extensions>
          <ns3:TrackPointExtension>
            <ns3:atemp>33.0</ns3:atemp>
            <ns3:hr>157</ns3:hr>
            <ns3:cad>82</ns3:cad>
          </ns3:TrackPointExtension>
        </extensions>
      </trkpt>
      <trkpt lat="35.5568813346326351165771484375" lon="134.81762227602303028106689453125">
        <ele>5</ele>
        <time>2026-08-01T08:35:16.000Z</time>
        <extensions>
          <ns3:TrackPointExtension>
            <ns3:atemp>33.0</ns3:atemp>
            <ns3:hr>158</ns3:hr>
            <ns3:cad>83</ns3:cad>
          </ns3:TrackPointExtension>
        </extensions>
      </trkpt>
      <trkpt lat="35.55689734406769275665283203125" lon="134.81759796850383281707763671875">
        <ele>5</ele>
        <time>2026-08-01T08:35:17.000Z</time>
        <extensions>
          <ns3:TrackPointExtension>
            <ns3:atemp>33.0</ns3:atemp>
            <ns3:hr>158</ns3:hr>
            <ns3:cad>83</ns3:cad>
          </ns3:TrackPointExtension>
        </extensions>
      </trkpt>
      <trkpt lat="35.55690606124699115753173828125" lon="134.81758522801101207733154296875">
        <ele>4.80000019073486328125</ele>
        <time>2026-08-01T08:35:18.000Z</time>
        <extensions>
          <ns3:TrackPointExtension>
            <ns3:atemp>33.0</ns3:atemp>
            <ns3:hr>158</ns3:hr>
            <ns3:cad>83</ns3:cad>
          </ns3:TrackPointExtension>
        </extensions>
      </trkpt>
      <trkpt lat="35.55692709982395172119140625" lon="134.81756351888179779052734375">
        <ele>4.599999904632568359375</ele>
        <time>2026-08-01T08:35:19.000Z</time>
        <extensions>
          <ns3:TrackPointExtension>
            <ns3:atemp>33.0</ns3:atemp>
            <ns3:hr>159</ns3:hr>
            <ns3:cad>83</ns3:cad>
          </ns3:TrackPointExtension>
        </extensions>
      </trkpt>
      <trkpt lat="35.556947886943817138671875" lon="134.8175465874373912811279296875">
        <ele>4.19999980926513671875</ele>
        <time>2026-08-01T08:35:20.000Z</time>
        <extensions>
          <ns3:TrackPointExtension>
            <ns3:atemp>33.0</ns3:atemp>
            <ns3:hr>159</ns3:hr>
            <ns3:cad>83</ns3:cad>
          </ns3:TrackPointExtension>
        </extensions>
      </trkpt>
      <trkpt lat="35.55696171708405017852783203125" lon="134.81752722524106502532958984375">
        <ele>4.19999980926513671875</ele>
        <time>2026-08-01T08:35:21.000Z</time>
        <extensions>
          <ns3:TrackPointExtension>
            <ns3:atemp>33.0</ns3:atemp>
            <ns3:hr>158</ns3:hr>
            <ns3:cad>83</ns3:cad>
          </ns3:TrackPointExtension>
        </extensions>
      </trkpt>
      <trkpt lat="35.55698283948004245758056640625" lon="134.817502833902835845947265625">
        <ele>4.19999980926513671875</ele>
        <time>2026-08-01T08:35:22.000Z</time>
        <extensions>
          <ns3:TrackPointExtension>
            <ns3:atemp>33.0</ns3:atemp>
            <ns3:hr>158</ns3:hr>
            <ns3:cad>83</ns3:cad>
          </ns3:TrackPointExtension>
        </extensions>
      </trkpt>
      <trkpt lat="35.55699541233479976654052734375" lon="134.817486070096492767333984375">
        <ele>4.400000095367431640625</ele>
        <time>2026-08-01T08:35:23.000Z</time>
        <extensions>
          <ns3:TrackPointExtension>
            <ns3:atemp>33.0</ns3:atemp>
            <ns3:hr>158</ns3:hr>
            <ns3:cad>83</ns3:cad>
          </ns3:TrackPointExtension>
        </extensions>
      </trkpt>
      <trkpt lat="35.557017959654331207275390625" lon="134.81746251694858074188232421875">
        <ele>4.599999904632568359375</ele>
        <time>2026-08-01T08:35:24.000Z</time>
        <extensions>
          <ns3:TrackPointExtension>
            <ns3:atemp>33.0</ns3:atemp>
            <ns3:hr>158</ns3:hr>
            <ns3:cad>83</ns3:cad>
          </ns3:TrackPointExtension>
        </extensions>
      </trkpt>
      <trkpt lat="35.55704201571643352508544921875" lon="134.81743653304874897003173828125">
        <ele>4.80000019073486328125</ele>
        <time>2026-08-01T08:35:25.000Z</time>
        <extensions>
          <ns3:TrackPointExtension>
            <ns3:atemp>33.0</ns3:atemp>
            <ns3:hr>157</ns3:hr>
            <ns3:cad>83</ns3:cad>
          </ns3:TrackPointExtension>
        </extensions>
      </trkpt>
      <trkpt lat="35.557056181132793426513671875" lon="134.81741130352020263671875">
        <ele>4.80000019073486328125</ele>
        <time>2026-08-01T08:35:26.000Z</time>
        <extensions>
          <ns3:TrackPointExtension>
            <ns3:atemp>33.0</ns3:atemp>
            <ns3:hr>158</ns3:hr>
            <ns3:cad>83</ns3:cad>
          </ns3:TrackPointExtension>
        </extensions>
      </trkpt>
      <trkpt lat="35.5570752918720245361328125" lon="134.81737987138330936431884765625">
        <ele>4.80000019073486328125</ele>
        <time>2026-08-01T08:35:27.000Z</time>
        <extensions>
          <ns3:TrackPointExtension>
            <ns3:atemp>33.0</ns3:atemp>
            <ns3:hr>158</ns3:hr>
            <ns3:cad>83</ns3:cad>
          </ns3:TrackPointExtension>
        </extensions>
      </trkpt>
      <trkpt lat="35.5570898763835430145263671875" lon="134.81736369431018829345703125">
        <ele>4.599999904632568359375</ele>
        <time>2026-08-01T08:35:28.000Z</time>
        <extensions>
          <ns3:TrackPointExtension>
            <ns3:atemp>33.0</ns3:atemp>
            <ns3:hr>158</ns3:hr>
            <ns3:cad>83</ns3:cad>
          </ns3:TrackPointExtension>
        </extensions>
      </trkpt>
      <trkpt lat="35.5571106635034084320068359375" lon="134.81734466738998889923095703125">
        <ele>4.599999904632568359375</ele>
        <time>2026-08-01T08:35:29.000Z</time>
        <extensions>
          <ns3:TrackPointExtension>
            <ns3:atemp>33.0</ns3:atemp>
            <ns3:hr>157</ns3:hr>
            <ns3:cad>83</ns3:cad>
          </ns3:TrackPointExtension>
        </extensions>
      </trkpt>
      <trkpt lat="35.5571337975561618804931640625" lon="134.8173321783542633056640625">
        <ele>4.599999904632568359375</ele>
        <time>2026-08-01T08:35:30.000Z</time>
        <extensions>
          <ns3:TrackPointExtension>
            <ns3:atemp>33.0</ns3:atemp>
            <ns3:hr>158</ns3:hr>
            <ns3:cad>83</ns3:cad>
          </ns3:TrackPointExtension>
        </extensions>
      </trkpt>
      <trkpt lat="35.55714678950607776641845703125" lon="134.81731097213923931121826171875">
        <ele>4.599999904632568359375</ele>
        <time>2026-08-01T08:35:31.000Z</time>
        <extensions>
          <ns3:TrackPointExtension>
            <ns3:atemp>33.0</ns3:atemp>
            <ns3:hr>158</ns3:hr>
            <ns3:cad>83</ns3:cad>
          </ns3:TrackPointExtension>
        </extensions>
      </trkpt>
      <trkpt lat="35.5571693368256092071533203125" lon="134.81728616170585155487060546875">
        <ele>4.599999904632568359375</ele>
        <time>2026-08-01T08:35:32.000Z</time>
        <extensions>
          <ns3:TrackPointExtension>
            <ns3:atemp>33.0</ns3:atemp>
            <ns3:hr>157</ns3:hr>
            <ns3:cad>83</ns3:cad>
          </ns3:TrackPointExtension>
        </extensions>
      </trkpt>
      <trkpt lat="35.55718861520290374755859375" lon="134.81726855970919132232666015625">
        <ele>4.400000095367431640625</ele>
        <time>2026-08-01T08:35:33.000Z</time>
        <extensions>
          <ns3:TrackPointExtension>
            <ns3:atemp>33.0</ns3:atemp>
            <ns3:hr>158</ns3:hr>
            <ns3:cad>83</ns3:cad>
          </ns3:TrackPointExtension>
        </extensions>
      </trkpt>
      <trkpt lat="35.55720881558954715728759765625" lon="134.81724542565643787384033203125">
        <ele>4.19999980926513671875</ele>
        <time>2026-08-01T08:35:34.000Z</time>
        <extensions>
          <ns3:TrackPointExtension>
            <ns3:atemp>33.0</ns3:atemp>
            <ns3:hr>158</ns3:hr>
            <ns3:cad>83</ns3:cad>
          </ns3:TrackPointExtension>
        </extensions>
      </trkpt>
      <trkpt lat="35.55723396129906177520751953125" lon="134.81722514145076274871826171875">
        <ele>4.19999980926513671875</ele>
        <time>2026-08-01T08:35:35.000Z</time>
        <extensions>
          <ns3:TrackPointExtension>
            <ns3:atemp>33.0</ns3:atemp>
            <ns3:hr>157</ns3:hr>
            <ns3:cad>83</ns3:cad>
          </ns3:TrackPointExtension>
        </extensions>
      </trkpt>
      <trkpt lat="35.55724334903061389923095703125" lon="134.81720770709216594696044921875">
        <ele>4</ele>
        <time>2026-08-01T08:35:36.000Z</time>
        <extensions>
          <ns3:TrackPointExtension>
            <ns3:atemp>33.0</ns3:atemp>
            <ns3:hr>157</ns3:hr>
            <ns3:cad>83</ns3:cad>
          </ns3:TrackPointExtension>
        </extensions>
      </trkpt>
      <trkpt lat="35.5572672374546527862548828125" lon="134.81718935072422027587890625">
        <ele>4</ele>
        <time>2026-08-01T08:35:37.000Z</time>
        <extensions>
          <ns3:TrackPointExtension>
            <ns3:atemp>33.0</ns3:atemp>
            <ns3:hr>157</ns3:hr>
            <ns3:cad>83</ns3:cad>
          </ns3:TrackPointExtension>
        </extensions>
      </trkpt>
      <trkpt lat="35.55728517472743988037109375" lon="134.81717250309884548187255859375">
        <ele>4.19999980926513671875</ele>
        <time>2026-08-01T08:35:38.000Z</time>
        <extensions>
          <ns3:TrackPointExtension>
            <ns3:atemp>33.0</ns3:atemp>
            <ns3:hr>158</ns3:hr>
            <ns3:cad>83</ns3:cad>
          </ns3:TrackPointExtension>
        </extensions>
      </trkpt>
      <trkpt lat="35.55730453692376613616943359375" lon="134.8171526379883289337158203125">
        <ele>4.19999980926513671875</ele>
        <time>2026-08-01T08:35:39.000Z</time>
        <extensions>
          <ns3:TrackPointExtension>
            <ns3:atemp>33.0</ns3:atemp>
            <ns3:hr>158</ns3:hr>
            <ns3:cad>83</ns3:cad>
          </ns3:TrackPointExtension>
        </extensions>
      </trkpt>
      <trkpt lat="35.55732733570039272308349609375" lon="134.8171321861445903778076171875">
        <ele>4.400000095367431640625</ele>
        <time>2026-08-01T08:35:40.000Z</time>
        <extensions>
          <ns3:TrackPointExtension>
            <ns3:atemp>33.0</ns3:atemp>
            <ns3:hr>158</ns3:hr>
            <ns3:cad>84</ns3:cad>
          </ns3:TrackPointExtension>
        </extensions>
      </trkpt>
      <trkpt lat="35.55734309367835521697998046875" lon="134.817120619118213653564453125">
        <ele>4.400000095367431640625</ele>
        <time>2026-08-01T08:35:41.000Z</time>
        <extensions>
          <ns3:TrackPointExtension>
            <ns3:atemp>33.0</ns3:atemp>
            <ns3:hr>157</ns3:hr>
            <ns3:cad>84</ns3:cad>
          </ns3:TrackPointExtension>
        </extensions>
      </trkpt>
      <trkpt lat="35.55736974813044071197509765625" lon="134.81710528023540973663330078125">
        <ele>4.400000095367431640625</ele>
        <time>2026-08-01T08:35:42.000Z</time>
        <extensions>
          <ns3:TrackPointExtension>
            <ns3:atemp>33.0</ns3:atemp>
            <ns3:hr>158</ns3:hr>
            <ns3:cad>84</ns3:cad>
          </ns3:TrackPointExtension>
        </extensions>
      </trkpt>
      <trkpt lat="35.55739355273544788360595703125" lon="134.81708784587681293487548828125">
        <ele>4.400000095367431640625</ele>
        <time>2026-08-01T08:35:43.000Z</time>
        <extensions>
          <ns3:TrackPointExtension>
            <ns3:atemp>33.0</ns3:atemp>
            <ns3:hr>158</ns3:hr>
            <ns3:cad>84</ns3:cad>
          </ns3:TrackPointExtension>
        </extensions>
      </trkpt>
      <trkpt lat="35.55740545503795146942138671875" lon="134.81706622056663036346435546875">
        <ele>4.400000095367431640625</ele>
        <time>2026-08-01T08:35:44.000Z</time>
        <extensions>
          <ns3:TrackPointExtension>
            <ns3:atemp>33.0</ns3:atemp>
            <ns3:hr>157</ns3:hr>
            <ns3:cad>84</ns3:cad>
          </ns3:TrackPointExtension>
        </extensions>
      </trkpt>
      <trkpt lat="35.5574271641671657562255859375" lon="134.81703914701938629150390625">
        <ele>4.19999980926513671875</ele>
        <time>2026-08-01T08:35:45.000Z</time>
        <extensions>
          <ns3:TrackPointExtension>
            <ns3:atemp>33.0</ns3:atemp>
            <ns3:hr>158</ns3:hr>
            <ns3:cad>83</ns3:cad>
          </ns3:TrackPointExtension>
        </extensions>
      </trkpt>
      <trkpt lat="35.5574479512870311737060546875" lon="134.817019365727901458740234375">
        <ele>4.19999980926513671875</ele>
        <time>2026-08-01T08:35:46.000Z</time>
        <extensions>
          <ns3:TrackPointExtension>
            <ns3:atemp>33.0</ns3:atemp>
            <ns3:hr>158</ns3:hr>
            <ns3:cad>82</ns3:cad>
          </ns3:TrackPointExtension>
        </extensions>
      </trkpt>
      <trkpt lat="35.55746882222592830657958984375" lon="134.81699631549417972564697265625">
        <ele>4.400000095367431640625</ele>
        <time>2026-08-01T08:35:47.000Z</time>
        <extensions>
          <ns3:TrackPointExtension>
            <ns3:atemp>33.0</ns3:atemp>
            <ns3:hr>157</ns3:hr>
            <ns3:cad>82</ns3:cad>
          </ns3:TrackPointExtension>
        </extensions>
      </trkpt>
      <trkpt lat="35.55748994462192058563232421875" lon="134.816973097622394561767578125">
        <ele>4.400000095367431640625</ele>
        <time>2026-08-01T08:35:48.000Z</time>
        <extensions>
          <ns3:TrackPointExtension>
            <ns3:atemp>33.0</ns3:atemp>
            <ns3:hr>157</ns3:hr>
            <ns3:cad>83</ns3:cad>
          </ns3:TrackPointExtension>
        </extensions>
      </trkpt>
      <trkpt lat="35.55749799124896526336669921875" lon="134.81695574708282947540283203125">
        <ele>4.599999904632568359375</ele>
        <time>2026-08-01T08:35:49.000Z</time>
        <extensions>
          <ns3:TrackPointExtension>
            <ns3:atemp>33.0</ns3:atemp>
            <ns3:hr>158</ns3:hr>
            <ns3:cad>83</ns3:cad>
          </ns3:TrackPointExtension>
        </extensions>
      </trkpt>
      <trkpt lat="35.55752045474946498870849609375" lon="134.8169357143342494964599609375">
        <ele>4.599999904632568359375</ele>
        <time>2026-08-01T08:35:50.000Z</time>
        <extensions>
          <ns3:TrackPointExtension>
            <ns3:atemp>33.0</ns3:atemp>
            <ns3:hr>158</ns3:hr>
            <ns3:cad>83</ns3:cad>
          </ns3:TrackPointExtension>
        </extensions>
      </trkpt>
      <trkpt lat="35.55753889493644237518310546875" lon="134.8169206269085407257080078125">
        <ele>4.599999904632568359375</ele>
        <time>2026-08-01T08:35:51.000Z</time>
        <extensions>
          <ns3:TrackPointExtension>
            <ns3:atemp>33.0</ns3:atemp>
            <ns3:hr>158</ns3:hr>
            <ns3:cad>83</ns3:cad>
          </ns3:TrackPointExtension>
        </extensions>
      </trkpt>
      <trkpt lat="35.557554401457309722900390625" lon="134.81689858250319957733154296875">
        <ele>4.400000095367431640625</ele>
        <time>2026-08-01T08:35:52.000Z</time>
        <extensions>
          <ns3:TrackPointExtension>
            <ns3:atemp>33.0</ns3:atemp>
            <ns3:hr>159</ns3:hr>
            <ns3:cad>83</ns3:cad>
          </ns3:TrackPointExtension>
        </extensions>
      </trkpt>
      <trkpt lat="35.557575523853302001953125" lon="134.81687125749886035919189453125">
        <ele>4.19999980926513671875</ele>
        <time>2026-08-01T08:35:53.000Z</time>
        <extensions>
          <ns3:TrackPointExtension>
            <ns3:atemp>33.0</ns3:atemp>
            <ns3:hr>159</ns3:hr>
            <ns3:cad>83</ns3:cad>
          </ns3:TrackPointExtension>
        </extensions>
      </trkpt>
      <trkpt lat="35.5575854144990444183349609375" lon="134.81685549952089786529541015625">
        <ele>4.19999980926513671875</ele>
        <time>2026-08-01T08:35:54.000Z</time>
        <extensions>
          <ns3:TrackPointExtension>
            <ns3:atemp>33.0</ns3:atemp>
            <ns3:hr>159</ns3:hr>
            <ns3:cad>82</ns3:cad>
          </ns3:TrackPointExtension>
        </extensions>
      </trkpt>
      <trkpt lat="35.55760611779987812042236328125" lon="134.8168359696865081787109375">
        <ele>4.19999980926513671875</ele>
        <time>2026-08-01T08:35:55.000Z</time>
        <extensions>
          <ns3:TrackPointExtension>
            <ns3:atemp>33.0</ns3:atemp>
            <ns3:hr>159</ns3:hr>
            <ns3:cad>82</ns3:cad>
          </ns3:TrackPointExtension>
        </extensions>
      </trkpt>
      <trkpt lat="35.5576283298432826995849609375" lon="134.8168150149285793304443359375">
        <ele>4.19999980926513671875</ele>
        <time>2026-08-01T08:35:56.000Z</time>
        <extensions>
          <ns3:TrackPointExtension>
            <ns3:atemp>33.0</ns3:atemp>
            <ns3:hr>159</ns3:hr>
            <ns3:cad>82</ns3:cad>
          </ns3:TrackPointExtension>
        </extensions>
      </trkpt>
      <trkpt lat="35.557641573250293731689453125" lon="134.8167918808758258819580078125">
        <ele>4.19999980926513671875</ele>
        <time>2026-08-01T08:35:57.000Z</time>
        <extensions>
          <ns3:TrackPointExtension>
            <ns3:atemp>33.0</ns3:atemp>
            <ns3:hr>159</ns3:hr>
            <ns3:cad>82</ns3:cad>
          </ns3:TrackPointExtension>
        </extensions>
      </trkpt>
      <trkpt lat="35.55766395293176174163818359375" lon="134.8167684115469455718994140625">
        <ele>4.19999980926513671875</ele>
        <time>2026-08-01T08:35:58.000Z</time>
        <extensions>
          <ns3:TrackPointExtension>
            <ns3:atemp>33.0</ns3:atemp>
            <ns3:hr>159</ns3:hr>
            <ns3:cad>83</ns3:cad>
          </ns3:TrackPointExtension>
        </extensions>
      </trkpt>
      <trkpt lat="35.5576787889003753662109375" lon="134.81675407849252223968505859375">
        <ele>4.19999980926513671875</ele>
        <time>2026-08-01T08:35:59.000Z</time>
        <extensions>
          <ns3:TrackPointExtension>
            <ns3:atemp>33.0</ns3:atemp>
            <ns3:hr>159</ns3:hr>
            <ns3:cad>83</ns3:cad>
          </ns3:TrackPointExtension>
        </extensions>
      </trkpt>
      <trkpt lat="35.55770250968635082244873046875" lon="134.816735051572322845458984375">
        <ele>4.19999980926513671875</ele>
        <time>2026-08-01T08:36:00.000Z</time>
        <extensions>
          <ns3:TrackPointExtension>
            <ns3:atemp>33.0</ns3:atemp>
            <ns3:hr>159</ns3:hr>
            <ns3:cad>83</ns3:cad>
          </ns3:TrackPointExtension>
        </extensions>
      </trkpt>
      <trkpt lat="35.557724721729755401611328125" lon="134.816714935004711151123046875">
        <ele>4.400000095367431640625</ele>
        <time>2026-08-01T08:36:01.000Z</time>
        <extensions>
          <ns3:TrackPointExtension>
            <ns3:atemp>33.0</ns3:atemp>
            <ns3:hr>159</ns3:hr>
            <ns3:cad>83</ns3:cad>
          </ns3:TrackPointExtension>
        </extensions>
      </trkpt>
      <trkpt lat="35.55774291045963764190673828125" lon="134.816704876720905303955078125">
        <ele>4.400000095367431640625</ele>
        <time>2026-08-01T08:36:02.000Z</time>
        <extensions>
          <ns3:TrackPointExtension>
            <ns3:atemp>33.0</ns3:atemp>
            <ns3:hr>160</ns3:hr>
            <ns3:cad>83</ns3:cad>
          </ns3:TrackPointExtension>
        </extensions>
      </trkpt>
      <trkpt lat="35.557769648730754852294921875" lon="134.8166862688958644866943359375">
        <ele>4.400000095367431640625</ele>
        <time>2026-08-01T08:36:03.000Z</time>
        <extensions>
          <ns3:TrackPointExtension>
            <ns3:atemp>33.0</ns3:atemp>
            <ns3:hr>160</ns3:hr>
            <ns3:cad>83</ns3:cad>
          </ns3:TrackPointExtension>
        </extensions>
      </trkpt>
      <trkpt lat="35.557789094746112823486328125" lon="134.8166752047836780548095703125">
        <ele>4.599999904632568359375</ele>
        <time>2026-08-01T08:36:04.000Z</time>
        <extensions>
          <ns3:TrackPointExtension>
            <ns3:atemp>33.0</ns3:atemp>
            <ns3:hr>160</ns3:hr>
            <ns3:cad>83</ns3:cad>
          </ns3:TrackPointExtension>
        </extensions>
      </trkpt>
      <trkpt lat="35.55781147442758083343505859375" lon="134.81665517203509807586669921875">
        <ele>4.599999904632568359375</ele>
        <time>2026-08-01T08:36:05.000Z</time>
        <extensions>
          <ns3:TrackPointExtension>
            <ns3:atemp>33.0</ns3:atemp>
            <ns3:hr>161</ns3:hr>
            <ns3:cad>83</ns3:cad>
          </ns3:TrackPointExtension>
        </extensions>
      </trkpt>
      <trkpt lat="35.55783662013709545135498046875" lon="134.81663924641907215118408203125">
        <ele>4.599999904632568359375</ele>
        <time>2026-08-01T08:36:06.000Z</time>
        <extensions>
          <ns3:TrackPointExtension>
            <ns3:atemp>33.0</ns3:atemp>
            <ns3:hr>160</ns3:hr>
            <ns3:cad>83</ns3:cad>
          </ns3:TrackPointExtension>
        </extensions>
      </trkpt>
      <trkpt lat="35.5578553117811679840087890625" lon="134.81661493889987468719482421875">
        <ele>4.80000019073486328125</ele>
        <time>2026-08-01T08:36:07.000Z</time>
        <extensions>
          <ns3:TrackPointExtension>
            <ns3:atemp>33.0</ns3:atemp>
            <ns3:hr>160</ns3:hr>
            <ns3:cad>83</ns3:cad>
          </ns3:TrackPointExtension>
        </extensions>
      </trkpt>
      <trkpt lat="35.55787383578717708587646484375" lon="134.81659926474094390869140625">
        <ele>4.80000019073486328125</ele>
        <time>2026-08-01T08:36:08.000Z</time>
        <extensions>
          <ns3:TrackPointExtension>
            <ns3:atemp>33.0</ns3:atemp>
            <ns3:hr>160</ns3:hr>
            <ns3:cad>82</ns3:cad>
          </ns3:TrackPointExtension>
        </extensions>
      </trkpt>
      <trkpt lat="35.55789428763091564178466796875" lon="134.81657755561172962188720703125">
        <ele>4.599999904632568359375</ele>
        <time>2026-08-01T08:36:09.000Z</time>
        <extensions>
          <ns3:TrackPointExtension>
            <ns3:atemp>33.0</ns3:atemp>
            <ns3:hr>161</ns3:hr>
            <ns3:cad>82</ns3:cad>
          </ns3:TrackPointExtension>
        </extensions>
      </trkpt>
      <trkpt lat="35.5579106323421001434326171875" lon="134.81655106879770755767822265625">
        <ele>4.599999904632568359375</ele>
        <time>2026-08-01T08:36:10.000Z</time>
        <extensions>
          <ns3:TrackPointExtension>
            <ns3:atemp>33.0</ns3:atemp>
            <ns3:hr>161</ns3:hr>
            <ns3:cad>82</ns3:cad>
          </ns3:TrackPointExtension>
        </extensions>
      </trkpt>
      <trkpt lat="35.5579268932342529296875" lon="134.81652776710689067840576171875">
        <ele>4.19999980926513671875</ele>
        <time>2026-08-01T08:36:11.000Z</time>
        <extensions>
          <ns3:TrackPointExtension>
            <ns3:atemp>33.0</ns3:atemp>
            <ns3:hr>162</ns3:hr>
            <ns3:cad>82</ns3:cad>
          </ns3:TrackPointExtension>
        </extensions>
      </trkpt>
      <trkpt lat="35.5579404719173908233642578125" lon="134.81650379486382007598876953125">
        <ele>4.19999980926513671875</ele>
        <time>2026-08-01T08:36:12.000Z</time>
        <extensions>
          <ns3:TrackPointExtension>
            <ns3:atemp>33.0</ns3:atemp>
            <ns3:hr>161</ns3:hr>
            <ns3:cad>82</ns3:cad>
          </ns3:TrackPointExtension>
        </extensions>
      </trkpt>
      <trkpt lat="35.55795916356146335601806640625" lon="134.8164814151823520660400390625">
        <ele>4.19999980926513671875</ele>
        <time>2026-08-01T08:36:13.000Z</time>
        <extensions>
          <ns3:TrackPointExtension>
            <ns3:atemp>33.0</ns3:atemp>
            <ns3:hr>161</ns3:hr>
            <ns3:cad>82</ns3:cad>
          </ns3:TrackPointExtension>
        </extensions>
      </trkpt>
      <trkpt lat="35.5579783581197261810302734375" lon="134.816461466252803802490234375">
        <ele>4.19999980926513671875</ele>
        <time>2026-08-01T08:36:14.000Z</time>
        <extensions>
          <ns3:TrackPointExtension>
            <ns3:atemp>33.0</ns3:atemp>
            <ns3:hr>161</ns3:hr>
            <ns3:cad>84</ns3:cad>
          </ns3:TrackPointExtension>
        </extensions>
      </trkpt>
      <trkpt lat="35.55799218825995922088623046875" lon="134.81644076295197010040283203125">
        <ele>4.400000095367431640625</ele>
        <time>2026-08-01T08:36:15.000Z</time>
        <extensions>
          <ns3:TrackPointExtension>
            <ns3:atemp>33.0</ns3:atemp>
            <ns3:hr>162</ns3:hr>
            <ns3:cad>84</ns3:cad>
          </ns3:TrackPointExtension>
        </extensions>
      </trkpt>
      <trkpt lat="35.55801448412239551544189453125" lon="134.81641930527985095977783203125">
        <ele>4.400000095367431640625</ele>
        <time>2026-08-01T08:36:16.000Z</time>
        <extensions>
          <ns3:TrackPointExtension>
            <ns3:atemp>33.0</ns3:atemp>
            <ns3:hr>162</ns3:hr>
            <ns3:cad>84</ns3:cad>
          </ns3:TrackPointExtension>
        </extensions>
      </trkpt>
      <trkpt lat="35.5580316670238971710205078125" lon="134.81639483012259006500244140625">
        <ele>4.19999980926513671875</ele>
        <time>2026-08-01T08:36:17.000Z</time>
        <extensions>
          <ns3:TrackPointExtension>
            <ns3:atemp>33.0</ns3:atemp>
            <ns3:hr>162</ns3:hr>
            <ns3:cad>84</ns3:cad>
          </ns3:TrackPointExtension>
        </extensions>
      </trkpt>
      <trkpt lat="35.55804968811571598052978515625" lon="134.81637454591691493988037109375">
        <ele>4.19999980926513671875</ele>
        <time>2026-08-01T08:36:18.000Z</time>
        <extensions>
          <ns3:TrackPointExtension>
            <ns3:atemp>33.0</ns3:atemp>
            <ns3:hr>162</ns3:hr>
            <ns3:cad>84</ns3:cad>
          </ns3:TrackPointExtension>
        </extensions>
      </trkpt>
      <trkpt lat="35.5580715648829936981201171875" lon="134.81635157950222492218017578125">
        <ele>4</ele>
        <time>2026-08-01T08:36:19.000Z</time>
        <extensions>
          <ns3:TrackPointExtension>
            <ns3:atemp>33.0</ns3:atemp>
            <ns3:hr>162</ns3:hr>
            <ns3:cad>84</ns3:cad>
          </ns3:TrackPointExtension>
        </extensions>
      </trkpt>
      <trkpt lat="35.55808355100452899932861328125" lon="134.81633062474429607391357421875">
        <ele>4</ele>
        <time>2026-08-01T08:36:20.000Z</time>
        <extensions>
          <ns3:TrackPointExtension>
            <ns3:atemp>33.0</ns3:atemp>
            <ns3:hr>162</ns3:hr>
            <ns3:cad>83</ns3:cad>
          </ns3:TrackPointExtension>
        </extensions>
      </trkpt>
      <trkpt lat="35.5581074394285678863525390625" lon="134.81630564667284488677978515625">
        <ele>4</ele>
        <time>2026-08-01T08:36:21.000Z</time>
        <extensions>
          <ns3:TrackPointExtension>
            <ns3:atemp>33.0</ns3:atemp>
            <ns3:hr>162</ns3:hr>
            <ns3:cad>83</ns3:cad>
          </ns3:TrackPointExtension>
        </extensions>
      </trkpt>
      <trkpt lat="35.55811665952205657958984375" lon="134.81629751622676849365234375">
        <ele>4.19999980926513671875</ele>
        <time>2026-08-01T08:36:22.000Z</time>
        <extensions>
          <ns3:TrackPointExtension>
            <ns3:atemp>33.0</ns3:atemp>
            <ns3:hr>162</ns3:hr>
            <ns3:cad>83</ns3:cad>
          </ns3:TrackPointExtension>
        </extensions>
      </trkpt>
      <trkpt lat="35.55813903920352458953857421875" lon="134.81627848930656909942626953125">
        <ele>4.400000095367431640625</ele>
        <time>2026-08-01T08:36:23.000Z</time>
        <extensions>
          <ns3:TrackPointExtension>
            <ns3:atemp>33.0</ns3:atemp>
            <ns3:hr>162</ns3:hr>
            <ns3:cad>83</ns3:cad>
          </ns3:TrackPointExtension>
        </extensions>
      </trkpt>
      <trkpt lat="35.5581600777804851531982421875" lon="134.816256947815418243408203125">
        <ele>4.599999904632568359375</ele>
        <time>2026-08-01T08:36:24.000Z</time>
        <extensions>
          <ns3:TrackPointExtension>
            <ns3:atemp>33.0</ns3:atemp>
            <ns3:hr>162</ns3:hr>
            <ns3:cad>84</ns3:cad>
          </ns3:TrackPointExtension>
        </extensions>
      </trkpt>
      <trkpt lat="35.5581785179674625396728515625" lon="134.8162356577813625335693359375">
        <ele>4.80000019073486328125</ele>
        <time>2026-08-01T08:36:25.000Z</time>
        <extensions>
          <ns3:TrackPointExtension>
            <ns3:atemp>33.0</ns3:atemp>
            <ns3:hr>162</ns3:hr>
            <ns3:cad>84</ns3:cad>
          </ns3:TrackPointExtension>
        </extensions>
      </trkpt>
      <trkpt lat="35.55820542387664318084716796875" lon="134.8162131942808628082275390625">
        <ele>4.80000019073486328125</ele>
        <time>2026-08-01T08:36:26.000Z</time>
        <extensions>
          <ns3:TrackPointExtension>
            <ns3:atemp>33.0</ns3:atemp>
            <ns3:hr>162</ns3:hr>
            <ns3:cad>84</ns3:cad>
          </ns3:TrackPointExtension>
        </extensions>
      </trkpt>
      <trkpt lat="35.558221600949764251708984375" lon="134.81619450263679027557373046875">
        <ele>4.599999904632568359375</ele>
        <time>2026-08-01T08:36:27.000Z</time>
        <extensions>
          <ns3:TrackPointExtension>
            <ns3:atemp>33.0</ns3:atemp>
            <ns3:hr>163</ns3:hr>
            <ns3:cad>83</ns3:cad>
          </ns3:TrackPointExtension>
        </extensions>
      </trkpt>
      <trkpt lat="35.558243058621883392333984375" lon="134.8161689378321170806884765625">
        <ele>4.400000095367431640625</ele>
        <time>2026-08-01T08:36:28.000Z</time>
        <extensions>
          <ns3:TrackPointExtension>
            <ns3:atemp>33.0</ns3:atemp>
            <ns3:hr>163</ns3:hr>
            <ns3:cad>83</ns3:cad>
          </ns3:TrackPointExtension>
        </extensions>
      </trkpt>
      <trkpt lat="35.55826577357947826385498046875" lon="134.81614421121776103973388671875">
        <ele>4.19999980926513671875</ele>
        <time>2026-08-01T08:36:29.000Z</time>
        <extensions>
          <ns3:TrackPointExtension>
            <ns3:atemp>33.0</ns3:atemp>
            <ns3:hr>163</ns3:hr>
            <ns3:cad>83</ns3:cad>
          </ns3:TrackPointExtension>
        </extensions>
      </trkpt>
      <trkpt lat="35.55827901698648929595947265625" lon="134.81612375937402248382568359375">
        <ele>4.19999980926513671875</ele>
        <time>2026-08-01T08:36:30.000Z</time>
        <extensions>
          <ns3:TrackPointExtension>
            <ns3:atemp>33.0</ns3:atemp>
            <ns3:hr>163</ns3:hr>
            <ns3:cad>83</ns3:cad>
          </ns3:TrackPointExtension>
        </extensions>
      </trkpt>
      <trkpt lat="35.55830248631536960601806640625" lon="134.8160995356738567352294921875">
        <ele>4.400000095367431640625</ele>
        <time>2026-08-01T08:36:31.000Z</time>
        <extensions>
          <ns3:TrackPointExtension>
            <ns3:atemp>33.0</ns3:atemp>
            <ns3:hr>162</ns3:hr>
            <ns3:cad>83</ns3:cad>
          </ns3:TrackPointExtension>
        </extensions>
      </trkpt>
      <trkpt lat="35.558320172131061553955078125" lon="134.81607866473495960235595703125">
        <ele>4.599999904632568359375</ele>
        <time>2026-08-01T08:36:32.000Z</time>
        <extensions>
          <ns3:TrackPointExtension>
            <ns3:atemp>33.0</ns3:atemp>
            <ns3:hr>162</ns3:hr>
            <ns3:cad>83</ns3:cad>
          </ns3:TrackPointExtension>
        </extensions>
      </trkpt>
      <trkpt lat="35.5583367682993412017822265625" lon="134.81605553068220615386962890625">
        <ele>4.80000019073486328125</ele>
        <time>2026-08-01T08:36:33.000Z</time>
        <extensions>
          <ns3:TrackPointExtension>
            <ns3:atemp>33.0</ns3:atemp>
            <ns3:hr>161</ns3:hr>
            <ns3:cad>83</ns3:cad>
          </ns3:TrackPointExtension>
        </extensions>
      </trkpt>
      <trkpt lat="35.55835898034274578094482421875" lon="134.8160324804484844207763671875">
        <ele>4.80000019073486328125</ele>
        <time>2026-08-01T08:36:34.000Z</time>
        <extensions>
          <ns3:TrackPointExtension>
            <ns3:atemp>33.0</ns3:atemp>
            <ns3:hr>161</ns3:hr>
            <ns3:cad>83</ns3:cad>
          </ns3:TrackPointExtension>
        </extensions>
      </trkpt>
      <trkpt lat="35.5583729781210422515869140625" lon="134.8160180635750293731689453125">
        <ele>4.80000019073486328125</ele>
        <time>2026-08-01T08:36:35.000Z</time>
        <extensions>
          <ns3:TrackPointExtension>
            <ns3:atemp>33.0</ns3:atemp>
            <ns3:hr>161</ns3:hr>
            <ns3:cad>83</ns3:cad>
          </ns3:TrackPointExtension>
        </extensions>
      </trkpt>
      <trkpt lat="35.558397956192493438720703125" lon="134.81600037775933742523193359375">
        <ele>4.80000019073486328125</ele>
        <time>2026-08-01T08:36:36.000Z</time>
        <extensions>
          <ns3:TrackPointExtension>
            <ns3:atemp>33.0</ns3:atemp>
            <ns3:hr>161</ns3:hr>
            <ns3:cad>83</ns3:cad>
          </ns3:TrackPointExtension>
        </extensions>
      </trkpt>
      <trkpt lat="35.55842201225459575653076171875" lon="134.81598244048655033111572265625">
        <ele>4.599999904632568359375</ele>
        <time>2026-08-01T08:36:37.000Z</time>
        <extensions>
          <ns3:TrackPointExtension>
            <ns3:atemp>33.0</ns3:atemp>
            <ns3:hr>161</ns3:hr>
            <ns3:cad>82</ns3:cad>
          </ns3:TrackPointExtension>
        </extensions>
      </trkpt>
      <trkpt lat="35.5584353394806385040283203125" lon="134.81595930643379688262939453125">
        <ele>4.400000095367431640625</ele>
        <time>2026-08-01T08:36:38.000Z</time>
        <extensions>
          <ns3:TrackPointExtension>
            <ns3:atemp>33.0</ns3:atemp>
            <ns3:hr>161</ns3:hr>
            <ns3:cad>82</ns3:cad>
          </ns3:TrackPointExtension>
        </extensions>
      </trkpt>
      <trkpt lat="35.5584608204662799835205078125" lon="134.815939106047153472900390625">
        <ele>4.400000095367431640625</ele>
        <time>2026-08-01T08:36:39.000Z</time>
        <extensions>
          <ns3:TrackPointExtension>
            <ns3:atemp>33.0</ns3:atemp>
            <ns3:hr>161</ns3:hr>
            <ns3:cad>82</ns3:cad>
          </ns3:TrackPointExtension>
        </extensions>
      </trkpt>
      <trkpt lat="35.55847867392003536224365234375" lon="134.81592410244047641754150390625">
        <ele>4.400000095367431640625</ele>
        <time>2026-08-01T08:36:40.000Z</time>
        <extensions>
          <ns3:TrackPointExtension>
            <ns3:atemp>33.0</ns3:atemp>
            <ns3:hr>161</ns3:hr>
            <ns3:cad>83</ns3:cad>
          </ns3:TrackPointExtension>
        </extensions>
      </trkpt>
      <trkpt lat="35.55849895812571048736572265625" lon="134.8159050755202770233154296875">
        <ele>4.400000095367431640625</ele>
        <time>2026-08-01T08:36:41.000Z</time>
        <extensions>
          <ns3:TrackPointExtension>
            <ns3:atemp>33.0</ns3:atemp>
            <ns3:hr>160</ns3:hr>
            <ns3:cad>83</ns3:cad>
          </ns3:TrackPointExtension>
        </extensions>
      </trkpt>
      <trkpt lat="35.55851924233138561248779296875" lon="134.81588219292461872100830078125">
        <ele>4.400000095367431640625</ele>
        <time>2026-08-01T08:36:42.000Z</time>
        <extensions>
          <ns3:TrackPointExtension>
            <ns3:atemp>33.0</ns3:atemp>
            <ns3:hr>161</ns3:hr>
            <ns3:cad>83</ns3:cad>
          </ns3:TrackPointExtension>
        </extensions>
      </trkpt>
      <trkpt lat="35.55853080935776233673095703125" lon="134.81586844660341739654541015625">
        <ele>4.400000095367431640625</ele>
        <time>2026-08-01T08:36:43.000Z</time>
        <extensions>
          <ns3:TrackPointExtension>
            <ns3:atemp>33.0</ns3:atemp>
            <ns3:hr>161</ns3:hr>
            <ns3:cad>82</ns3:cad>
          </ns3:TrackPointExtension>
        </extensions>
      </trkpt>
      <trkpt lat="35.558554865419864654541015625" lon="134.815847240388393402099609375">
        <ele>4.400000095367431640625</ele>
        <time>2026-08-01T08:36:44.000Z</time>
        <extensions>
          <ns3:TrackPointExtension>
            <ns3:atemp>33.0</ns3:atemp>
            <ns3:hr>161</ns3:hr>
            <ns3:cad>82</ns3:cad>
          </ns3:TrackPointExtension>
        </extensions>
      </trkpt>
      <trkpt lat="35.55857037194073200225830078125" lon="134.81582452543079853057861328125">
        <ele>4.599999904632568359375</ele>
        <time>2026-08-01T08:36:45.000Z</time>
        <extensions>
          <ns3:TrackPointExtension>
            <ns3:atemp>33.0</ns3:atemp>
            <ns3:hr>161</ns3:hr>
            <ns3:cad>82</ns3:cad>
          </ns3:TrackPointExtension>
        </extensions>
      </trkpt>
      <trkpt lat="35.558578670024871826171875" lon="134.81579862534999847412109375">
        <ele>4.599999904632568359375</ele>
        <time>2026-08-01T08:36:46.000Z</time>
        <extensions>
          <ns3:TrackPointExtension>
            <ns3:atemp>33.0</ns3:atemp>
            <ns3:hr>161</ns3:hr>
            <ns3:cad>82</ns3:cad>
          </ns3:TrackPointExtension>
        </extensions>
      </trkpt>
      <trkpt lat="35.55859677493572235107421875" lon="134.81576903723180294036865234375">
        <ele>4.80000019073486328125</ele>
        <time>2026-08-01T08:36:47.000Z</time>
        <extensions>
          <ns3:TrackPointExtension>
            <ns3:atemp>33.0</ns3:atemp>
            <ns3:hr>162</ns3:hr>
            <ns3:cad>83</ns3:cad>
          </ns3:TrackPointExtension>
        </extensions>
      </trkpt>
      <trkpt lat="35.55861479602754116058349609375" lon="134.81574489735066890716552734375">
        <ele>4.599999904632568359375</ele>
        <time>2026-08-01T08:36:48.000Z</time>
        <extensions>
          <ns3:TrackPointExtension>
            <ns3:atemp>33.0</ns3:atemp>
            <ns3:hr>162</ns3:hr>
            <ns3:cad>83</ns3:cad>
          </ns3:TrackPointExtension>
        </extensions>
      </trkpt>
      <trkpt lat="35.55863357149064540863037109375" lon="134.81572360731661319732666015625">
        <ele>4.599999904632568359375</ele>
        <time>2026-08-01T08:36:49.000Z</time>
        <extensions>
          <ns3:TrackPointExtension>
            <ns3:atemp>33.0</ns3:atemp>
            <ns3:hr>162</ns3:hr>
            <ns3:cad>82</ns3:cad>
          </ns3:TrackPointExtension>
        </extensions>
      </trkpt>
      <trkpt lat="35.55865402333438396453857421875" lon="134.8157018981873989105224609375">
        <ele>4.599999904632568359375</ele>
        <time>2026-08-01T08:36:50.000Z</time>
        <extensions>
          <ns3:TrackPointExtension>
            <ns3:atemp>33.0</ns3:atemp>
            <ns3:hr>162</ns3:hr>
            <ns3:cad>82</ns3:cad>
          </ns3:TrackPointExtension>
        </extensions>
      </trkpt>
      <trkpt lat="35.5586658418178558349609375" lon="134.8156878165900707244873046875">
        <ele>4.599999904632568359375</ele>
        <time>2026-08-01T08:36:51.000Z</time>
        <extensions>
          <ns3:TrackPointExtension>
            <ns3:atemp>33.0</ns3:atemp>
            <ns3:hr>162</ns3:hr>
            <ns3:cad>82</ns3:cad>
          </ns3:TrackPointExtension>
        </extensions>
      </trkpt>
      <trkpt lat="35.55868688039481639862060546875" lon="134.81566258706152439117431640625">
        <ele>4.599999904632568359375</ele>
        <time>2026-08-01T08:36:52.000Z</time>
        <extensions>
          <ns3:TrackPointExtension>
            <ns3:atemp>33.0</ns3:atemp>
            <ns3:hr>163</ns3:hr>
            <ns3:cad>82</ns3:cad>
          </ns3:TrackPointExtension>
        </extensions>
      </trkpt>
      <trkpt lat="35.5587035603821277618408203125" lon="134.8156495951116085052490234375">
        <ele>4.599999904632568359375</ele>
        <time>2026-08-01T08:36:53.000Z</time>
        <extensions>
          <ns3:TrackPointExtension>
            <ns3:atemp>33.0</ns3:atemp>
            <ns3:hr>163</ns3:hr>
            <ns3:cad>83</ns3:cad>
          </ns3:TrackPointExtension>
        </extensions>
      </trkpt>
      <trkpt lat="35.5587203241884708404541015625" lon="134.8156304843723773956298828125">
        <ele>4.599999904632568359375</ele>
        <time>2026-08-01T08:36:54.000Z</time>
        <extensions>
          <ns3:TrackPointExtension>
            <ns3:atemp>33.0</ns3:atemp>
            <ns3:hr>163</ns3:hr>
            <ns3:cad>84</ns3:cad>
          </ns3:TrackPointExtension>
        </extensions>
      </trkpt>
      <trkpt lat="35.5587437935173511505126953125" lon="134.81560609303414821624755859375">
        <ele>4.599999904632568359375</ele>
        <time>2026-08-01T08:36:55.000Z</time>
        <extensions>
          <ns3:TrackPointExtension>
            <ns3:atemp>33.0</ns3:atemp>
            <ns3:hr>164</ns3:hr>
            <ns3:cad>84</ns3:cad>
          </ns3:TrackPointExtension>
        </extensions>
      </trkpt>
      <trkpt lat="35.55875427089631557464599609375" lon="134.815590418875217437744140625">
        <ele>4.80000019073486328125</ele>
        <time>2026-08-01T08:36:56.000Z</time>
        <extensions>
          <ns3:TrackPointExtension>
            <ns3:atemp>33.0</ns3:atemp>
            <ns3:hr>164</ns3:hr>
            <ns3:cad>84</ns3:cad>
          </ns3:TrackPointExtension>
        </extensions>
      </trkpt>
      <trkpt lat="35.5587796680629253387451171875" lon="134.8155637644231319427490234375">
        <ele>4.80000019073486328125</ele>
        <time>2026-08-01T08:36:57.000Z</time>
        <extensions>
          <ns3:TrackPointExtension>
            <ns3:atemp>33.0</ns3:atemp>
            <ns3:hr>164</ns3:hr>
            <ns3:cad>84</ns3:cad>
          </ns3:TrackPointExtension>
        </extensions>
      </trkpt>
      <trkpt lat="35.55879928171634674072265625" lon="134.8155458271503448486328125">
        <ele>4.80000019073486328125</ele>
        <time>2026-08-01T08:36:58.000Z</time>
        <extensions>
          <ns3:TrackPointExtension>
            <ns3:atemp>33.0</ns3:atemp>
            <ns3:hr>164</ns3:hr>
            <ns3:cad>84</ns3:cad>
          </ns3:TrackPointExtension>
        </extensions>
      </trkpt>
      <trkpt lat="35.55881797336041927337646484375" lon="134.81552327983081340789794921875">
        <ele>4.80000019073486328125</ele>
        <time>2026-08-01T08:36:59.000Z</time>
        <extensions>
          <ns3:TrackPointExtension>
            <ns3:atemp>33.0</ns3:atemp>
            <ns3:hr>164</ns3:hr>
            <ns3:cad>84</ns3:cad>
          </ns3:TrackPointExtension>
        </extensions>
      </trkpt>
      <trkpt lat="35.5588406883180141448974609375" lon="134.815499223768711090087890625">
        <ele>4.599999904632568359375</ele>
        <time>2026-08-01T08:37:00.000Z</time>
        <extensions>
          <ns3:TrackPointExtension>
            <ns3:atemp>33.0</ns3:atemp>
            <ns3:hr>165</ns3:hr>
            <ns3:cad>84</ns3:cad>
          </ns3:TrackPointExtension>
        </extensions>
      </trkpt>
      <trkpt lat="35.55884948931634426116943359375" lon="134.815478436648845672607421875">
        <ele>4.599999904632568359375</ele>
        <time>2026-08-01T08:37:01.000Z</time>
        <extensions>
          <ns3:TrackPointExtension>
            <ns3:atemp>33.0</ns3:atemp>
            <ns3:hr>165</ns3:hr>
            <ns3:cad>84</ns3:cad>
          </ns3:TrackPointExtension>
        </extensions>
      </trkpt>
      <trkpt lat="35.5588675104081630706787109375" lon="134.8154571466147899627685546875">
        <ele>4.599999904632568359375</ele>
        <time>2026-08-01T08:37:02.000Z</time>
        <extensions>
          <ns3:TrackPointExtension>
            <ns3:atemp>33.0</ns3:atemp>
            <ns3:hr>165</ns3:hr>
            <ns3:cad>84</ns3:cad>
          </ns3:TrackPointExtension>
        </extensions>
      </trkpt>
      <trkpt lat="35.55888636969029903411865234375" lon="134.8154492676258087158203125">
        <ele>4.599999904632568359375</ele>
        <time>2026-08-01T08:37:03.000Z</time>
        <extensions>
          <ns3:TrackPointExtension>
            <ns3:atemp>33.0</ns3:atemp>
            <ns3:hr>165</ns3:hr>
            <ns3:cad>84</ns3:cad>
          </ns3:TrackPointExtension>
        </extensions>
      </trkpt>
      <trkpt lat="35.55890522897243499755859375" lon="134.815428145229816436767578125">
        <ele>4.599999904632568359375</ele>
        <time>2026-08-01T08:37:04.000Z</time>
        <extensions>
          <ns3:TrackPointExtension>
            <ns3:atemp>33.0</ns3:atemp>
            <ns3:hr>165</ns3:hr>
            <ns3:cad>84</ns3:cad>
          </ns3:TrackPointExtension>
        </extensions>
      </trkpt>
      <trkpt lat="35.5589261837303638458251953125" lon="134.8153971321880817413330078125">
        <ele>4.599999904632568359375</ele>
        <time>2026-08-01T08:37:05.000Z</time>
        <extensions>
          <ns3:TrackPointExtension>
            <ns3:atemp>33.0</ns3:atemp>
            <ns3:hr>165</ns3:hr>
            <ns3:cad>83</ns3:cad>
          </ns3:TrackPointExtension>
        </extensions>
      </trkpt>
      <trkpt lat="35.55893582291901111602783203125" lon="134.815387241542339324951171875">
        <ele>4.599999904632568359375</ele>
        <time>2026-08-01T08:37:06.000Z</time>
        <extensions>
          <ns3:TrackPointExtension>
            <ns3:atemp>33.0</ns3:atemp>
            <ns3:hr>165</ns3:hr>
            <ns3:cad>83</ns3:cad>
          </ns3:TrackPointExtension>
        </extensions>
      </trkpt>
      <trkpt lat="35.55895996280014514923095703125" lon="134.8153669573366641998291015625">
        <ele>4.599999904632568359375</ele>
        <time>2026-08-01T08:37:07.000Z</time>
        <extensions>
          <ns3:TrackPointExtension>
            <ns3:atemp>33.0</ns3:atemp>
            <ns3:hr>165</ns3:hr>
            <ns3:cad>83</ns3:cad>
          </ns3:TrackPointExtension>
        </extensions>
      </trkpt>
      <trkpt lat="35.55898074992001056671142578125" lon="134.8153485171496868133544921875">
        <ele>4.599999904632568359375</ele>
        <time>2026-08-01T08:37:08.000Z</time>
        <extensions>
          <ns3:TrackPointExtension>
            <ns3:atemp>33.0</ns3:atemp>
            <ns3:hr>165</ns3:hr>
            <ns3:cad>83</ns3:cad>
          </ns3:TrackPointExtension>
        </extensions>
      </trkpt>
      <trkpt lat="35.5589999444782733917236328125" lon="134.8153290711343288421630859375">
        <ele>4.599999904632568359375</ele>
        <time>2026-08-01T08:37:09.000Z</time>
        <extensions>
          <ns3:TrackPointExtension>
            <ns3:atemp>33.0</ns3:atemp>
            <ns3:hr>165</ns3:hr>
            <ns3:cad>83</ns3:cad>
          </ns3:TrackPointExtension>
        </extensions>
      </trkpt>
      <trkpt lat="35.55902131833136081695556640625" lon="134.8152999021112918853759765625">
        <ele>4.80000019073486328125</ele>
        <time>2026-08-01T08:37:10.000Z</time>
        <extensions>
          <ns3:TrackPointExtension>
            <ns3:atemp>33.0</ns3:atemp>
            <ns3:hr>164</ns3:hr>
            <ns3:cad>83</ns3:cad>
          </ns3:TrackPointExtension>
        </extensions>
      </trkpt>
      <trkpt lat="35.55903975851833820343017578125" lon="134.81528389267623424530029296875">
        <ele>4.80000019073486328125</ele>
        <time>2026-08-01T08:37:11.000Z</time>
        <extensions>
          <ns3:TrackPointExtension>
            <ns3:atemp>33.0</ns3:atemp>
            <ns3:hr>165</ns3:hr>
            <ns3:cad>83</ns3:cad>
          </ns3:TrackPointExtension>
        </extensions>
      </trkpt>
      <trkpt lat="35.559059120714664459228515625" lon="134.8152588307857513427734375">
        <ele>4.80000019073486328125</ele>
        <time>2026-08-01T08:37:12.000Z</time>
        <extensions>
          <ns3:TrackPointExtension>
            <ns3:atemp>33.0</ns3:atemp>
            <ns3:hr>165</ns3:hr>
            <ns3:cad>83</ns3:cad>
          </ns3:TrackPointExtension>
        </extensions>
      </trkpt>
      <trkpt lat="35.5590787343680858612060546875" lon="134.815236032009124755859375">
        <ele>4.80000019073486328125</ele>
        <time>2026-08-01T08:37:13.000Z</time>
        <extensions>
          <ns3:TrackPointExtension>
            <ns3:atemp>33.0</ns3:atemp>
            <ns3:hr>165</ns3:hr>
            <ns3:cad>83</ns3:cad>
          </ns3:TrackPointExtension>
        </extensions>
      </trkpt>
      <trkpt lat="35.55908870883285999298095703125" lon="134.81521633453667163848876953125">
        <ele>4.80000019073486328125</ele>
        <time>2026-08-01T08:37:14.000Z</time>
        <extensions>
          <ns3:TrackPointExtension>
            <ns3:atemp>33.0</ns3:atemp>
            <ns3:hr>165</ns3:hr>
            <ns3:cad>83</ns3:cad>
          </ns3:TrackPointExtension>
        </extensions>
      </trkpt>
      <trkpt lat="35.5591169558465480804443359375" lon="134.815194793045520782470703125">
        <ele>4.599999904632568359375</ele>
        <time>2026-08-01T08:37:15.000Z</time>
        <extensions>
          <ns3:TrackPointExtension>
            <ns3:atemp>33.0</ns3:atemp>
            <ns3:hr>165</ns3:hr>
            <ns3:cad>82</ns3:cad>
          </ns3:TrackPointExtension>
        </extensions>
      </trkpt>
      <trkpt lat="35.55913883261382579803466796875" lon="134.815180711448192596435546875">
        <ele>4.599999904632568359375</ele>
        <time>2026-08-01T08:37:16.000Z</time>
        <extensions>
          <ns3:TrackPointExtension>
            <ns3:atemp>33.0</ns3:atemp>
            <ns3:hr>165</ns3:hr>
            <ns3:cad>82</ns3:cad>
          </ns3:TrackPointExtension>
        </extensions>
      </trkpt>
      <trkpt lat="35.55915593169629573822021484375" lon="134.81515967287123203277587890625">
        <ele>4.599999904632568359375</ele>
        <time>2026-08-01T08:37:17.000Z</time>
        <extensions>
          <ns3:TrackPointExtension>
            <ns3:atemp>33.0</ns3:atemp>
            <ns3:hr>165</ns3:hr>
            <ns3:cad>82</ns3:cad>
          </ns3:TrackPointExtension>
        </extensions>
      </trkpt>
      <trkpt lat="35.559180490672588348388671875" lon="134.8151352815330028533935546875">
        <ele>4.599999904632568359375</ele>
        <time>2026-08-01T08:37:18.000Z</time>
        <extensions>
          <ns3:TrackPointExtension>
            <ns3:atemp>33.0</ns3:atemp>
            <ns3:hr>165</ns3:hr>
            <ns3:cad>83</ns3:cad>
          </ns3:TrackPointExtension>
        </extensions>
      </trkpt>
      <trkpt lat="35.559191890060901641845703125" lon="134.815117679536342620849609375">
        <ele>4.599999904632568359375</ele>
        <time>2026-08-01T08:37:19.000Z</time>
        <extensions>
          <ns3:TrackPointExtension>
            <ns3:atemp>33.0</ns3:atemp>
            <ns3:hr>165</ns3:hr>
            <ns3:cad>83</ns3:cad>
          </ns3:TrackPointExtension>
        </extensions>
      </trkpt>
      <trkpt lat="35.55921259336173534393310546875" lon="134.81509194709360599517822265625">
        <ele>4.400000095367431640625</ele>
        <time>2026-08-01T08:37:20.000Z</time>
        <extensions>
          <ns3:TrackPointExtension>
            <ns3:atemp>33.0</ns3:atemp>
            <ns3:hr>165</ns3:hr>
            <ns3:cad>83</ns3:cad>
          </ns3:TrackPointExtension>
        </extensions>
      </trkpt>
      <trkpt lat="35.55923488922417163848876953125" lon="134.81506638228893280029296875">
        <ele>4.400000095367431640625</ele>
        <time>2026-08-01T08:37:21.000Z</time>
        <extensions>
          <ns3:TrackPointExtension>
            <ns3:atemp>33.0</ns3:atemp>
            <ns3:hr>164</ns3:hr>
            <ns3:cad>83</ns3:cad>
          </ns3:TrackPointExtension>
        </extensions>
      </trkpt>
      <trkpt lat="35.55924796499311923980712890625" lon="134.81504400260746479034423828125">
        <ele>4.19999980926513671875</ele>
        <time>2026-08-01T08:37:22.000Z</time>
        <extensions>
          <ns3:TrackPointExtension>
            <ns3:atemp>33.0</ns3:atemp>
            <ns3:hr>164</ns3:hr>
            <ns3:cad>82</ns3:cad>
          </ns3:TrackPointExtension>
        </extensions>
      </trkpt>
      <trkpt lat="35.559271015226840972900390625" lon="134.8150162585079669952392578125">
        <ele>4.19999980926513671875</ele>
        <time>2026-08-01T08:37:23.000Z</time>
        <extensions>
          <ns3:TrackPointExtension>
            <ns3:atemp>33.0</ns3:atemp>
            <ns3:hr>164</ns3:hr>
            <ns3:cad>82</ns3:cad>
          </ns3:TrackPointExtension>
        </extensions>
      </trkpt>
      <trkpt lat="35.559281408786773681640625" lon="134.8149988241493701934814453125">
        <ele>4.19999980926513671875</ele>
        <time>2026-08-01T08:37:24.000Z</time>
        <extensions>
          <ns3:TrackPointExtension>
            <ns3:atemp>33.0</ns3:atemp>
            <ns3:hr>164</ns3:hr>
            <ns3:cad>82</ns3:cad>
          </ns3:TrackPointExtension>
        </extensions>
      </trkpt>
      <trkpt lat="35.5593016929924488067626953125" lon="134.81497518718242645263671875">
        <ele>4.19999980926513671875</ele>
        <time>2026-08-01T08:37:25.000Z</time>
        <extensions>
          <ns3:TrackPointExtension>
            <ns3:atemp>33.0</ns3:atemp>
            <ns3:hr>164</ns3:hr>
            <ns3:cad>82</ns3:cad>
          </ns3:TrackPointExtension>
        </extensions>
      </trkpt>
      <trkpt lat="35.55932457558810710906982421875" lon="134.81496118940412998199462890625">
        <ele>4.19999980926513671875</ele>
        <time>2026-08-01T08:37:26.000Z</time>
        <extensions>
          <ns3:TrackPointExtension>
            <ns3:atemp>33.0</ns3:atemp>
            <ns3:hr>164</ns3:hr>
            <ns3:cad>83</ns3:cad>
          </ns3:TrackPointExtension>
        </extensions>
      </trkpt>
      <trkpt lat="35.559341423213481903076171875" lon="134.81494970619678497314453125">
        <ele>4.19999980926513671875</ele>
        <time>2026-08-01T08:37:27.000Z</time>
        <extensions>
          <ns3:TrackPointExtension>
            <ns3:atemp>33.0</ns3:atemp>
            <ns3:hr>164</ns3:hr>
            <ns3:cad>83</ns3:cad>
          </ns3:TrackPointExtension>
        </extensions>
      </trkpt>
      <trkpt lat="35.55936799384653568267822265625" lon="134.81494643725454807281494140625">
        <ele>4.19999980926513671875</ele>
        <time>2026-08-01T08:37:28.000Z</time>
        <extensions>
          <ns3:TrackPointExtension>
            <ns3:atemp>33.0</ns3:atemp>
            <ns3:hr>165</ns3:hr>
            <ns3:cad>83</ns3:cad>
          </ns3:TrackPointExtension>
        </extensions>
      </trkpt>
      <trkpt lat="35.5593948997557163238525390625" lon="134.81495800428092479705810546875">
        <ele>4.19999980926513671875</ele>
        <time>2026-08-01T08:37:29.000Z</time>
        <extensions>
          <ns3:TrackPointExtension>
            <ns3:atemp>33.0</ns3:atemp>
            <ns3:hr>164</ns3:hr>
            <ns3:cad>83</ns3:cad>
          </ns3:TrackPointExtension>
        </extensions>
      </trkpt>
      <trkpt lat="35.55941610597074031829833984375" lon="134.81496806256473064422607421875">
        <ele>4.19999980926513671875</ele>
        <time>2026-08-01T08:37:30.000Z</time>
        <extensions>
          <ns3:TrackPointExtension>
            <ns3:atemp>33.0</ns3:atemp>
            <ns3:hr>164</ns3:hr>
            <ns3:cad>83</ns3:cad>
          </ns3:TrackPointExtension>
        </extensions>
      </trkpt>
      <trkpt lat="35.559437982738018035888671875" lon="134.814993627369403839111328125">
        <ele>4.400000095367431640625</ele>
        <time>2026-08-01T08:37:31.000Z</time>
        <extensions>
          <ns3:TrackPointExtension>
            <ns3:atemp>33.0</ns3:atemp>
            <ns3:hr>165</ns3:hr>
            <ns3:cad>81</ns3:cad>
          </ns3:TrackPointExtension>
        </extensions>
      </trkpt>
      <trkpt lat="35.55945575237274169921875" lon="134.815019778907299041748046875">
        <ele>4.400000095367431640625</ele>
        <time>2026-08-01T08:37:32.000Z</time>
        <extensions>
          <ns3:TrackPointExtension>
            <ns3:atemp>33.0</ns3:atemp>
            <ns3:hr>164</ns3:hr>
            <ns3:cad>81</ns3:cad>
          </ns3:TrackPointExtension>
        </extensions>
      </trkpt>
      <trkpt lat="35.559479556977748870849609375" lon="134.81503017246723175048828125">
        <ele>4.400000095367431640625</ele>
        <time>2026-08-01T08:37:33.000Z</time>
        <extensions>
          <ns3:TrackPointExtension>
            <ns3:atemp>33.0</ns3:atemp>
            <ns3:hr>164</ns3:hr>
            <ns3:cad>81</ns3:cad>
          </ns3:TrackPointExtension>
        </extensions>
      </trkpt>
      <trkpt lat="35.55951132439076900482177734375" lon="134.8150442540645599365234375">
        <ele>4.400000095367431640625</ele>
        <time>2026-08-01T08:37:34.000Z</time>
        <extensions>
          <ns3:TrackPointExtension>
            <ns3:atemp>33.0</ns3:atemp>
            <ns3:hr>164</ns3:hr>
            <ns3:cad>82</ns3:cad>
          </ns3:TrackPointExtension>
        </extensions>
      </trkpt>
      <trkpt lat="35.5595296807587146759033203125" lon="134.815045930445194244384765625">
        <ele>4.400000095367431640625</ele>
        <time>2026-08-01T08:37:35.000Z</time>
        <extensions>
          <ns3:TrackPointExtension>
            <ns3:atemp>33.0</ns3:atemp>
            <ns3:hr>164</ns3:hr>
            <ns3:cad>82</ns3:cad>
          </ns3:TrackPointExtension>
        </extensions>
      </trkpt>
      <trkpt lat="35.55955776013433933258056640625" lon="134.81503880582749843597412109375">
        <ele>4.400000095367431640625</ele>
        <time>2026-08-01T08:37:36.000Z</time>
        <extensions>
          <ns3:TrackPointExtension>
            <ns3:atemp>33.0</ns3:atemp>
            <ns3:hr>163</ns3:hr>
            <ns3:cad>82</ns3:cad>
          </ns3:TrackPointExtension>
        </extensions>
      </trkpt>
      <trkpt lat="35.55957980453968048095703125" lon="134.81502237729728221893310546875">
        <ele>4.400000095367431640625</ele>
        <time>2026-08-01T08:37:37.000Z</time>
        <extensions>
          <ns3:TrackPointExtension>
            <ns3:atemp>33.0</ns3:atemp>
            <ns3:hr>163</ns3:hr>
            <ns3:cad>82</ns3:cad>
          </ns3:TrackPointExtension>
        </extensions>
      </trkpt>
      <trkpt lat="35.55959296412765979766845703125" lon="134.8150067031383514404296875">
        <ele>4.599999904632568359375</ele>
        <time>2026-08-01T08:37:38.000Z</time>
        <extensions>
          <ns3:TrackPointExtension>
            <ns3:atemp>33.0</ns3:atemp>
            <ns3:hr>163</ns3:hr>
            <ns3:cad>81</ns3:cad>
          </ns3:TrackPointExtension>
        </extensions>
      </trkpt>
      <trkpt lat="35.55962012149393558502197265625" lon="134.81498985551297664642333984375">
        <ele>4.599999904632568359375</ele>
        <time>2026-08-01T08:37:39.000Z</time>
        <extensions>
          <ns3:TrackPointExtension>
            <ns3:atemp>33.0</ns3:atemp>
            <ns3:hr>163</ns3:hr>
            <ns3:cad>81</ns3:cad>
          </ns3:TrackPointExtension>
        </extensions>
      </trkpt>
      <trkpt lat="35.55964493192732334136962890625" lon="134.81497745029628276824951171875">
        <ele>4.80000019073486328125</ele>
        <time>2026-08-01T08:37:40.000Z</time>
        <extensions>
          <ns3:TrackPointExtension>
            <ns3:atemp>33.0</ns3:atemp>
            <ns3:hr>163</ns3:hr>
            <ns3:cad>81</ns3:cad>
          </ns3:TrackPointExtension>
        </extensions>
      </trkpt>
      <trkpt lat="35.5596644617617130279541015625" lon="134.81495934538543224334716796875">
        <ele>4.80000019073486328125</ele>
        <time>2026-08-01T08:37:41.000Z</time>
        <extensions>
          <ns3:TrackPointExtension>
            <ns3:atemp>33.0</ns3:atemp>
            <ns3:hr>163</ns3:hr>
            <ns3:cad>82</ns3:cad>
          </ns3:TrackPointExtension>
        </extensions>
      </trkpt>
      <trkpt lat="35.559694133698940277099609375" lon="134.8149404861032962799072265625">
        <ele>5</ele>
        <time>2026-08-01T08:37:42.000Z</time>
        <extensions>
          <ns3:TrackPointExtension>
            <ns3:atemp>33.0</ns3:atemp>
            <ns3:hr>162</ns3:hr>
            <ns3:cad>82</ns3:cad>
          </ns3:TrackPointExtension>
        </extensions>
      </trkpt>
      <trkpt lat="35.5597050301730632781982421875" lon="134.81492690742015838623046875">
        <ele>5.19999980926513671875</ele>
        <time>2026-08-01T08:37:43.000Z</time>
        <extensions>
          <ns3:TrackPointExtension>
            <ns3:atemp>33.0</ns3:atemp>
            <ns3:hr>162</ns3:hr>
            <ns3:cad>82</ns3:cad>
          </ns3:TrackPointExtension>
        </extensions>
      </trkpt>
      <trkpt lat="35.55972724221646785736083984375" lon="134.81491089798510074615478515625">
        <ele>5.19999980926513671875</ele>
        <time>2026-08-01T08:37:44.000Z</time>
        <extensions>
          <ns3:TrackPointExtension>
            <ns3:atemp>33.0</ns3:atemp>
            <ns3:hr>162</ns3:hr>
            <ns3:cad>82</ns3:cad>
          </ns3:TrackPointExtension>
        </extensions>
      </trkpt>
      <trkpt lat="35.5597476102411746978759765625" lon="134.8148967325687408447265625">
        <ele>5.400000095367431640625</ele>
        <time>2026-08-01T08:37:45.000Z</time>
        <extensions>
          <ns3:TrackPointExtension>
            <ns3:atemp>33.0</ns3:atemp>
            <ns3:hr>163</ns3:hr>
            <ns3:cad>82</ns3:cad>
          </ns3:TrackPointExtension>
        </extensions>
      </trkpt>
      <trkpt lat="35.55976194329559803009033203125" lon="134.81488223187625408172607421875">
        <ele>5.599999904632568359375</ele>
        <time>2026-08-01T08:37:46.000Z</time>
        <extensions>
          <ns3:TrackPointExtension>
            <ns3:atemp>33.0</ns3:atemp>
            <ns3:hr>163</ns3:hr>
            <ns3:cad>82</ns3:cad>
          </ns3:TrackPointExtension>
        </extensions>
      </trkpt>
      <trkpt lat="35.5597865022718906402587890625" lon="134.81486462987959384918212890625">
        <ele>5.80000019073486328125</ele>
        <time>2026-08-01T08:37:47.000Z</time>
        <extensions>
          <ns3:TrackPointExtension>
            <ns3:atemp>33.0</ns3:atemp>
            <ns3:hr>163</ns3:hr>
            <ns3:cad>83</ns3:cad>
          </ns3:TrackPointExtension>
        </extensions>
      </trkpt>
      <trkpt lat="35.559808127582073211669921875" lon="134.81485054828226566314697265625">
        <ele>6</ele>
        <time>2026-08-01T08:37:48.000Z</time>
        <extensions>
          <ns3:TrackPointExtension>
            <ns3:atemp>33.0</ns3:atemp>
            <ns3:hr>163</ns3:hr>
            <ns3:cad>82</ns3:cad>
          </ns3:TrackPointExtension>
        </extensions>
      </trkpt>
      <trkpt lat="35.559830926358699798583984375" lon="134.81483495794236660003662109375">
        <ele>6</ele>
        <time>2026-08-01T08:37:49.000Z</time>
        <extensions>
          <ns3:TrackPointExtension>
            <ns3:atemp>33.0</ns3:atemp>
            <ns3:hr>163</ns3:hr>
            <ns3:cad>82</ns3:cad>
          </ns3:TrackPointExtension>
        </extensions>
      </trkpt>
      <trkpt lat="35.5598532222211360931396484375" lon="134.81481769122183322906494140625">
        <ele>6.19999980926513671875</ele>
        <time>2026-08-01T08:37:50.000Z</time>
        <extensions>
          <ns3:TrackPointExtension>
            <ns3:atemp>33.0</ns3:atemp>
            <ns3:hr>163</ns3:hr>
            <ns3:cad>82</ns3:cad>
          </ns3:TrackPointExtension>
        </extensions>
      </trkpt>
      <trkpt lat="35.55986571125686168670654296875" lon="134.814805872738361358642578125">
        <ele>6.19999980926513671875</ele>
        <time>2026-08-01T08:37:51.000Z</time>
        <extensions>
          <ns3:TrackPointExtension>
            <ns3:atemp>33.0</ns3:atemp>
            <ns3:hr>164</ns3:hr>
            <ns3:cad>82</ns3:cad>
          </ns3:TrackPointExtension>
        </extensions>
      </trkpt>
      <trkpt lat="35.55989337153732776641845703125" lon="134.8147889412939548492431640625">
        <ele>6.19999980926513671875</ele>
        <time>2026-08-01T08:37:52.000Z</time>
        <extensions>
          <ns3:TrackPointExtension>
            <ns3:atemp>33.0</ns3:atemp>
            <ns3:hr>164</ns3:hr>
            <ns3:cad>82</ns3:cad>
          </ns3:TrackPointExtension>
        </extensions>
      </trkpt>
      <trkpt lat="35.55991415865719318389892578125" lon="134.81477544642984867095947265625">
        <ele>6.19999980926513671875</ele>
        <time>2026-08-01T08:37:53.000Z</time>
        <extensions>
          <ns3:TrackPointExtension>
            <ns3:atemp>33.0</ns3:atemp>
            <ns3:hr>164</ns3:hr>
            <ns3:cad>82</ns3:cad>
          </ns3:TrackPointExtension>
        </extensions>
      </trkpt>
      <trkpt lat="35.5599300004541873931884765625" lon="134.8147564195096492767333984375">
        <ele>6.400000095367431640625</ele>
        <time>2026-08-01T08:37:54.000Z</time>
        <extensions>
          <ns3:TrackPointExtension>
            <ns3:atemp>33.0</ns3:atemp>
            <ns3:hr>165</ns3:hr>
            <ns3:cad>82</ns3:cad>
          </ns3:TrackPointExtension>
        </extensions>
      </trkpt>
      <trkpt lat="35.55995506234467029571533203125" lon="134.814736805856227874755859375">
        <ele>6.400000095367431640625</ele>
        <time>2026-08-01T08:37:55.000Z</time>
        <extensions>
          <ns3:TrackPointExtension>
            <ns3:atemp>33.0</ns3:atemp>
            <ns3:hr>165</ns3:hr>
            <ns3:cad>82</ns3:cad>
          </ns3:TrackPointExtension>
        </extensions>
      </trkpt>
      <trkpt lat="35.55996998213231563568115234375" lon="134.81472481973469257354736328125">
        <ele>6.599999904632568359375</ele>
        <time>2026-08-01T08:37:56.000Z</time>
        <extensions>
          <ns3:TrackPointExtension>
            <ns3:atemp>33.0</ns3:atemp>
            <ns3:hr>165</ns3:hr>
            <ns3:cad>82</ns3:cad>
          </ns3:TrackPointExtension>
        </extensions>
      </trkpt>
      <trkpt lat="35.55999462492763996124267578125" lon="134.8147078044712543487548828125">
        <ele>6.599999904632568359375</ele>
        <time>2026-08-01T08:37:57.000Z</time>
        <extensions>
          <ns3:TrackPointExtension>
            <ns3:atemp>33.0</ns3:atemp>
            <ns3:hr>166</ns3:hr>
            <ns3:cad>82</ns3:cad>
          </ns3:TrackPointExtension>
        </extensions>
      </trkpt>
      <trkpt lat="35.5600201897323131561279296875" lon="134.814695231616497039794921875">
        <ele>6.80000019073486328125</ele>
        <time>2026-08-01T08:37:58.000Z</time>
        <extensions>
          <ns3:TrackPointExtension>
            <ns3:atemp>33.0</ns3:atemp>
            <ns3:hr>167</ns3:hr>
            <ns3:cad>82</ns3:cad>
          </ns3:TrackPointExtension>
        </extensions>
      </trkpt>
      <trkpt lat="35.560036115348339080810546875" lon="134.81468441896140575408935546875">
        <ele>6.80000019073486328125</ele>
        <time>2026-08-01T08:37:59.000Z</time>
        <extensions>
          <ns3:TrackPointExtension>
            <ns3:atemp>33.0</ns3:atemp>
            <ns3:hr>168</ns3:hr>
            <ns3:cad>82</ns3:cad>
          </ns3:TrackPointExtension>
        </extensions>
      </trkpt>
      <trkpt lat="35.56006402708590030670166015625" lon="134.81467268429696559906005859375">
        <ele>7</ele>
        <time>2026-08-01T08:38:00.000Z</time>
        <extensions>
          <ns3:TrackPointExtension>
            <ns3:atemp>33.0</ns3:atemp>
            <ns3:hr>168</ns3:hr>
            <ns3:cad>82</ns3:cad>
          </ns3:TrackPointExtension>
        </extensions>
      </trkpt>
      <trkpt lat="35.56008137762546539306640625" lon="134.814660362899303436279296875">
        <ele>7.19999980926513671875</ele>
        <time>2026-08-01T08:38:01.000Z</time>
        <extensions>
          <ns3:TrackPointExtension>
            <ns3:atemp>33.0</ns3:atemp>
            <ns3:hr>169</ns3:hr>
            <ns3:cad>82</ns3:cad>
          </ns3:TrackPointExtension>
        </extensions>
      </trkpt>
      <trkpt lat="35.56010107509791851043701171875" lon="134.81464770622551441192626953125">
        <ele>7.19999980926513671875</ele>
        <time>2026-08-01T08:38:02.000Z</time>
        <extensions>
          <ns3:TrackPointExtension>
            <ns3:atemp>33.0</ns3:atemp>
            <ns3:hr>169</ns3:hr>
            <ns3:cad>82</ns3:cad>
          </ns3:TrackPointExtension>
        </extensions>
      </trkpt>
      <trkpt lat="35.560125969350337982177734375" lon="134.81463630683720111846923828125">
        <ele>7.400000095367431640625</ele>
        <time>2026-08-01T08:38:03.000Z</time>
        <extensions>
          <ns3:TrackPointExtension>
            <ns3:atemp>33.0</ns3:atemp>
            <ns3:hr>169</ns3:hr>
            <ns3:cad>82</ns3:cad>
          </ns3:TrackPointExtension>
        </extensions>
      </trkpt>
      <trkpt lat="35.5601442418992519378662109375" lon="134.8146219737827777862548828125">
        <ele>7.400000095367431640625</ele>
        <time>2026-08-01T08:38:04.000Z</time>
        <extensions>
          <ns3:TrackPointExtension>
            <ns3:atemp>33.0</ns3:atemp>
            <ns3:hr>169</ns3:hr>
            <ns3:cad>82</ns3:cad>
          </ns3:TrackPointExtension>
        </extensions>
      </trkpt>
      <trkpt lat="35.560170225799083709716796875" lon="134.81460831128060817718505859375">
        <ele>7.400000095367431640625</ele>
        <time>2026-08-01T08:38:05.000Z</time>
        <extensions>
          <ns3:TrackPointExtension>
            <ns3:atemp>33.0</ns3:atemp>
            <ns3:hr>170</ns3:hr>
            <ns3:cad>82</ns3:cad>
          </ns3:TrackPointExtension>
        </extensions>
      </trkpt>
      <trkpt lat="35.56019377894699573516845703125" lon="134.8145949840545654296875">
        <ele>7.400000095367431640625</ele>
        <time>2026-08-01T08:38:06.000Z</time>
        <extensions>
          <ns3:TrackPointExtension>
            <ns3:atemp>33.0</ns3:atemp>
            <ns3:hr>170</ns3:hr>
            <ns3:cad>82</ns3:cad>
          </ns3:TrackPointExtension>
        </extensions>
      </trkpt>
      <trkpt lat="35.5602133087813854217529296875" lon="134.81457914225757122039794921875">
        <ele>7.599999904632568359375</ele>
        <time>2026-08-01T08:38:07.000Z</time>
        <extensions>
          <ns3:TrackPointExtension>
            <ns3:atemp>33.0</ns3:atemp>
            <ns3:hr>171</ns3:hr>
            <ns3:cad>82</ns3:cad>
          </ns3:TrackPointExtension>
        </extensions>
      </trkpt>
      <trkpt lat="35.5602451600134372711181640625" lon="134.8145710118114948272705078125">
        <ele>7.80000019073486328125</ele>
        <time>2026-08-01T08:38:08.000Z</time>
        <extensions>
          <ns3:TrackPointExtension>
            <ns3:atemp>33.0</ns3:atemp>
            <ns3:hr>171</ns3:hr>
            <ns3:cad>82</ns3:cad>
          </ns3:TrackPointExtension>
        </extensions>
      </trkpt>
      <trkpt lat="35.5602679587900638580322265625" lon="134.81457629241049289703369140625">
        <ele>7.80000019073486328125</ele>
        <time>2026-08-01T08:38:09.000Z</time>
        <extensions>
          <ns3:TrackPointExtension>
            <ns3:atemp>33.0</ns3:atemp>
            <ns3:hr>171</ns3:hr>
            <ns3:cad>82</ns3:cad>
          </ns3:TrackPointExtension>
        </extensions>
      </trkpt>
      <trkpt lat="35.56029670871794223785400390625" lon="134.8145810700953006744384765625">
        <ele>8</ele>
        <time>2026-08-01T08:38:10.000Z</time>
        <extensions>
          <ns3:TrackPointExtension>
            <ns3:atemp>33.0</ns3:atemp>
            <ns3:hr>171</ns3:hr>
            <ns3:cad>82</ns3:cad>
          </ns3:TrackPointExtension>
        </extensions>
      </trkpt>
      <trkpt lat="35.5603261291980743408203125" lon="134.81458601541817188262939453125">
        <ele>8</ele>
        <time>2026-08-01T08:38:11.000Z</time>
        <extensions>
          <ns3:TrackPointExtension>
            <ns3:atemp>33.0</ns3:atemp>
            <ns3:hr>172</ns3:hr>
            <ns3:cad>82</ns3:cad>
          </ns3:TrackPointExtension>
        </extensions>
      </trkpt>
      <trkpt lat="35.560349263250827789306640625" lon="134.814581908285617828369140625">
        <ele>8</ele>
        <time>2026-08-01T08:38:12.000Z</time>
        <extensions>
          <ns3:TrackPointExtension>
            <ns3:atemp>33.0</ns3:atemp>
            <ns3:hr>172</ns3:hr>
            <ns3:cad>82</ns3:cad>
          </ns3:TrackPointExtension>
        </extensions>
      </trkpt>
      <trkpt lat="35.56037901900708675384521484375" lon="134.81457889080047607421875">
        <ele>8</ele>
        <time>2026-08-01T08:38:13.000Z</time>
        <extensions>
          <ns3:TrackPointExtension>
            <ns3:atemp>33.0</ns3:atemp>
            <ns3:hr>172</ns3:hr>
            <ns3:cad>82</ns3:cad>
          </ns3:TrackPointExtension>
        </extensions>
      </trkpt>
      <trkpt lat="35.56039921939373016357421875" lon="134.81457025744020938873291015625">
        <ele>8</ele>
        <time>2026-08-01T08:38:14.000Z</time>
        <extensions>
          <ns3:TrackPointExtension>
            <ns3:atemp>33.0</ns3:atemp>
            <ns3:hr>172</ns3:hr>
            <ns3:cad>83</ns3:cad>
          </ns3:TrackPointExtension>
        </extensions>
      </trkpt>
      <trkpt lat="35.56041422300040721893310546875" lon="134.8145586065948009490966796875">
        <ele>8</ele>
        <time>2026-08-01T08:38:15.000Z</time>
        <extensions>
          <ns3:TrackPointExtension>
            <ns3:atemp>33.0</ns3:atemp>
            <ns3:hr>172</ns3:hr>
            <ns3:cad>83</ns3:cad>
          </ns3:TrackPointExtension>
        </extensions>
      </trkpt>
      <trkpt lat="35.56043953634798526763916015625" lon="134.814545027911663055419921875">
        <ele>8</ele>
        <time>2026-08-01T08:38:16.000Z</time>
        <extensions>
          <ns3:TrackPointExtension>
            <ns3:atemp>33.0</ns3:atemp>
            <ns3:hr>172</ns3:hr>
            <ns3:cad>83</ns3:cad>
          </ns3:TrackPointExtension>
        </extensions>
      </trkpt>
      <trkpt lat="35.5604597367346286773681640625" lon="134.81453798711299896240234375">
        <ele>8.19999980926513671875</ele>
        <time>2026-08-01T08:38:17.000Z</time>
        <extensions>
          <ns3:TrackPointExtension>
            <ns3:atemp>33.0</ns3:atemp>
            <ns3:hr>173</ns3:hr>
            <ns3:cad>83</ns3:cad>
          </ns3:TrackPointExtension>
        </extensions>
      </trkpt>
      <trkpt lat="35.560482032597064971923828125" lon="134.8145265877246856689453125">
        <ele>8.19999980926513671875</ele>
        <time>2026-08-01T08:38:18.000Z</time>
        <extensions>
          <ns3:TrackPointExtension>
            <ns3:atemp>33.0</ns3:atemp>
            <ns3:hr>173</ns3:hr>
            <ns3:cad>83</ns3:cad>
          </ns3:TrackPointExtension>
        </extensions>
      </trkpt>
      <trkpt lat="35.560508184134960174560546875" lon="134.81451728381216526031494140625">
        <ele>8.3999996185302734375</ele>
        <time>2026-08-01T08:38:19.000Z</time>
        <extensions>
          <ns3:TrackPointExtension>
            <ns3:atemp>33.0</ns3:atemp>
            <ns3:hr>172</ns3:hr>
            <ns3:cad>83</ns3:cad>
          </ns3:TrackPointExtension>
        </extensions>
      </trkpt>
      <trkpt lat="35.56052260100841522216796875" lon="134.814506471157073974609375">
        <ele>8.6000003814697265625</ele>
        <time>2026-08-01T08:38:20.000Z</time>
        <extensions>
          <ns3:TrackPointExtension>
            <ns3:atemp>33.0</ns3:atemp>
            <ns3:hr>172</ns3:hr>
            <ns3:cad>81</ns3:cad>
          </ns3:TrackPointExtension>
        </extensions>
      </trkpt>
      <trkpt lat="35.5605489201843738555908203125" lon="134.814498424530029296875">
        <ele>8.6000003814697265625</ele>
        <time>2026-08-01T08:38:21.000Z</time>
        <extensions>
          <ns3:TrackPointExtension>
            <ns3:atemp>33.0</ns3:atemp>
            <ns3:hr>166</ns3:hr>
            <ns3:cad>81</ns3:cad>
          </ns3:TrackPointExtension>
        </extensions>
      </trkpt>
      <trkpt lat="35.5605697073042392730712890625" lon="134.8144912160933017730712890625">
        <ele>8.80000019073486328125</ele>
        <time>2026-08-01T08:38:22.000Z</time>
        <extensions>
          <ns3:TrackPointExtension>
            <ns3:atemp>33.0</ns3:atemp>
            <ns3:hr>164</ns3:hr>
            <ns3:cad>81</ns3:cad>
          </ns3:TrackPointExtension>
        </extensions>
      </trkpt>
      <trkpt lat="35.56058940477669239044189453125" lon="134.81447855941951274871826171875">
        <ele>8.80000019073486328125</ele>
        <time>2026-08-01T08:38:23.000Z</time>
        <extensions>
          <ns3:TrackPointExtension>
            <ns3:atemp>33.0</ns3:atemp>
            <ns3:hr>163</ns3:hr>
            <ns3:cad>82</ns3:cad>
          </ns3:TrackPointExtension>
        </extensions>
      </trkpt>
      <trkpt lat="35.560614131391048431396484375" lon="134.814469255506992340087890625">
        <ele>8.80000019073486328125</ele>
        <time>2026-08-01T08:38:24.000Z</time>
        <extensions>
          <ns3:TrackPointExtension>
            <ns3:atemp>33.0</ns3:atemp>
            <ns3:hr>163</ns3:hr>
            <ns3:cad>82</ns3:cad>
          </ns3:TrackPointExtension>
        </extensions>
      </trkpt>
      <trkpt lat="35.56062712334096431732177734375" lon="134.81445626355707645416259765625">
        <ele>9</ele>
        <time>2026-08-01T08:38:25.000Z</time>
        <extensions>
          <ns3:TrackPointExtension>
            <ns3:atemp>33.0</ns3:atemp>
            <ns3:hr>162</ns3:hr>
            <ns3:cad>82</ns3:cad>
          </ns3:TrackPointExtension>
        </extensions>
      </trkpt>
      <trkpt lat="35.5606538616120815277099609375" lon="134.81444335542619228363037109375">
        <ele>9</ele>
        <time>2026-08-01T08:38:26.000Z</time>
        <extensions>
          <ns3:TrackPointExtension>
            <ns3:atemp>33.0</ns3:atemp>
            <ns3:hr>162</ns3:hr>
            <ns3:cad>82</ns3:cad>
          </ns3:TrackPointExtension>
        </extensions>
      </trkpt>
      <trkpt lat="35.5606780014932155609130859375" lon="134.8144325427711009979248046875">
        <ele>9.19999980926513671875</ele>
        <time>2026-08-01T08:38:27.000Z</time>
        <extensions>
          <ns3:TrackPointExtension>
            <ns3:atemp>33.0</ns3:atemp>
            <ns3:hr>162</ns3:hr>
            <ns3:cad>83</ns3:cad>
          </ns3:TrackPointExtension>
        </extensions>
      </trkpt>
      <trkpt lat="35.56069501675665378570556640625" lon="134.81442223303020000457763671875">
        <ele>9.19999980926513671875</ele>
        <time>2026-08-01T08:38:28.000Z</time>
        <extensions>
          <ns3:TrackPointExtension>
            <ns3:atemp>33.0</ns3:atemp>
            <ns3:hr>162</ns3:hr>
            <ns3:cad>83</ns3:cad>
          </ns3:TrackPointExtension>
        </extensions>
      </trkpt>
      <trkpt lat="35.5607252754271030426025390625" lon="134.8144174553453922271728515625">
        <ele>9.3999996185302734375</ele>
        <time>2026-08-01T08:38:29.000Z</time>
        <extensions>
          <ns3:TrackPointExtension>
            <ns3:atemp>33.0</ns3:atemp>
            <ns3:hr>162</ns3:hr>
            <ns3:cad>83</ns3:cad>
          </ns3:TrackPointExtension>
        </extensions>
      </trkpt>
      <trkpt lat="35.5607534386217594146728515625" lon="134.81441326439380645751953125">
        <ele>9.3999996185302734375</ele>
        <time>2026-08-01T08:38:30.000Z</time>
        <extensions>
          <ns3:TrackPointExtension>
            <ns3:atemp>33.0</ns3:atemp>
            <ns3:hr>162</ns3:hr>
            <ns3:cad>83</ns3:cad>
          </ns3:TrackPointExtension>
        </extensions>
      </trkpt>
      <trkpt lat="35.5607718788087368011474609375" lon="134.8144010268151760101318359375">
        <ele>9.6000003814697265625</ele>
        <time>2026-08-01T08:38:31.000Z</time>
        <extensions>
          <ns3:TrackPointExtension>
            <ns3:atemp>33.0</ns3:atemp>
            <ns3:hr>162</ns3:hr>
            <ns3:cad>83</ns3:cad>
          </ns3:TrackPointExtension>
        </extensions>
      </trkpt>
      <trkpt lat="35.56079995818436145782470703125" lon="134.8143902979791164398193359375">
        <ele>9.6000003814697265625</ele>
        <time>2026-08-01T08:38:32.000Z</time>
        <extensions>
          <ns3:TrackPointExtension>
            <ns3:atemp>33.0</ns3:atemp>
            <ns3:hr>162</ns3:hr>
            <ns3:cad>82</ns3:cad>
          </ns3:TrackPointExtension>
        </extensions>
      </trkpt>
      <trkpt lat="35.56082342751324176788330078125" lon="134.81438132934272289276123046875">
        <ele>9.6000003814697265625</ele>
        <time>2026-08-01T08:38:33.000Z</time>
        <extensions>
          <ns3:TrackPointExtension>
            <ns3:atemp>33.0</ns3:atemp>
            <ns3:hr>162</ns3:hr>
            <ns3:cad>81</ns3:cad>
          </ns3:TrackPointExtension>
        </extensions>
      </trkpt>
      <trkpt lat="35.56084538809955120086669921875" lon="134.81436959467828273773193359375">
        <ele>9.6000003814697265625</ele>
        <time>2026-08-01T08:38:34.000Z</time>
        <extensions>
          <ns3:TrackPointExtension>
            <ns3:atemp>33.0</ns3:atemp>
            <ns3:hr>162</ns3:hr>
            <ns3:cad>81</ns3:cad>
          </ns3:TrackPointExtension>
        </extensions>
      </trkpt>
      <trkpt lat="35.56086852215230464935302734375" lon="134.81435886584222316741943359375">
        <ele>9.6000003814697265625</ele>
        <time>2026-08-01T08:38:35.000Z</time>
        <extensions>
          <ns3:TrackPointExtension>
            <ns3:atemp>33.0</ns3:atemp>
            <ns3:hr>162</ns3:hr>
            <ns3:cad>80</ns3:cad>
          </ns3:TrackPointExtension>
        </extensions>
      </trkpt>
      <trkpt lat="35.560881011188030242919921875" lon="134.81434595771133899688720703125">
        <ele>9.6000003814697265625</ele>
        <time>2026-08-01T08:38:36.000Z</time>
        <extensions>
          <ns3:TrackPointExtension>
            <ns3:atemp>33.0</ns3:atemp>
            <ns3:hr>162</ns3:hr>
            <ns3:cad>81</ns3:cad>
          </ns3:TrackPointExtension>
        </extensions>
      </trkpt>
      <trkpt lat="35.56090489961206912994384765625" lon="134.8143359832465648651123046875">
        <ele>9.6000003814697265625</ele>
        <time>2026-08-01T08:38:37.000Z</time>
        <extensions>
          <ns3:TrackPointExtension>
            <ns3:atemp>33.0</ns3:atemp>
            <ns3:hr>162</ns3:hr>
            <ns3:cad>82</ns3:cad>
          </ns3:TrackPointExtension>
        </extensions>
      </trkpt>
      <trkpt lat="35.56092518381774425506591796875" lon="134.81432433240115642547607421875">
        <ele>9.80000019073486328125</ele>
        <time>2026-08-01T08:38:38.000Z</time>
        <extensions>
          <ns3:TrackPointExtension>
            <ns3:atemp>33.0</ns3:atemp>
            <ns3:hr>163</ns3:hr>
            <ns3:cad>82</ns3:cad>
          </ns3:TrackPointExtension>
        </extensions>
      </trkpt>
      <trkpt lat="35.56094228290021419525146484375" lon="134.8143120110034942626953125">
        <ele>9.80000019073486328125</ele>
        <time>2026-08-01T08:38:39.000Z</time>
        <extensions>
          <ns3:TrackPointExtension>
            <ns3:atemp>33.0</ns3:atemp>
            <ns3:hr>164</ns3:hr>
            <ns3:cad>83</ns3:cad>
          </ns3:TrackPointExtension>
        </extensions>
      </trkpt>
      <trkpt lat="35.56097011081874370574951171875" lon="134.8143034614622592926025390625">
        <ele>9.80000019073486328125</ele>
        <time>2026-08-01T08:38:40.000Z</time>
        <extensions>
          <ns3:TrackPointExtension>
            <ns3:atemp>33.0</ns3:atemp>
            <ns3:hr>165</ns3:hr>
            <ns3:cad>83</ns3:cad>
          </ns3:TrackPointExtension>
        </extensions>
      </trkpt>
      <trkpt lat="35.56099089793860912322998046875" lon="134.8142920620739459991455078125">
        <ele>9.80000019073486328125</ele>
        <time>2026-08-01T08:38:41.000Z</time>
        <extensions>
          <ns3:TrackPointExtension>
            <ns3:atemp>33.0</ns3:atemp>
            <ns3:hr>167</ns3:hr>
            <ns3:cad>83</ns3:cad>
          </ns3:TrackPointExtension>
        </extensions>
      </trkpt>
      <trkpt lat="35.56101537309587001800537109375" lon="134.8142789863049983978271484375">
        <ele>9.80000019073486328125</ele>
        <time>2026-08-01T08:38:42.000Z</time>
        <extensions>
          <ns3:TrackPointExtension>
            <ns3:atemp>33.0</ns3:atemp>
            <ns3:hr>167</ns3:hr>
            <ns3:cad>82</ns3:cad>
          </ns3:TrackPointExtension>
        </extensions>
      </trkpt>
      <trkpt lat="35.56103934533894062042236328125" lon="134.81427119113504886627197265625">
        <ele>9.80000019073486328125</ele>
        <time>2026-08-01T08:38:43.000Z</time>
        <extensions>
          <ns3:TrackPointExtension>
            <ns3:atemp>33.0</ns3:atemp>
            <ns3:hr>168</ns3:hr>
            <ns3:cad>82</ns3:cad>
          </ns3:TrackPointExtension>
        </extensions>
      </trkpt>
      <trkpt lat="35.56105191819369792938232421875" lon="134.81426037847995758056640625">
        <ele>9.80000019073486328125</ele>
        <time>2026-08-01T08:38:44.000Z</time>
        <extensions>
          <ns3:TrackPointExtension>
            <ns3:atemp>33.0</ns3:atemp>
            <ns3:hr>168</ns3:hr>
            <ns3:cad>82</ns3:cad>
          </ns3:TrackPointExtension>
        </extensions>
      </trkpt>
      <trkpt lat="35.56108058430254459381103515625" lon="134.81424721889197826385498046875">
        <ele>9.80000019073486328125</ele>
        <time>2026-08-01T08:38:45.000Z</time>
        <extensions>
          <ns3:TrackPointExtension>
            <ns3:atemp>33.0</ns3:atemp>
            <ns3:hr>169</ns3:hr>
            <ns3:cad>82</ns3:cad>
          </ns3:TrackPointExtension>
        </extensions>
      </trkpt>
      <trkpt lat="35.56109650991857051849365234375" lon="134.81423011980950832366943359375">
        <ele>9.80000019073486328125</ele>
        <time>2026-08-01T08:38:46.000Z</time>
        <extensions>
          <ns3:TrackPointExtension>
            <ns3:atemp>33.0</ns3:atemp>
            <ns3:hr>169</ns3:hr>
            <ns3:cad>83</ns3:cad>
          </ns3:TrackPointExtension>
        </extensions>
      </trkpt>
      <trkpt lat="35.561117045581340789794921875" lon="134.8142109252512454986572265625">
        <ele>9.80000019073486328125</ele>
        <time>2026-08-01T08:38:47.000Z</time>
        <extensions>
          <ns3:TrackPointExtension>
            <ns3:atemp>33.0</ns3:atemp>
            <ns3:hr>169</ns3:hr>
            <ns3:cad>83</ns3:cad>
          </ns3:TrackPointExtension>
        </extensions>
      </trkpt>
      <trkpt lat="35.56114261038601398468017578125" lon="134.8141978494822978973388671875">
        <ele>9.80000019073486328125</ele>
        <time>2026-08-01T08:38:48.000Z</time>
        <extensions>
          <ns3:TrackPointExtension>
            <ns3:atemp>33.0</ns3:atemp>
            <ns3:hr>169</ns3:hr>
            <ns3:cad>83</ns3:cad>
          </ns3:TrackPointExtension>
        </extensions>
      </trkpt>
      <trkpt lat="35.56116021238267421722412109375" lon="134.8141805827617645263671875">
        <ele>9.80000019073486328125</ele>
        <time>2026-08-01T08:38:49.000Z</time>
        <extensions>
          <ns3:TrackPointExtension>
            <ns3:atemp>33.0</ns3:atemp>
            <ns3:hr>169</ns3:hr>
            <ns3:cad>83</ns3:cad>
          </ns3:TrackPointExtension>
        </extensions>
      </trkpt>
      <trkpt lat="35.5611871182918548583984375" lon="134.81416775844991207122802734375">
        <ele>9.80000019073486328125</ele>
        <time>2026-08-01T08:38:50.000Z</time>
        <extensions>
          <ns3:TrackPointExtension>
            <ns3:atemp>33.0</ns3:atemp>
            <ns3:hr>169</ns3:hr>
            <ns3:cad>83</ns3:cad>
          </ns3:TrackPointExtension>
        </extensions>
      </trkpt>
      <trkpt lat="35.56120849214494228363037109375" lon="134.81415309011936187744140625">
        <ele>9.80000019073486328125</ele>
        <time>2026-08-01T08:38:51.000Z</time>
        <extensions>
          <ns3:TrackPointExtension>
            <ns3:atemp>33.0</ns3:atemp>
            <ns3:hr>169</ns3:hr>
            <ns3:cad>83</ns3:cad>
          </ns3:TrackPointExtension>
        </extensions>
      </trkpt>
      <trkpt lat="35.56122240610420703887939453125" lon="134.81413456611335277557373046875">
        <ele>9.80000019073486328125</ele>
        <time>2026-08-01T08:38:52.000Z</time>
        <extensions>
          <ns3:TrackPointExtension>
            <ns3:atemp>33.0</ns3:atemp>
            <ns3:hr>170</ns3:hr>
            <ns3:cad>83</ns3:cad>
          </ns3:TrackPointExtension>
        </extensions>
      </trkpt>
      <trkpt lat="35.56124872528016567230224609375" lon="134.8141173832118511199951171875">
        <ele>9.80000019073486328125</ele>
        <time>2026-08-01T08:38:53.000Z</time>
        <extensions>
          <ns3:TrackPointExtension>
            <ns3:atemp>33.0</ns3:atemp>
            <ns3:hr>169</ns3:hr>
            <ns3:cad>83</ns3:cad>
          </ns3:TrackPointExtension>
        </extensions>
      </trkpt>
      <trkpt lat="35.561260879039764404296875" lon="134.81410405598580837249755859375">
        <ele>9.80000019073486328125</ele>
        <time>2026-08-01T08:38:54.000Z</time>
        <extensions>
          <ns3:TrackPointExtension>
            <ns3:atemp>33.0</ns3:atemp>
            <ns3:hr>169</ns3:hr>
            <ns3:cad>83</ns3:cad>
          </ns3:TrackPointExtension>
        </extensions>
      </trkpt>
      <trkpt lat="35.56128426454961299896240234375" lon="134.81408477760851383209228515625">
        <ele>9.80000019073486328125</ele>
        <time>2026-08-01T08:38:55.000Z</time>
        <extensions>
          <ns3:TrackPointExtension>
            <ns3:atemp>33.0</ns3:atemp>
            <ns3:hr>169</ns3:hr>
            <ns3:cad>83</ns3:cad>
          </ns3:TrackPointExtension>
        </extensions>
      </trkpt>
      <trkpt lat="35.561304129660129547119140625" lon="134.814072288572788238525390625">
        <ele>10</ele>
        <time>2026-08-01T08:38:56.000Z</time>
        <extensions>
          <ns3:TrackPointExtension>
            <ns3:atemp>33.0</ns3:atemp>
            <ns3:hr>170</ns3:hr>
            <ns3:cad>83</ns3:cad>
          </ns3:TrackPointExtension>
        </extensions>
      </trkpt>
      <trkpt lat="35.56132215075194835662841796875" lon="134.8140587098896503448486328125">
        <ele>10</ele>
        <time>2026-08-01T08:38:57.000Z</time>
        <extensions>
          <ns3:TrackPointExtension>
            <ns3:atemp>33.0</ns3:atemp>
            <ns3:hr>169</ns3:hr>
            <ns3:cad>83</ns3:cad>
          </ns3:TrackPointExtension>
        </extensions>
      </trkpt>
      <trkpt lat="35.561346709728240966796875" lon="134.81404286809265613555908203125">
        <ele>10</ele>
        <time>2026-08-01T08:38:58.000Z</time>
        <extensions>
          <ns3:TrackPointExtension>
            <ns3:atemp>33.0</ns3:atemp>
            <ns3:hr>169</ns3:hr>
            <ns3:cad>82</ns3:cad>
          </ns3:TrackPointExtension>
        </extensions>
      </trkpt>
      <trkpt lat="35.561361126601696014404296875" lon="134.81402878649532794952392578125">
        <ele>9.80000019073486328125</ele>
        <time>2026-08-01T08:38:59.000Z</time>
        <extensions>
          <ns3:TrackPointExtension>
            <ns3:atemp>33.0</ns3:atemp>
            <ns3:hr>168</ns3:hr>
            <ns3:cad>82</ns3:cad>
          </ns3:TrackPointExtension>
        </extensions>
      </trkpt>
      <trkpt lat="35.56138400919735431671142578125" lon="134.814007245004177093505859375">
        <ele>9.80000019073486328125</ele>
        <time>2026-08-01T08:39:00.000Z</time>
        <extensions>
          <ns3:TrackPointExtension>
            <ns3:atemp>33.0</ns3:atemp>
            <ns3:hr>169</ns3:hr>
            <ns3:cad>82</ns3:cad>
          </ns3:TrackPointExtension>
        </extensions>
      </trkpt>
      <trkpt lat="35.56140907108783721923828125" lon="134.81398955918848514556884765625">
        <ele>9.6000003814697265625</ele>
        <time>2026-08-01T08:39:01.000Z</time>
        <extensions>
          <ns3:TrackPointExtension>
            <ns3:atemp>33.0</ns3:atemp>
            <ns3:hr>169</ns3:hr>
            <ns3:cad>82</ns3:cad>
          </ns3:TrackPointExtension>
        </extensions>
      </trkpt>
      <trkpt lat="35.56142256595194339752197265625" lon="134.8139725439250469207763671875">
        <ele>9.6000003814697265625</ele>
        <time>2026-08-01T08:39:02.000Z</time>
        <extensions>
          <ns3:TrackPointExtension>
            <ns3:atemp>33.0</ns3:atemp>
            <ns3:hr>169</ns3:hr>
            <ns3:cad>82</ns3:cad>
          </ns3:TrackPointExtension>
        </extensions>
      </trkpt>
      <trkpt lat="35.56144888512790203094482421875" lon="134.81395519338548183441162109375">
        <ele>9.3999996185302734375</ele>
        <time>2026-08-01T08:39:03.000Z</time>
        <extensions>
          <ns3:TrackPointExtension>
            <ns3:atemp>34.0</ns3:atemp>
            <ns3:hr>168</ns3:hr>
            <ns3:cad>82</ns3:cad>
          </ns3:TrackPointExtension>
        </extensions>
      </trkpt>
      <trkpt lat="35.56146598421037197113037109375" lon="134.81393557973206043243408203125">
        <ele>9.3999996185302734375</ele>
        <time>2026-08-01T08:39:04.000Z</time>
        <extensions>
          <ns3:TrackPointExtension>
            <ns3:atemp>34.0</ns3:atemp>
            <ns3:hr>169</ns3:hr>
            <ns3:cad>83</ns3:cad>
          </ns3:TrackPointExtension>
        </extensions>
      </trkpt>
      <trkpt lat="35.56148576550185680389404296875" lon="134.81391730718314647674560546875">
        <ele>9.3999996185302734375</ele>
        <time>2026-08-01T08:39:05.000Z</time>
        <extensions>
          <ns3:TrackPointExtension>
            <ns3:atemp>34.0</ns3:atemp>
            <ns3:hr>168</ns3:hr>
            <ns3:cad>83</ns3:cad>
          </ns3:TrackPointExtension>
        </extensions>
      </trkpt>
      <trkpt lat="35.56151367723941802978515625" lon="134.81390255503356456756591796875">
        <ele>9.3999996185302734375</ele>
        <time>2026-08-01T08:39:06.000Z</time>
        <extensions>
          <ns3:TrackPointExtension>
            <ns3:atemp>33.0</ns3:atemp>
            <ns3:hr>168</ns3:hr>
            <ns3:cad>83</ns3:cad>
          </ns3:TrackPointExtension>
        </extensions>
      </trkpt>
      <trkpt lat="35.56152599863708019256591796875" lon="134.8138873837888240814208984375">
        <ele>9.3999996185302734375</ele>
        <time>2026-08-01T08:39:07.000Z</time>
        <extensions>
          <ns3:TrackPointExtension>
            <ns3:atemp>34.0</ns3:atemp>
            <ns3:hr>168</ns3:hr>
            <ns3:cad>83</ns3:cad>
          </ns3:TrackPointExtension>
        </extensions>
      </trkpt>
      <trkpt lat="35.5615532398223876953125" lon="134.81386818923056125640869140625">
        <ele>9.3999996185302734375</ele>
        <time>2026-08-01T08:39:08.000Z</time>
        <extensions>
          <ns3:TrackPointExtension>
            <ns3:atemp>33.0</ns3:atemp>
            <ns3:hr>168</ns3:hr>
            <ns3:cad>83</ns3:cad>
          </ns3:TrackPointExtension>
        </extensions>
      </trkpt>
      <trkpt lat="35.56157612241804599761962890625" lon="134.813852012157440185546875">
        <ele>9.3999996185302734375</ele>
        <time>2026-08-01T08:39:09.000Z</time>
        <extensions>
          <ns3:TrackPointExtension>
            <ns3:atemp>34.0</ns3:atemp>
            <ns3:hr>168</ns3:hr>
            <ns3:cad>83</ns3:cad>
          </ns3:TrackPointExtension>
        </extensions>
      </trkpt>
      <trkpt lat="35.5615961551666259765625" lon="134.81383851729333400726318359375">
        <ele>9.3999996185302734375</ele>
        <time>2026-08-01T08:39:10.000Z</time>
        <extensions>
          <ns3:TrackPointExtension>
            <ns3:atemp>33.0</ns3:atemp>
            <ns3:hr>168</ns3:hr>
            <ns3:cad>83</ns3:cad>
          </ns3:TrackPointExtension>
        </extensions>
      </trkpt>
      <trkpt lat="35.56162574328482151031494140625" lon="134.813822843134403228759765625">
        <ele>9.3999996185302734375</ele>
        <time>2026-08-01T08:39:11.000Z</time>
        <extensions>
          <ns3:TrackPointExtension>
            <ns3:atemp>33.0</ns3:atemp>
            <ns3:hr>167</ns3:hr>
            <ns3:cad>82</ns3:cad>
          </ns3:TrackPointExtension>
        </extensions>
      </trkpt>
      <trkpt lat="35.5616412498056888580322265625" lon="134.8138106055557727813720703125">
        <ele>9.3999996185302734375</ele>
        <time>2026-08-01T08:39:12.000Z</time>
        <extensions>
          <ns3:TrackPointExtension>
            <ns3:atemp>33.0</ns3:atemp>
            <ns3:hr>168</ns3:hr>
            <ns3:cad>82</ns3:cad>
          </ns3:TrackPointExtension>
        </extensions>
      </trkpt>
      <trkpt lat="35.5616640485823154449462890625" lon="134.813794679939746856689453125">
        <ele>9.3999996185302734375</ele>
        <time>2026-08-01T08:39:13.000Z</time>
        <extensions>
          <ns3:TrackPointExtension>
            <ns3:atemp>33.0</ns3:atemp>
            <ns3:hr>168</ns3:hr>
            <ns3:cad>82</ns3:cad>
          </ns3:TrackPointExtension>
        </extensions>
      </trkpt>
      <trkpt lat="35.56168936192989349365234375" lon="134.8137787543237209320068359375">
        <ele>9.19999980926513671875</ele>
        <time>2026-08-01T08:39:14.000Z</time>
        <extensions>
          <ns3:TrackPointExtension>
            <ns3:atemp>34.0</ns3:atemp>
            <ns3:hr>168</ns3:hr>
            <ns3:cad>83</ns3:cad>
          </ns3:TrackPointExtension>
        </extensions>
      </trkpt>
      <trkpt lat="35.561703108251094818115234375" lon="134.81376341544091701507568359375">
        <ele>9.19999980926513671875</ele>
        <time>2026-08-01T08:39:15.000Z</time>
        <extensions>
          <ns3:TrackPointExtension>
            <ns3:atemp>33.0</ns3:atemp>
            <ns3:hr>168</ns3:hr>
            <ns3:cad>83</ns3:cad>
          </ns3:TrackPointExtension>
        </extensions>
      </trkpt>
      <trkpt lat="35.561729259788990020751953125" lon="134.8137462325394153594970703125">
        <ele>9.19999980926513671875</ele>
        <time>2026-08-01T08:39:16.000Z</time>
        <extensions>
          <ns3:TrackPointExtension>
            <ns3:atemp>34.0</ns3:atemp>
            <ns3:hr>168</ns3:hr>
            <ns3:cad>83</ns3:cad>
          </ns3:TrackPointExtension>
        </extensions>
      </trkpt>
      <trkpt lat="35.561745353043079376220703125" lon="134.8137287981808185577392578125">
        <ele>9.19999980926513671875</ele>
        <time>2026-08-01T08:39:17.000Z</time>
        <extensions>
          <ns3:TrackPointExtension>
            <ns3:atemp>33.0</ns3:atemp>
            <ns3:hr>168</ns3:hr>
            <ns3:cad>83</ns3:cad>
          </ns3:TrackPointExtension>
        </extensions>
      </trkpt>
      <trkpt lat="35.56176387704908847808837890625" lon="134.81371027417480945587158203125">
        <ele>9.19999980926513671875</ele>
        <time>2026-08-01T08:39:18.000Z</time>
        <extensions>
          <ns3:TrackPointExtension>
            <ns3:atemp>34.0</ns3:atemp>
            <ns3:hr>168</ns3:hr>
            <ns3:cad>82</ns3:cad>
          </ns3:TrackPointExtension>
        </extensions>
      </trkpt>
      <trkpt lat="35.561789609491825103759765625" lon="134.813694097101688385009765625">
        <ele>9.19999980926513671875</ele>
        <time>2026-08-01T08:39:19.000Z</time>
        <extensions>
          <ns3:TrackPointExtension>
            <ns3:atemp>34.0</ns3:atemp>
            <ns3:hr>168</ns3:hr>
            <ns3:cad>82</ns3:cad>
          </ns3:TrackPointExtension>
        </extensions>
      </trkpt>
      <trkpt lat="35.5618028528988361358642578125" lon="134.81367926113307476043701171875">
        <ele>9.19999980926513671875</ele>
        <time>2026-08-01T08:39:20.000Z</time>
        <extensions>
          <ns3:TrackPointExtension>
            <ns3:atemp>34.0</ns3:atemp>
            <ns3:hr>168</ns3:hr>
            <ns3:cad>82</ns3:cad>
          </ns3:TrackPointExtension>
        </extensions>
      </trkpt>
      <trkpt lat="35.56183059699833393096923828125" lon="134.813665933907032012939453125">
        <ele>9.19999980926513671875</ele>
        <time>2026-08-01T08:39:21.000Z</time>
        <extensions>
          <ns3:TrackPointExtension>
            <ns3:atemp>34.0</ns3:atemp>
            <ns3:hr>168</ns3:hr>
            <ns3:cad>82</ns3:cad>
          </ns3:TrackPointExtension>
        </extensions>
      </trkpt>
      <trkpt lat="35.56185222230851650238037109375" lon="134.81365126557648181915283203125">
        <ele>9.19999980926513671875</ele>
        <time>2026-08-01T08:39:22.000Z</time>
        <extensions>
          <ns3:TrackPointExtension>
            <ns3:atemp>34.0</ns3:atemp>
            <ns3:hr>168</ns3:hr>
            <ns3:cad>82</ns3:cad>
          </ns3:TrackPointExtension>
        </extensions>
      </trkpt>
      <trkpt lat="35.56187049485743045806884765625" lon="134.813634417951107025146484375">
        <ele>9.19999980926513671875</ele>
        <time>2026-08-01T08:39:23.000Z</time>
        <extensions>
          <ns3:TrackPointExtension>
            <ns3:atemp>34.0</ns3:atemp>
            <ns3:hr>168</ns3:hr>
            <ns3:cad>82</ns3:cad>
          </ns3:TrackPointExtension>
        </extensions>
      </trkpt>
      <trkpt lat="35.5619010888040065765380859375" lon="134.8136178217828273773193359375">
        <ele>9.19999980926513671875</ele>
        <time>2026-08-01T08:39:24.000Z</time>
        <extensions>
          <ns3:TrackPointExtension>
            <ns3:atemp>33.0</ns3:atemp>
            <ns3:hr>168</ns3:hr>
            <ns3:cad>83</ns3:cad>
          </ns3:TrackPointExtension>
        </extensions>
      </trkpt>
      <trkpt lat="35.56191424839198589324951171875" lon="134.81360097415745258331298828125">
        <ele>9.19999980926513671875</ele>
        <time>2026-08-01T08:39:25.000Z</time>
        <extensions>
          <ns3:TrackPointExtension>
            <ns3:atemp>34.0</ns3:atemp>
            <ns3:hr>168</ns3:hr>
            <ns3:cad>83</ns3:cad>
          </ns3:TrackPointExtension>
        </extensions>
      </trkpt>
      <trkpt lat="35.56193620897829532623291015625" lon="134.813583791255950927734375">
        <ele>9.19999980926513671875</ele>
        <time>2026-08-01T08:39:26.000Z</time>
        <extensions>
          <ns3:TrackPointExtension>
            <ns3:atemp>34.0</ns3:atemp>
            <ns3:hr>168</ns3:hr>
            <ns3:cad>83</ns3:cad>
          </ns3:TrackPointExtension>
        </extensions>
      </trkpt>
      <trkpt lat="35.5619597621262073516845703125" lon="134.813568703830242156982421875">
        <ele>9.19999980926513671875</ele>
        <time>2026-08-01T08:39:27.000Z</time>
        <extensions>
          <ns3:TrackPointExtension>
            <ns3:atemp>34.0</ns3:atemp>
            <ns3:hr>168</ns3:hr>
            <ns3:cad>83</ns3:cad>
          </ns3:TrackPointExtension>
        </extensions>
      </trkpt>
      <trkpt lat="35.56197308935225009918212890625" lon="134.81355235911905765533447265625">
        <ele>9</ele>
        <time>2026-08-01T08:39:28.000Z</time>
        <extensions>
          <ns3:TrackPointExtension>
            <ns3:atemp>34.0</ns3:atemp>
            <ns3:hr>167</ns3:hr>
            <ns3:cad>83</ns3:cad>
          </ns3:TrackPointExtension>
        </extensions>
      </trkpt>
      <trkpt lat="35.56200049817562103271484375" lon="134.813536517322063446044921875">
        <ele>9</ele>
        <time>2026-08-01T08:39:29.000Z</time>
        <extensions>
          <ns3:TrackPointExtension>
            <ns3:atemp>34.0</ns3:atemp>
            <ns3:hr>168</ns3:hr>
            <ns3:cad>83</ns3:cad>
          </ns3:TrackPointExtension>
        </extensions>
      </trkpt>
      <trkpt lat="35.56202338077127933502197265625" lon="134.81352704577147960662841796875">
        <ele>9.19999980926513671875</ele>
        <time>2026-08-01T08:39:30.000Z</time>
        <extensions>
          <ns3:TrackPointExtension>
            <ns3:atemp>34.0</ns3:atemp>
            <ns3:hr>168</ns3:hr>
            <ns3:cad>83</ns3:cad>
          </ns3:TrackPointExtension>
        </extensions>
      </trkpt>
      <trkpt lat="35.56204517371952533721923828125" lon="134.8135108686983585357666015625">
        <ele>9.19999980926513671875</ele>
        <time>2026-08-01T08:39:31.000Z</time>
        <extensions>
          <ns3:TrackPointExtension>
            <ns3:atemp>34.0</ns3:atemp>
            <ns3:hr>167</ns3:hr>
            <ns3:cad>83</ns3:cad>
          </ns3:TrackPointExtension>
        </extensions>
      </trkpt>
      <trkpt lat="35.562069229781627655029296875" lon="134.81349787674844264984130859375">
        <ele>9.19999980926513671875</ele>
        <time>2026-08-01T08:39:32.000Z</time>
        <extensions>
          <ns3:TrackPointExtension>
            <ns3:atemp>34.0</ns3:atemp>
            <ns3:hr>167</ns3:hr>
            <ns3:cad>83</ns3:cad>
          </ns3:TrackPointExtension>
        </extensions>
      </trkpt>
      <trkpt lat="35.56208272464573383331298828125" lon="134.81348195113241672515869140625">
        <ele>9.19999980926513671875</ele>
        <time>2026-08-01T08:39:33.000Z</time>
        <extensions>
          <ns3:TrackPointExtension>
            <ns3:atemp>34.0</ns3:atemp>
            <ns3:hr>167</ns3:hr>
            <ns3:cad>83</ns3:cad>
          </ns3:TrackPointExtension>
        </extensions>
      </trkpt>
      <trkpt lat="35.56211172603070735931396484375" lon="134.81346669606864452362060546875">
        <ele>9.19999980926513671875</ele>
        <time>2026-08-01T08:39:34.000Z</time>
        <extensions>
          <ns3:TrackPointExtension>
            <ns3:atemp>34.0</ns3:atemp>
            <ns3:hr>167</ns3:hr>
            <ns3:cad>83</ns3:cad>
          </ns3:TrackPointExtension>
        </extensions>
      </trkpt>
      <trkpt lat="35.5621312558650970458984375" lon="134.81344775296747684478759765625">
        <ele>9.19999980926513671875</ele>
        <time>2026-08-01T08:39:35.000Z</time>
        <extensions>
          <ns3:TrackPointExtension>
            <ns3:atemp>34.0</ns3:atemp>
            <ns3:hr>167</ns3:hr>
            <ns3:cad>83</ns3:cad>
          </ns3:TrackPointExtension>
        </extensions>
      </trkpt>
      <trkpt lat="35.56214994750916957855224609375" lon="134.8134304024279117584228515625">
        <ele>9.19999980926513671875</ele>
        <time>2026-08-01T08:39:36.000Z</time>
        <extensions>
          <ns3:TrackPointExtension>
            <ns3:atemp>34.0</ns3:atemp>
            <ns3:hr>167</ns3:hr>
            <ns3:cad>83</ns3:cad>
          </ns3:TrackPointExtension>
        </extensions>
      </trkpt>
      <trkpt lat="35.56217752397060394287109375" lon="134.8134176619350910186767578125">
        <ele>9.19999980926513671875</ele>
        <time>2026-08-01T08:39:37.000Z</time>
        <extensions>
          <ns3:TrackPointExtension>
            <ns3:atemp>34.0</ns3:atemp>
            <ns3:hr>167</ns3:hr>
            <ns3:cad>83</ns3:cad>
          </ns3:TrackPointExtension>
        </extensions>
      </trkpt>
      <trkpt lat="35.56219152174890041351318359375" lon="134.8134054243564605712890625">
        <ele>9.19999980926513671875</ele>
        <time>2026-08-01T08:39:38.000Z</time>
        <extensions>
          <ns3:TrackPointExtension>
            <ns3:atemp>34.0</ns3:atemp>
            <ns3:hr>167</ns3:hr>
            <ns3:cad>83</ns3:cad>
          </ns3:TrackPointExtension>
        </extensions>
      </trkpt>
      <trkpt lat="35.5622128956019878387451171875" lon="134.81338958255946636199951171875">
        <ele>9.19999980926513671875</ele>
        <time>2026-08-01T08:39:39.000Z</time>
        <extensions>
          <ns3:TrackPointExtension>
            <ns3:atemp>34.0</ns3:atemp>
            <ns3:hr>166</ns3:hr>
            <ns3:cad>83</ns3:cad>
          </ns3:TrackPointExtension>
        </extensions>
      </trkpt>
      <trkpt lat="35.562238208949565887451171875" lon="134.81337533332407474517822265625">
        <ele>9.19999980926513671875</ele>
        <time>2026-08-01T08:39:40.000Z</time>
        <extensions>
          <ns3:TrackPointExtension>
            <ns3:atemp>34.0</ns3:atemp>
            <ns3:hr>166</ns3:hr>
            <ns3:cad>83</ns3:cad>
          </ns3:TrackPointExtension>
        </extensions>
      </trkpt>
      <trkpt lat="35.56224952451884746551513671875" lon="134.81335722841322422027587890625">
        <ele>9</ele>
        <time>2026-08-01T08:39:41.000Z</time>
        <extensions>
          <ns3:TrackPointExtension>
            <ns3:atemp>34.0</ns3:atemp>
            <ns3:hr>165</ns3:hr>
            <ns3:cad>82</ns3:cad>
          </ns3:TrackPointExtension>
        </extensions>
      </trkpt>
      <trkpt lat="35.56227416731417179107666015625" lon="134.81334038078784942626953125">
        <ele>9</ele>
        <time>2026-08-01T08:39:42.000Z</time>
        <extensions>
          <ns3:TrackPointExtension>
            <ns3:atemp>34.0</ns3:atemp>
            <ns3:hr>165</ns3:hr>
            <ns3:cad>82</ns3:cad>
          </ns3:TrackPointExtension>
        </extensions>
      </trkpt>
      <trkpt lat="35.5622913502156734466552734375" lon="134.813323281705379486083984375">
        <ele>9</ele>
        <time>2026-08-01T08:39:43.000Z</time>
        <extensions>
          <ns3:TrackPointExtension>
            <ns3:atemp>34.0</ns3:atemp>
            <ns3:hr>165</ns3:hr>
            <ns3:cad>82</ns3:cad>
          </ns3:TrackPointExtension>
        </extensions>
      </trkpt>
      <trkpt lat="35.5623101256787776947021484375" lon="134.81330542825162410736083984375">
        <ele>8.80000019073486328125</ele>
        <time>2026-08-01T08:39:44.000Z</time>
        <extensions>
          <ns3:TrackPointExtension>
            <ns3:atemp>34.0</ns3:atemp>
            <ns3:hr>164</ns3:hr>
            <ns3:cad>83</ns3:cad>
          </ns3:TrackPointExtension>
        </extensions>
      </trkpt>
      <trkpt lat="35.5623382888734340667724609375" lon="134.8132899217307567596435546875">
        <ele>8.80000019073486328125</ele>
        <time>2026-08-01T08:39:45.000Z</time>
        <extensions>
          <ns3:TrackPointExtension>
            <ns3:atemp>34.0</ns3:atemp>
            <ns3:hr>164</ns3:hr>
            <ns3:cad>83</ns3:cad>
          </ns3:TrackPointExtension>
        </extensions>
      </trkpt>
      <trkpt lat="35.56235228665173053741455078125" lon="134.81327692978084087371826171875">
        <ele>8.80000019073486328125</ele>
        <time>2026-08-01T08:39:46.000Z</time>
        <extensions>
          <ns3:TrackPointExtension>
            <ns3:atemp>34.0</ns3:atemp>
            <ns3:hr>164</ns3:hr>
            <ns3:cad>83</ns3:cad>
          </ns3:TrackPointExtension>
        </extensions>
      </trkpt>
      <trkpt lat="35.56237894110381603240966796875" lon="134.81326234526932239532470703125">
        <ele>8.6000003814697265625</ele>
        <time>2026-08-01T08:39:47.000Z</time>
        <extensions>
          <ns3:TrackPointExtension>
            <ns3:atemp>34.0</ns3:atemp>
            <ns3:hr>164</ns3:hr>
            <ns3:cad>82</ns3:cad>
          </ns3:TrackPointExtension>
        </extensions>
      </trkpt>
      <trkpt lat="35.56240157224237918853759765625" lon="134.81325061060488224029541015625">
        <ele>8.6000003814697265625</ele>
        <time>2026-08-01T08:39:48.000Z</time>
        <extensions>
          <ns3:TrackPointExtension>
            <ns3:atemp>34.0</ns3:atemp>
            <ns3:hr>163</ns3:hr>
            <ns3:cad>82</ns3:cad>
          </ns3:TrackPointExtension>
        </extensions>
      </trkpt>
      <trkpt lat="35.56241515092551708221435546875" lon="134.8132369481027126312255859375">
        <ele>8.80000019073486328125</ele>
        <time>2026-08-01T08:39:49.000Z</time>
        <extensions>
          <ns3:TrackPointExtension>
            <ns3:atemp>34.0</ns3:atemp>
            <ns3:hr>163</ns3:hr>
            <ns3:cad>82</ns3:cad>
          </ns3:TrackPointExtension>
        </extensions>
      </trkpt>
      <trkpt lat="35.562444068491458892822265625" lon="134.813220016658306121826171875">
        <ele>9</ele>
        <time>2026-08-01T08:39:50.000Z</time>
        <extensions>
          <ns3:TrackPointExtension>
            <ns3:atemp>34.0</ns3:atemp>
            <ns3:hr>163</ns3:hr>
            <ns3:cad>83</ns3:cad>
          </ns3:TrackPointExtension>
        </extensions>
      </trkpt>
      <trkpt lat="35.562457479536533355712890625" lon="134.81320735998451709747314453125">
        <ele>9.3999996185302734375</ele>
        <time>2026-08-01T08:39:51.000Z</time>
        <extensions>
          <ns3:TrackPointExtension>
            <ns3:atemp>34.0</ns3:atemp>
            <ns3:hr>163</ns3:hr>
            <ns3:cad>83</ns3:cad>
          </ns3:TrackPointExtension>
        </extensions>
      </trkpt>
      <trkpt lat="35.56248354725539684295654296875" lon="134.81319428421556949615478515625">
        <ele>9.6000003814697265625</ele>
        <time>2026-08-01T08:39:52.000Z</time>
        <extensions>
          <ns3:TrackPointExtension>
            <ns3:atemp>34.0</ns3:atemp>
            <ns3:hr>163</ns3:hr>
            <ns3:cad>83</ns3:cad>
          </ns3:TrackPointExtension>
        </extensions>
      </trkpt>
      <trkpt lat="35.562510453164577484130859375" lon="134.81318405829370021820068359375">
        <ele>9.6000003814697265625</ele>
        <time>2026-08-01T08:39:53.000Z</time>
        <extensions>
          <ns3:TrackPointExtension>
            <ns3:atemp>34.0</ns3:atemp>
            <ns3:hr>163</ns3:hr>
            <ns3:cad>83</ns3:cad>
          </ns3:TrackPointExtension>
        </extensions>
      </trkpt>
      <trkpt lat="35.56252931244671344757080078125" lon="134.81317014433443546295166015625">
        <ele>9.3999996185302734375</ele>
        <time>2026-08-01T08:39:54.000Z</time>
        <extensions>
          <ns3:TrackPointExtension>
            <ns3:atemp>34.0</ns3:atemp>
            <ns3:hr>163</ns3:hr>
            <ns3:cad>83</ns3:cad>
          </ns3:TrackPointExtension>
        </extensions>
      </trkpt>
      <trkpt lat="35.56255781091749668121337890625" lon="134.81315262615680694580078125">
        <ele>9.3999996185302734375</ele>
        <time>2026-08-01T08:39:55.000Z</time>
        <extensions>
          <ns3:TrackPointExtension>
            <ns3:atemp>34.0</ns3:atemp>
            <ns3:hr>163</ns3:hr>
            <ns3:cad>83</ns3:cad>
          </ns3:TrackPointExtension>
        </extensions>
      </trkpt>
      <trkpt lat="35.562574155628681182861328125" lon="134.81314499862492084503173828125">
        <ele>9.19999980926513671875</ele>
        <time>2026-08-01T08:39:56.000Z</time>
        <extensions>
          <ns3:TrackPointExtension>
            <ns3:atemp>34.0</ns3:atemp>
            <ns3:hr>163</ns3:hr>
            <ns3:cad>83</ns3:cad>
          </ns3:TrackPointExtension>
        </extensions>
      </trkpt>
      <trkpt lat="35.562596954405307769775390625" lon="134.81312714517116546630859375">
        <ele>9.19999980926513671875</ele>
        <time>2026-08-01T08:39:57.000Z</time>
        <extensions>
          <ns3:TrackPointExtension>
            <ns3:atemp>34.0</ns3:atemp>
            <ns3:hr>163</ns3:hr>
            <ns3:cad>83</ns3:cad>
          </ns3:TrackPointExtension>
        </extensions>
      </trkpt>
      <trkpt lat="35.562622435390949249267578125" lon="134.8131135664880275726318359375">
        <ele>9.19999980926513671875</ele>
        <time>2026-08-01T08:39:58.000Z</time>
        <extensions>
          <ns3:TrackPointExtension>
            <ns3:atemp>34.0</ns3:atemp>
            <ns3:hr>163</ns3:hr>
            <ns3:cad>83</ns3:cad>
          </ns3:TrackPointExtension>
        </extensions>
      </trkpt>
      <trkpt lat="35.56263509206473827362060546875" lon="134.81310124509036540985107421875">
        <ele>9.3999996185302734375</ele>
        <time>2026-08-01T08:39:59.000Z</time>
        <extensions>
          <ns3:TrackPointExtension>
            <ns3:atemp>34.0</ns3:atemp>
            <ns3:hr>163</ns3:hr>
            <ns3:cad>83</ns3:cad>
          </ns3:TrackPointExtension>
        </extensions>
      </trkpt>
      <trkpt lat="35.56266375817358493804931640625" lon="134.81308582238852977752685546875">
        <ele>9.3999996185302734375</ele>
        <time>2026-08-01T08:40:00.000Z</time>
        <extensions>
          <ns3:TrackPointExtension>
            <ns3:atemp>34.0</ns3:atemp>
            <ns3:hr>163</ns3:hr>
            <ns3:cad>83</ns3:cad>
          </ns3:TrackPointExtension>
        </extensions>
      </trkpt>
      <trkpt lat="35.562682114541530609130859375" lon="134.8130719922482967376708984375">
        <ele>9.3999996185302734375</ele>
        <time>2026-08-01T08:40:01.000Z</time>
        <extensions>
          <ns3:TrackPointExtension>
            <ns3:atemp>34.0</ns3:atemp>
            <ns3:hr>162</ns3:hr>
            <ns3:cad>83</ns3:cad>
          </ns3:TrackPointExtension>
        </extensions>
      </trkpt>
      <trkpt lat="35.56270482949912548065185546875" lon="134.81305472552776336669921875">
        <ele>9</ele>
        <time>2026-08-01T08:40:02.000Z</time>
        <extensions>
          <ns3:TrackPointExtension>
            <ns3:atemp>34.0</ns3:atemp>
            <ns3:hr>162</ns3:hr>
            <ns3:cad>83</ns3:cad>
          </ns3:TrackPointExtension>
        </extensions>
      </trkpt>
      <trkpt lat="35.56273416616022586822509765625" lon="134.8130394704639911651611328125">
        <ele>8.80000019073486328125</ele>
        <time>2026-08-01T08:40:03.000Z</time>
        <extensions>
          <ns3:TrackPointExtension>
            <ns3:atemp>34.0</ns3:atemp>
            <ns3:hr>162</ns3:hr>
            <ns3:cad>83</ns3:cad>
          </ns3:TrackPointExtension>
        </extensions>
      </trkpt>
      <trkpt lat="35.562747158110141754150390625" lon="134.81302530504763126373291015625">
        <ele>8.80000019073486328125</ele>
        <time>2026-08-01T08:40:04.000Z</time>
        <extensions>
          <ns3:TrackPointExtension>
            <ns3:atemp>34.0</ns3:atemp>
            <ns3:hr>162</ns3:hr>
            <ns3:cad>83</ns3:cad>
          </ns3:TrackPointExtension>
        </extensions>
      </trkpt>
      <trkpt lat="35.56277506984770298004150390625" lon="134.81301407329738140106201171875">
        <ele>9</ele>
        <time>2026-08-01T08:40:05.000Z</time>
        <extensions>
          <ns3:TrackPointExtension>
            <ns3:atemp>34.0</ns3:atemp>
            <ns3:hr>163</ns3:hr>
            <ns3:cad>83</ns3:cad>
          </ns3:TrackPointExtension>
        </extensions>
      </trkpt>
      <trkpt lat="35.56279954500496387481689453125" lon="134.8130052722990512847900390625">
        <ele>9</ele>
        <time>2026-08-01T08:40:06.000Z</time>
        <extensions>
          <ns3:TrackPointExtension>
            <ns3:atemp>34.0</ns3:atemp>
            <ns3:hr>164</ns3:hr>
            <ns3:cad>84</ns3:cad>
          </ns3:TrackPointExtension>
        </extensions>
      </trkpt>
      <trkpt lat="35.56282117031514644622802734375" lon="134.812985993921756744384765625">
        <ele>9.19999980926513671875</ele>
        <time>2026-08-01T08:40:07.000Z</time>
        <extensions>
          <ns3:TrackPointExtension>
            <ns3:atemp>34.0</ns3:atemp>
            <ns3:hr>165</ns3:hr>
            <ns3:cad>84</ns3:cad>
          </ns3:TrackPointExtension>
        </extensions>
      </trkpt>
      <trkpt lat="35.5628502555191516876220703125" lon="134.81296889483928680419921875">
        <ele>9.19999980926513671875</ele>
        <time>2026-08-01T08:40:08.000Z</time>
        <extensions>
          <ns3:TrackPointExtension>
            <ns3:atemp>34.0</ns3:atemp>
            <ns3:hr>165</ns3:hr>
            <ns3:cad>84</ns3:cad>
          </ns3:TrackPointExtension>
        </extensions>
      </trkpt>
      <trkpt lat="35.5628656782209873199462890625" lon="134.812956154346466064453125">
        <ele>9</ele>
        <time>2026-08-01T08:40:09.000Z</time>
        <extensions>
          <ns3:TrackPointExtension>
            <ns3:atemp>34.0</ns3:atemp>
            <ns3:hr>165</ns3:hr>
            <ns3:cad>84</ns3:cad>
          </ns3:TrackPointExtension>
        </extensions>
      </trkpt>
      <trkpt lat="35.56289358995854854583740234375" lon="134.8129415698349475860595703125">
        <ele>9</ele>
        <time>2026-08-01T08:40:10.000Z</time>
        <extensions>
          <ns3:TrackPointExtension>
            <ns3:atemp>34.0</ns3:atemp>
            <ns3:hr>165</ns3:hr>
            <ns3:cad>83</ns3:cad>
          </ns3:TrackPointExtension>
        </extensions>
      </trkpt>
      <trkpt lat="35.5629186518490314483642578125" lon="134.81292606331408023834228515625">
        <ele>8.80000019073486328125</ele>
        <time>2026-08-01T08:40:11.000Z</time>
        <extensions>
          <ns3:TrackPointExtension>
            <ns3:atemp>34.0</ns3:atemp>
            <ns3:hr>165</ns3:hr>
            <ns3:cad>83</ns3:cad>
          </ns3:TrackPointExtension>
        </extensions>
      </trkpt>
      <trkpt lat="35.56293080560863018035888671875" lon="134.81290720403194427490234375">
        <ele>9</ele>
        <time>2026-08-01T08:40:12.000Z</time>
        <extensions>
          <ns3:TrackPointExtension>
            <ns3:atemp>34.0</ns3:atemp>
            <ns3:hr>164</ns3:hr>
            <ns3:cad>83</ns3:cad>
          </ns3:TrackPointExtension>
        </extensions>
      </trkpt>
      <trkpt lat="35.562957040965557098388671875" lon="134.8128889314830303192138671875">
        <ele>8.80000019073486328125</ele>
        <time>2026-08-01T08:40:13.000Z</time>
        <extensions>
          <ns3:TrackPointExtension>
            <ns3:atemp>34.0</ns3:atemp>
            <ns3:hr>164</ns3:hr>
            <ns3:cad>83</ns3:cad>
          </ns3:TrackPointExtension>
        </extensions>
      </trkpt>
      <trkpt lat="35.5629790015518665313720703125" lon="134.81288163922727108001708984375">
        <ele>8.80000019073486328125</ele>
        <time>2026-08-01T08:40:14.000Z</time>
        <extensions>
          <ns3:TrackPointExtension>
            <ns3:atemp>34.0</ns3:atemp>
            <ns3:hr>164</ns3:hr>
            <ns3:cad>83</ns3:cad>
          </ns3:TrackPointExtension>
        </extensions>
      </trkpt>
      <trkpt lat="35.5630018003284931182861328125" lon="134.8128668032586574554443359375">
        <ele>8.80000019073486328125</ele>
        <time>2026-08-01T08:40:15.000Z</time>
        <extensions>
          <ns3:TrackPointExtension>
            <ns3:atemp>34.0</ns3:atemp>
            <ns3:hr>164</ns3:hr>
            <ns3:cad>83</ns3:cad>
          </ns3:TrackPointExtension>
        </extensions>
      </trkpt>
      <trkpt lat="35.56302568875253200531005859375" lon="134.81285297311842441558837890625">
        <ele>8.80000019073486328125</ele>
        <time>2026-08-01T08:40:16.000Z</time>
        <extensions>
          <ns3:TrackPointExtension>
            <ns3:atemp>34.0</ns3:atemp>
            <ns3:hr>163</ns3:hr>
            <ns3:cad>83</ns3:cad>
          </ns3:TrackPointExtension>
        </extensions>
      </trkpt>
      <trkpt lat="35.5630403570830821990966796875" lon="134.81283637695014476776123046875">
        <ele>8.80000019073486328125</ele>
        <time>2026-08-01T08:40:17.000Z</time>
        <extensions>
          <ns3:TrackPointExtension>
            <ns3:atemp>34.0</ns3:atemp>
            <ns3:hr>164</ns3:hr>
            <ns3:cad>83</ns3:cad>
          </ns3:TrackPointExtension>
        </extensions>
      </trkpt>
      <trkpt lat="35.56306826882064342498779296875" lon="134.812823720276355743408203125">
        <ele>8.6000003814697265625</ele>
        <time>2026-08-01T08:40:18.000Z</time>
        <extensions>
          <ns3:TrackPointExtension>
            <ns3:atemp>34.0</ns3:atemp>
            <ns3:hr>164</ns3:hr>
            <ns3:cad>83</ns3:cad>
          </ns3:TrackPointExtension>
        </extensions>
      </trkpt>
      <trkpt lat="35.56308603845536708831787109375" lon="134.81280938722193241119384765625">
        <ele>8.6000003814697265625</ele>
        <time>2026-08-01T08:40:19.000Z</time>
        <extensions>
          <ns3:TrackPointExtension>
            <ns3:atemp>34.0</ns3:atemp>
            <ns3:hr>164</ns3:hr>
            <ns3:cad>83</ns3:cad>
          </ns3:TrackPointExtension>
        </extensions>
      </trkpt>
      <trkpt lat="35.56310766376554965972900390625" lon="134.81279195286333560943603515625">
        <ele>8.6000003814697265625</ele>
        <time>2026-08-01T08:40:20.000Z</time>
        <extensions>
          <ns3:TrackPointExtension>
            <ns3:atemp>34.0</ns3:atemp>
            <ns3:hr>165</ns3:hr>
            <ns3:cad>83</ns3:cad>
          </ns3:TrackPointExtension>
        </extensions>
      </trkpt>
      <trkpt lat="35.56313314475119113922119140625" lon="134.81277904473245143890380859375">
        <ele>8.6000003814697265625</ele>
        <time>2026-08-01T08:40:21.000Z</time>
        <extensions>
          <ns3:TrackPointExtension>
            <ns3:atemp>34.0</ns3:atemp>
            <ns3:hr>165</ns3:hr>
            <ns3:cad>83</ns3:cad>
          </ns3:TrackPointExtension>
        </extensions>
      </trkpt>
      <trkpt lat="35.5631466396152973175048828125" lon="134.81276546604931354522705078125">
        <ele>8.6000003814697265625</ele>
        <time>2026-08-01T08:40:22.000Z</time>
        <extensions>
          <ns3:TrackPointExtension>
            <ns3:atemp>34.0</ns3:atemp>
            <ns3:hr>166</ns3:hr>
            <ns3:cad>83</ns3:cad>
          </ns3:TrackPointExtension>
        </extensions>
      </trkpt>
      <trkpt lat="35.56317304261028766632080078125" lon="134.81275557540357112884521484375">
        <ele>8.6000003814697265625</ele>
        <time>2026-08-01T08:40:23.000Z</time>
        <extensions>
          <ns3:TrackPointExtension>
            <ns3:atemp>34.0</ns3:atemp>
            <ns3:hr>167</ns3:hr>
            <ns3:cad>83</ns3:cad>
          </ns3:TrackPointExtension>
        </extensions>
      </trkpt>
      <trkpt lat="35.563195757567882537841796875" lon="134.81274618767201900482177734375">
        <ele>8.80000019073486328125</ele>
        <time>2026-08-01T08:40:24.000Z</time>
        <extensions>
          <ns3:TrackPointExtension>
            <ns3:atemp>34.0</ns3:atemp>
            <ns3:hr>167</ns3:hr>
            <ns3:cad>83</ns3:cad>
          </ns3:TrackPointExtension>
        </extensions>
      </trkpt>
      <trkpt lat="35.56321444921195507049560546875" lon="134.81273361481726169586181640625">
        <ele>8.80000019073486328125</ele>
        <time>2026-08-01T08:40:25.000Z</time>
        <extensions>
          <ns3:TrackPointExtension>
            <ns3:atemp>34.0</ns3:atemp>
            <ns3:hr>167</ns3:hr>
            <ns3:cad>83</ns3:cad>
          </ns3:TrackPointExtension>
        </extensions>
      </trkpt>
      <trkpt lat="35.5632405169308185577392578125" lon="134.812716431915760040283203125">
        <ele>8.80000019073486328125</ele>
        <time>2026-08-01T08:40:26.000Z</time>
        <extensions>
          <ns3:TrackPointExtension>
            <ns3:atemp>34.0</ns3:atemp>
            <ns3:hr>167</ns3:hr>
            <ns3:cad>83</ns3:cad>
          </ns3:TrackPointExtension>
        </extensions>
      </trkpt>
      <trkpt lat="35.56325308978557586669921875" lon="134.8127075470983982086181640625">
        <ele>8.80000019073486328125</ele>
        <time>2026-08-01T08:40:27.000Z</time>
        <extensions>
          <ns3:TrackPointExtension>
            <ns3:atemp>34.0</ns3:atemp>
            <ns3:hr>167</ns3:hr>
            <ns3:cad>83</ns3:cad>
          </ns3:TrackPointExtension>
        </extensions>
      </trkpt>
      <trkpt lat="35.5632784031331539154052734375" lon="134.81269857846200466156005859375">
        <ele>8.80000019073486328125</ele>
        <time>2026-08-01T08:40:28.000Z</time>
        <extensions>
          <ns3:TrackPointExtension>
            <ns3:atemp>34.0</ns3:atemp>
            <ns3:hr>167</ns3:hr>
            <ns3:cad>83</ns3:cad>
          </ns3:TrackPointExtension>
        </extensions>
      </trkpt>
      <trkpt lat="35.56330136954784393310546875" lon="134.81268969364464282989501953125">
        <ele>8.80000019073486328125</ele>
        <time>2026-08-01T08:40:29.000Z</time>
        <extensions>
          <ns3:TrackPointExtension>
            <ns3:atemp>34.0</ns3:atemp>
            <ns3:hr>167</ns3:hr>
            <ns3:cad>83</ns3:cad>
          </ns3:TrackPointExtension>
        </extensions>
      </trkpt>
      <trkpt lat="35.56332425214350223541259765625" lon="134.812675528228282928466796875">
        <ele>8.80000019073486328125</ele>
        <time>2026-08-01T08:40:30.000Z</time>
        <extensions>
          <ns3:TrackPointExtension>
            <ns3:atemp>34.0</ns3:atemp>
            <ns3:hr>167</ns3:hr>
            <ns3:cad>83</ns3:cad>
          </ns3:TrackPointExtension>
        </extensions>
      </trkpt>
      <trkpt lat="35.5633541755378246307373046875" lon="134.81265968643128871917724609375">
        <ele>8.80000019073486328125</ele>
        <time>2026-08-01T08:40:31.000Z</time>
        <extensions>
          <ns3:TrackPointExtension>
            <ns3:atemp>34.0</ns3:atemp>
            <ns3:hr>168</ns3:hr>
            <ns3:cad>83</ns3:cad>
          </ns3:TrackPointExtension>
        </extensions>
      </trkpt>
      <trkpt lat="35.5633662454783916473388671875" lon="134.8126471973955631256103515625">
        <ele>8.80000019073486328125</ele>
        <time>2026-08-01T08:40:32.000Z</time>
        <extensions>
          <ns3:TrackPointExtension>
            <ns3:atemp>34.0</ns3:atemp>
            <ns3:hr>167</ns3:hr>
            <ns3:cad>84</ns3:cad>
          </ns3:TrackPointExtension>
        </extensions>
      </trkpt>
      <trkpt lat="35.5633934028446674346923828125" lon="134.8126304335892200469970703125">
        <ele>9</ele>
        <time>2026-08-01T08:40:33.000Z</time>
        <extensions>
          <ns3:TrackPointExtension>
            <ns3:atemp>34.0</ns3:atemp>
            <ns3:hr>167</ns3:hr>
            <ns3:cad>84</ns3:cad>
          </ns3:TrackPointExtension>
        </extensions>
      </trkpt>
      <trkpt lat="35.5634187161922454833984375" lon="134.81261811219155788421630859375">
        <ele>9</ele>
        <time>2026-08-01T08:40:34.000Z</time>
        <extensions>
          <ns3:TrackPointExtension>
            <ns3:atemp>34.0</ns3:atemp>
            <ns3:hr>167</ns3:hr>
            <ns3:cad>84</ns3:cad>
          </ns3:TrackPointExtension>
        </extensions>
      </trkpt>
      <trkpt lat="35.5634383298456668853759765625" lon="134.81260201893746852874755859375">
        <ele>9</ele>
        <time>2026-08-01T08:40:35.000Z</time>
        <extensions>
          <ns3:TrackPointExtension>
            <ns3:atemp>34.0</ns3:atemp>
            <ns3:hr>168</ns3:hr>
            <ns3:cad>84</ns3:cad>
          </ns3:TrackPointExtension>
        </extensions>
      </trkpt>
      <trkpt lat="35.56346724741160869598388671875" lon="134.81258341111242771148681640625">
        <ele>9</ele>
        <time>2026-08-01T08:40:36.000Z</time>
        <extensions>
          <ns3:TrackPointExtension>
            <ns3:atemp>34.0</ns3:atemp>
            <ns3:hr>167</ns3:hr>
            <ns3:cad>84</ns3:cad>
          </ns3:TrackPointExtension>
        </extensions>
      </trkpt>
      <trkpt lat="35.56349088437855243682861328125" lon="134.81257326900959014892578125">
        <ele>9</ele>
        <time>2026-08-01T08:40:37.000Z</time>
        <extensions>
          <ns3:TrackPointExtension>
            <ns3:atemp>34.0</ns3:atemp>
            <ns3:hr>167</ns3:hr>
            <ns3:cad>83</ns3:cad>
          </ns3:TrackPointExtension>
        </extensions>
      </trkpt>
      <trkpt lat="35.56351619772613048553466796875" lon="134.81256077997386455535888671875">
        <ele>9</ele>
        <time>2026-08-01T08:40:38.000Z</time>
        <extensions>
          <ns3:TrackPointExtension>
            <ns3:atemp>34.0</ns3:atemp>
            <ns3:hr>167</ns3:hr>
            <ns3:cad>83</ns3:cad>
          </ns3:TrackPointExtension>
        </extensions>
      </trkpt>
      <trkpt lat="35.56354134343564510345458984375" lon="134.81254871003329753875732421875">
        <ele>9</ele>
        <time>2026-08-01T08:40:39.000Z</time>
        <extensions>
          <ns3:TrackPointExtension>
            <ns3:atemp>34.0</ns3:atemp>
            <ns3:hr>167</ns3:hr>
            <ns3:cad>83</ns3:cad>
          </ns3:TrackPointExtension>
        </extensions>
      </trkpt>
      <trkpt lat="35.5635566823184490203857421875" lon="134.8125378973782062530517578125">
        <ele>8.80000019073486328125</ele>
        <time>2026-08-01T08:40:40.000Z</time>
        <extensions>
          <ns3:TrackPointExtension>
            <ns3:atemp>34.0</ns3:atemp>
            <ns3:hr>167</ns3:hr>
            <ns3:cad>83</ns3:cad>
          </ns3:TrackPointExtension>
        </extensions>
      </trkpt>
      <trkpt lat="35.5635838396847248077392578125" lon="134.81252557598054409027099609375">
        <ele>9</ele>
        <time>2026-08-01T08:40:41.000Z</time>
        <extensions>
          <ns3:TrackPointExtension>
            <ns3:atemp>34.0</ns3:atemp>
            <ns3:hr>167</ns3:hr>
            <ns3:cad>83</ns3:cad>
          </ns3:TrackPointExtension>
        </extensions>
      </trkpt>
      <trkpt lat="35.56360186077654361724853515625" lon="134.8125157691538333892822265625">
        <ele>8.80000019073486328125</ele>
        <time>2026-08-01T08:40:42.000Z</time>
        <extensions>
          <ns3:TrackPointExtension>
            <ns3:atemp>34.0</ns3:atemp>
            <ns3:hr>167</ns3:hr>
            <ns3:cad>83</ns3:cad>
          </ns3:TrackPointExtension>
        </extensions>
      </trkpt>
      <trkpt lat="35.563622228801250457763671875" lon="134.8125023581087589263916015625">
        <ele>8.80000019073486328125</ele>
        <time>2026-08-01T08:40:43.000Z</time>
        <extensions>
          <ns3:TrackPointExtension>
            <ns3:atemp>34.0</ns3:atemp>
            <ns3:hr>167</ns3:hr>
            <ns3:cad>84</ns3:cad>
          </ns3:TrackPointExtension>
        </extensions>
      </trkpt>
      <trkpt lat="35.56364536285400390625" lon="134.8124889470636844635009765625">
        <ele>8.80000019073486328125</ele>
        <time>2026-08-01T08:40:44.000Z</time>
        <extensions>
          <ns3:TrackPointExtension>
            <ns3:atemp>34.0</ns3:atemp>
            <ns3:hr>167</ns3:hr>
            <ns3:cad>84</ns3:cad>
          </ns3:TrackPointExtension>
        </extensions>
      </trkpt>
      <trkpt lat="35.56365768425166606903076171875" lon="134.812475033104419708251953125">
        <ele>8.80000019073486328125</ele>
        <time>2026-08-01T08:40:45.000Z</time>
        <extensions>
          <ns3:TrackPointExtension>
            <ns3:atemp>34.0</ns3:atemp>
            <ns3:hr>167</ns3:hr>
            <ns3:cad>84</ns3:cad>
          </ns3:TrackPointExtension>
        </extensions>
      </trkpt>
      <trkpt lat="35.56368567980825901031494140625" lon="134.81246103532612323760986328125">
        <ele>8.80000019073486328125</ele>
        <time>2026-08-01T08:40:46.000Z</time>
        <extensions>
          <ns3:TrackPointExtension>
            <ns3:atemp>34.0</ns3:atemp>
            <ns3:hr>167</ns3:hr>
            <ns3:cad>84</ns3:cad>
          </ns3:TrackPointExtension>
        </extensions>
      </trkpt>
      <trkpt lat="35.56370127014815807342529296875" lon="134.812446534633636474609375">
        <ele>8.80000019073486328125</ele>
        <time>2026-08-01T08:40:47.000Z</time>
        <extensions>
          <ns3:TrackPointExtension>
            <ns3:atemp>34.0</ns3:atemp>
            <ns3:hr>167</ns3:hr>
            <ns3:cad>84</ns3:cad>
          </ns3:TrackPointExtension>
        </extensions>
      </trkpt>
      <trkpt lat="35.56372373364865779876708984375" lon="134.81242842972278594970703125">
        <ele>8.6000003814697265625</ele>
        <time>2026-08-01T08:40:48.000Z</time>
        <extensions>
          <ns3:TrackPointExtension>
            <ns3:atemp>34.0</ns3:atemp>
            <ns3:hr>167</ns3:hr>
            <ns3:cad>83</ns3:cad>
          </ns3:TrackPointExtension>
        </extensions>
      </trkpt>
      <trkpt lat="35.56374988518655300140380859375" lon="134.8124198801815509796142578125">
        <ele>8.80000019073486328125</ele>
        <time>2026-08-01T08:40:49.000Z</time>
        <extensions>
          <ns3:TrackPointExtension>
            <ns3:atemp>34.0</ns3:atemp>
            <ns3:hr>167</ns3:hr>
            <ns3:cad>83</ns3:cad>
          </ns3:TrackPointExtension>
        </extensions>
      </trkpt>
      <trkpt lat="35.5637645535171031951904296875" lon="134.81240856461226940155029296875">
        <ele>8.80000019073486328125</ele>
        <time>2026-08-01T08:40:50.000Z</time>
        <extensions>
          <ns3:TrackPointExtension>
            <ns3:atemp>34.0</ns3:atemp>
            <ns3:hr>166</ns3:hr>
            <ns3:cad>83</ns3:cad>
          </ns3:TrackPointExtension>
        </extensions>
      </trkpt>
      <trkpt lat="35.563793890178203582763671875" lon="134.8123990930616855621337890625">
        <ele>8.80000019073486328125</ele>
        <time>2026-08-01T08:40:51.000Z</time>
        <extensions>
          <ns3:TrackPointExtension>
            <ns3:atemp>34.0</ns3:atemp>
            <ns3:hr>166</ns3:hr>
            <ns3:cad>83</ns3:cad>
          </ns3:TrackPointExtension>
        </extensions>
      </trkpt>
      <trkpt lat="35.5638171918690204620361328125" lon="134.81239087879657745361328125">
        <ele>8.80000019073486328125</ele>
        <time>2026-08-01T08:40:52.000Z</time>
        <extensions>
          <ns3:TrackPointExtension>
            <ns3:atemp>34.0</ns3:atemp>
            <ns3:hr>165</ns3:hr>
            <ns3:cad>83</ns3:cad>
          </ns3:TrackPointExtension>
        </extensions>
      </trkpt>
      <trkpt lat="35.56383755989372730255126953125" lon="134.812376461923122406005859375">
        <ele>8.80000019073486328125</ele>
        <time>2026-08-01T08:40:53.000Z</time>
        <extensions>
          <ns3:TrackPointExtension>
            <ns3:atemp>34.0</ns3:atemp>
            <ns3:hr>165</ns3:hr>
            <ns3:cad>83</ns3:cad>
          </ns3:TrackPointExtension>
        </extensions>
      </trkpt>
      <trkpt lat="35.563864298164844512939453125" lon="134.8123647272586822509765625">
        <ele>8.80000019073486328125</ele>
        <time>2026-08-01T08:40:54.000Z</time>
        <extensions>
          <ns3:TrackPointExtension>
            <ns3:atemp>34.0</ns3:atemp>
            <ns3:hr>165</ns3:hr>
            <ns3:cad>83</ns3:cad>
          </ns3:TrackPointExtension>
        </extensions>
      </trkpt>
      <trkpt lat="35.56387896649539470672607421875" lon="134.81235123239457607269287109375">
        <ele>8.80000019073486328125</ele>
        <time>2026-08-01T08:40:55.000Z</time>
        <extensions>
          <ns3:TrackPointExtension>
            <ns3:atemp>34.0</ns3:atemp>
            <ns3:hr>164</ns3:hr>
            <ns3:cad>83</ns3:cad>
          </ns3:TrackPointExtension>
        </extensions>
      </trkpt>
      <trkpt lat="35.5639043636620044708251953125" lon="134.81233832426369190216064453125">
        <ele>8.80000019073486328125</ele>
        <time>2026-08-01T08:40:56.000Z</time>
        <extensions>
          <ns3:TrackPointExtension>
            <ns3:atemp>34.0</ns3:atemp>
            <ns3:hr>164</ns3:hr>
            <ns3:cad>83</ns3:cad>
          </ns3:TrackPointExtension>
        </extensions>
      </trkpt>
      <trkpt lat="35.5639271624386310577392578125" lon="134.8123323731124401092529296875">
        <ele>8.80000019073486328125</ele>
        <time>2026-08-01T08:40:57.000Z</time>
        <extensions>
          <ns3:TrackPointExtension>
            <ns3:atemp>34.0</ns3:atemp>
            <ns3:hr>164</ns3:hr>
            <ns3:cad>83</ns3:cad>
          </ns3:TrackPointExtension>
        </extensions>
      </trkpt>
      <trkpt lat="35.56394375860691070556640625" lon="134.81231736950576305389404296875">
        <ele>8.80000019073486328125</ele>
        <time>2026-08-01T08:40:58.000Z</time>
        <extensions>
          <ns3:TrackPointExtension>
            <ns3:atemp>34.0</ns3:atemp>
            <ns3:hr>163</ns3:hr>
            <ns3:cad>83</ns3:cad>
          </ns3:TrackPointExtension>
        </extensions>
      </trkpt>
      <trkpt lat="35.56397401727735996246337890625" lon="134.812301360070705413818359375">
        <ele>8.80000019073486328125</ele>
        <time>2026-08-01T08:40:59.000Z</time>
        <extensions>
          <ns3:TrackPointExtension>
            <ns3:atemp>34.0</ns3:atemp>
            <ns3:hr>163</ns3:hr>
            <ns3:cad>83</ns3:cad>
          </ns3:TrackPointExtension>
        </extensions>
      </trkpt>
      <trkpt lat="35.563990361988544464111328125" lon="134.81228602118790149688720703125">
        <ele>9</ele>
        <time>2026-08-01T08:41:00.000Z</time>
        <extensions>
          <ns3:TrackPointExtension>
            <ns3:atemp>34.0</ns3:atemp>
            <ns3:hr>163</ns3:hr>
            <ns3:cad>83</ns3:cad>
          </ns3:TrackPointExtension>
        </extensions>
      </trkpt>
      <trkpt lat="35.56401458568871021270751953125" lon="134.812266491353511810302734375">
        <ele>9</ele>
        <time>2026-08-01T08:41:01.000Z</time>
        <extensions>
          <ns3:TrackPointExtension>
            <ns3:atemp>34.0</ns3:atemp>
            <ns3:hr>163</ns3:hr>
            <ns3:cad>83</ns3:cad>
          </ns3:TrackPointExtension>
        </extensions>
      </trkpt>
      <trkpt lat="35.564042665064334869384765625" lon="134.8122566007077693939208984375">
        <ele>8.80000019073486328125</ele>
        <time>2026-08-01T08:41:02.000Z</time>
        <extensions>
          <ns3:TrackPointExtension>
            <ns3:atemp>34.0</ns3:atemp>
            <ns3:hr>163</ns3:hr>
            <ns3:cad>83</ns3:cad>
          </ns3:TrackPointExtension>
        </extensions>
      </trkpt>
      <trkpt lat="35.56405800394713878631591796875" lon="134.8122438602149486541748046875">
        <ele>8.6000003814697265625</ele>
        <time>2026-08-01T08:41:03.000Z</time>
        <extensions>
          <ns3:TrackPointExtension>
            <ns3:atemp>34.0</ns3:atemp>
            <ns3:hr>163</ns3:hr>
            <ns3:cad>83</ns3:cad>
          </ns3:TrackPointExtension>
        </extensions>
      </trkpt>
      <trkpt lat="35.5640884302556514739990234375" lon="134.8122341372072696685791015625">
        <ele>8.6000003814697265625</ele>
        <time>2026-08-01T08:41:04.000Z</time>
        <extensions>
          <ns3:TrackPointExtension>
            <ns3:atemp>34.0</ns3:atemp>
            <ns3:hr>163</ns3:hr>
            <ns3:cad>83</ns3:cad>
          </ns3:TrackPointExtension>
        </extensions>
      </trkpt>
      <trkpt lat="35.56411433033645153045654296875" lon="134.812226593494415283203125">
        <ele>8.3999996185302734375</ele>
        <time>2026-08-01T08:41:05.000Z</time>
        <extensions>
          <ns3:TrackPointExtension>
            <ns3:atemp>34.0</ns3:atemp>
            <ns3:hr>163</ns3:hr>
            <ns3:cad>83</ns3:cad>
          </ns3:TrackPointExtension>
        </extensions>
      </trkpt>
      <trkpt lat="35.56413629092276096343994140625" lon="134.8122118413448333740234375">
        <ele>8.3999996185302734375</ele>
        <time>2026-08-01T08:41:06.000Z</time>
        <extensions>
          <ns3:TrackPointExtension>
            <ns3:atemp>34.0</ns3:atemp>
            <ns3:hr>163</ns3:hr>
            <ns3:cad>83</ns3:cad>
          </ns3:TrackPointExtension>
        </extensions>
      </trkpt>
      <trkpt lat="35.56416361592710018157958984375" lon="134.81220102868974208831787109375">
        <ele>8.3999996185302734375</ele>
        <time>2026-08-01T08:41:07.000Z</time>
        <extensions>
          <ns3:TrackPointExtension>
            <ns3:atemp>34.0</ns3:atemp>
            <ns3:hr>164</ns3:hr>
            <ns3:cad>83</ns3:cad>
          </ns3:TrackPointExtension>
        </extensions>
      </trkpt>
      <trkpt lat="35.5641742609441280364990234375" lon="134.812186695635318756103515625">
        <ele>8.3999996185302734375</ele>
        <time>2026-08-01T08:41:08.000Z</time>
        <extensions>
          <ns3:TrackPointExtension>
            <ns3:atemp>34.0</ns3:atemp>
            <ns3:hr>165</ns3:hr>
            <ns3:cad>83</ns3:cad>
          </ns3:TrackPointExtension>
        </extensions>
      </trkpt>
      <trkpt lat="35.56419898755848407745361328125" lon="134.812175966799259185791015625">
        <ele>8.3999996185302734375</ele>
        <time>2026-08-01T08:41:09.000Z</time>
        <extensions>
          <ns3:TrackPointExtension>
            <ns3:atemp>34.0</ns3:atemp>
            <ns3:hr>166</ns3:hr>
            <ns3:cad>83</ns3:cad>
          </ns3:TrackPointExtension>
        </extensions>
      </trkpt>
      <trkpt lat="35.56422094814479351043701171875" lon="134.81216532178223133087158203125">
        <ele>8.6000003814697265625</ele>
        <time>2026-08-01T08:41:10.000Z</time>
        <extensions>
          <ns3:TrackPointExtension>
            <ns3:atemp>34.0</ns3:atemp>
            <ns3:hr>166</ns3:hr>
            <ns3:cad>83</ns3:cad>
          </ns3:TrackPointExtension>
        </extensions>
      </trkpt>
      <trkpt lat="35.56423804722726345062255859375" lon="134.812153838574886322021484375">
        <ele>8.6000003814697265625</ele>
        <time>2026-08-01T08:41:11.000Z</time>
        <extensions>
          <ns3:TrackPointExtension>
            <ns3:atemp>34.0</ns3:atemp>
            <ns3:hr>167</ns3:hr>
            <ns3:cad>83</ns3:cad>
          </ns3:TrackPointExtension>
        </extensions>
      </trkpt>
      <trkpt lat="35.56426503695547580718994140625" lon="134.8121429421007633209228515625">
        <ele>8.6000003814697265625</ele>
        <time>2026-08-01T08:41:12.000Z</time>
        <extensions>
          <ns3:TrackPointExtension>
            <ns3:atemp>34.0</ns3:atemp>
            <ns3:hr>167</ns3:hr>
            <ns3:cad>83</ns3:cad>
          </ns3:TrackPointExtension>
        </extensions>
      </trkpt>
      <trkpt lat="35.5642788670957088470458984375" lon="134.8121291957795619964599609375">
        <ele>8.80000019073486328125</ele>
        <time>2026-08-01T08:41:13.000Z</time>
        <extensions>
          <ns3:TrackPointExtension>
            <ns3:atemp>34.0</ns3:atemp>
            <ns3:hr>167</ns3:hr>
            <ns3:cad>83</ns3:cad>
          </ns3:TrackPointExtension>
        </extensions>
      </trkpt>
      <trkpt lat="35.56430510245263576507568359375" lon="134.8121151141822338104248046875">
        <ele>8.80000019073486328125</ele>
        <time>2026-08-01T08:41:14.000Z</time>
        <extensions>
          <ns3:TrackPointExtension>
            <ns3:atemp>34.0</ns3:atemp>
            <ns3:hr>168</ns3:hr>
            <ns3:cad>83</ns3:cad>
          </ns3:TrackPointExtension>
        </extensions>
      </trkpt>
      <trkpt lat="35.56433075107634067535400390625" lon="134.8121018707752227783203125">
        <ele>8.6000003814697265625</ele>
        <time>2026-08-01T08:41:15.000Z</time>
        <extensions>
          <ns3:TrackPointExtension>
            <ns3:atemp>34.0</ns3:atemp>
            <ns3:hr>168</ns3:hr>
            <ns3:cad>83</ns3:cad>
          </ns3:TrackPointExtension>
        </extensions>
      </trkpt>
      <trkpt lat="35.56434701196849346160888671875" lon="134.8120903037488460540771484375">
        <ele>8.6000003814697265625</ele>
        <time>2026-08-01T08:41:16.000Z</time>
        <extensions>
          <ns3:TrackPointExtension>
            <ns3:atemp>34.0</ns3:atemp>
            <ns3:hr>168</ns3:hr>
            <ns3:cad>83</ns3:cad>
          </ns3:TrackPointExtension>
        </extensions>
      </trkpt>
      <trkpt lat="35.5643747560679912567138671875" lon="134.8120789043605327606201171875">
        <ele>8.6000003814697265625</ele>
        <time>2026-08-01T08:41:17.000Z</time>
        <extensions>
          <ns3:TrackPointExtension>
            <ns3:atemp>34.0</ns3:atemp>
            <ns3:hr>168</ns3:hr>
            <ns3:cad>83</ns3:cad>
          </ns3:TrackPointExtension>
        </extensions>
      </trkpt>
      <trkpt lat="35.5643958784639835357666015625" lon="134.81206834316253662109375">
        <ele>8.6000003814697265625</ele>
        <time>2026-08-01T08:41:18.000Z</time>
        <extensions>
          <ns3:TrackPointExtension>
            <ns3:atemp>34.0</ns3:atemp>
            <ns3:hr>168</ns3:hr>
            <ns3:cad>83</ns3:cad>
          </ns3:TrackPointExtension>
        </extensions>
      </trkpt>
      <trkpt lat="35.56441876105964183807373046875" lon="134.81205292046070098876953125">
        <ele>8.6000003814697265625</ele>
        <time>2026-08-01T08:41:19.000Z</time>
        <extensions>
          <ns3:TrackPointExtension>
            <ns3:atemp>34.0</ns3:atemp>
            <ns3:hr>169</ns3:hr>
            <ns3:cad>83</ns3:cad>
          </ns3:TrackPointExtension>
        </extensions>
      </trkpt>
      <trkpt lat="35.5644448287785053253173828125" lon="134.8120443709194660186767578125">
        <ele>8.6000003814697265625</ele>
        <time>2026-08-01T08:41:20.000Z</time>
        <extensions>
          <ns3:TrackPointExtension>
            <ns3:atemp>34.0</ns3:atemp>
            <ns3:hr>169</ns3:hr>
            <ns3:cad>83</ns3:cad>
          </ns3:TrackPointExtension>
        </extensions>
      </trkpt>
      <trkpt lat="35.5644599162042140960693359375" lon="134.81203154660761356353759765625">
        <ele>8.6000003814697265625</ele>
        <time>2026-08-01T08:41:21.000Z</time>
        <extensions>
          <ns3:TrackPointExtension>
            <ns3:atemp>34.0</ns3:atemp>
            <ns3:hr>168</ns3:hr>
            <ns3:cad>83</ns3:cad>
          </ns3:TrackPointExtension>
        </extensions>
      </trkpt>
      <trkpt lat="35.56448690593242645263671875" lon="134.81202073395252227783203125">
        <ele>8.6000003814697265625</ele>
        <time>2026-08-01T08:41:22.000Z</time>
        <extensions>
          <ns3:TrackPointExtension>
            <ns3:atemp>34.0</ns3:atemp>
            <ns3:hr>168</ns3:hr>
            <ns3:cad>83</ns3:cad>
          </ns3:TrackPointExtension>
        </extensions>
      </trkpt>
      <trkpt lat="35.5645058490335941314697265625" lon="134.81200606562197208404541015625">
        <ele>8.6000003814697265625</ele>
        <time>2026-08-01T08:41:23.000Z</time>
        <extensions>
          <ns3:TrackPointExtension>
            <ns3:atemp>34.0</ns3:atemp>
            <ns3:hr>167</ns3:hr>
            <ns3:cad>83</ns3:cad>
          </ns3:TrackPointExtension>
        </extensions>
      </trkpt>
      <trkpt lat="35.56452671997249126434326171875" lon="134.8119893856346607208251953125">
        <ele>8.6000003814697265625</ele>
        <time>2026-08-01T08:41:24.000Z</time>
        <extensions>
          <ns3:TrackPointExtension>
            <ns3:atemp>34.0</ns3:atemp>
            <ns3:hr>167</ns3:hr>
            <ns3:cad>83</ns3:cad>
          </ns3:TrackPointExtension>
        </extensions>
      </trkpt>
      <trkpt lat="35.564553625881671905517578125" lon="134.81197622604668140411376953125">
        <ele>8.6000003814697265625</ele>
        <time>2026-08-01T08:41:25.000Z</time>
        <extensions>
          <ns3:TrackPointExtension>
            <ns3:atemp>34.0</ns3:atemp>
            <ns3:hr>167</ns3:hr>
            <ns3:cad>83</ns3:cad>
          </ns3:TrackPointExtension>
        </extensions>
      </trkpt>
      <trkpt lat="35.56456728838384151458740234375" lon="134.81196046806871891021728515625">
        <ele>8.6000003814697265625</ele>
        <time>2026-08-01T08:41:26.000Z</time>
        <extensions>
          <ns3:TrackPointExtension>
            <ns3:atemp>34.0</ns3:atemp>
            <ns3:hr>166</ns3:hr>
            <ns3:cad>83</ns3:cad>
          </ns3:TrackPointExtension>
        </extensions>
      </trkpt>
      <trkpt lat="35.56459310464560985565185546875" lon="134.81195074506103992462158203125">
        <ele>8.6000003814697265625</ele>
        <time>2026-08-01T08:41:27.000Z</time>
        <extensions>
          <ns3:TrackPointExtension>
            <ns3:atemp>34.0</ns3:atemp>
            <ns3:hr>166</ns3:hr>
            <ns3:cad>83</ns3:cad>
          </ns3:TrackPointExtension>
        </extensions>
      </trkpt>
      <trkpt lat="35.5646174959838390350341796875" lon="134.811939261853694915771484375">
        <ele>8.6000003814697265625</ele>
        <time>2026-08-01T08:41:28.000Z</time>
        <extensions>
          <ns3:TrackPointExtension>
            <ns3:atemp>34.0</ns3:atemp>
            <ns3:hr>165</ns3:hr>
            <ns3:cad>83</ns3:cad>
          </ns3:TrackPointExtension>
        </extensions>
      </trkpt>
      <trkpt lat="35.56463819928467273712158203125" lon="134.8119248449802398681640625">
        <ele>8.6000003814697265625</ele>
        <time>2026-08-01T08:41:29.000Z</time>
        <extensions>
          <ns3:TrackPointExtension>
            <ns3:atemp>34.0</ns3:atemp>
            <ns3:hr>165</ns3:hr>
            <ns3:cad>83</ns3:cad>
          </ns3:TrackPointExtension>
        </extensions>
      </trkpt>
      <trkpt lat="35.56466435082256793975830078125" lon="134.81191051192581653594970703125">
        <ele>8.6000003814697265625</ele>
        <time>2026-08-01T08:41:30.000Z</time>
        <extensions>
          <ns3:TrackPointExtension>
            <ns3:atemp>34.0</ns3:atemp>
            <ns3:hr>164</ns3:hr>
            <ns3:cad>83</ns3:cad>
          </ns3:TrackPointExtension>
        </extensions>
      </trkpt>
      <trkpt lat="35.56467734277248382568359375" lon="134.81189743615686893463134765625">
        <ele>8.6000003814697265625</ele>
        <time>2026-08-01T08:41:31.000Z</time>
        <extensions>
          <ns3:TrackPointExtension>
            <ns3:atemp>34.0</ns3:atemp>
            <ns3:hr>164</ns3:hr>
            <ns3:cad>83</ns3:cad>
          </ns3:TrackPointExtension>
        </extensions>
      </trkpt>
      <trkpt lat="35.56470215320587158203125" lon="134.8118864558637142181396484375">
        <ele>8.6000003814697265625</ele>
        <time>2026-08-01T08:41:32.000Z</time>
        <extensions>
          <ns3:TrackPointExtension>
            <ns3:atemp>34.0</ns3:atemp>
            <ns3:hr>164</ns3:hr>
            <ns3:cad>83</ns3:cad>
          </ns3:TrackPointExtension>
        </extensions>
      </trkpt>
      <trkpt lat="35.56472268886864185333251953125" lon="134.8118733800947666168212890625">
        <ele>8.6000003814697265625</ele>
        <time>2026-08-01T08:41:33.000Z</time>
        <extensions>
          <ns3:TrackPointExtension>
            <ns3:atemp>34.0</ns3:atemp>
            <ns3:hr>163</ns3:hr>
            <ns3:cad>83</ns3:cad>
          </ns3:TrackPointExtension>
        </extensions>
      </trkpt>
      <trkpt lat="35.56474280543625354766845703125" lon="134.8118609748780727386474609375">
        <ele>8.6000003814697265625</ele>
        <time>2026-08-01T08:41:34.000Z</time>
        <extensions>
          <ns3:TrackPointExtension>
            <ns3:atemp>34.0</ns3:atemp>
            <ns3:hr>164</ns3:hr>
            <ns3:cad>83</ns3:cad>
          </ns3:TrackPointExtension>
        </extensions>
      </trkpt>
      <trkpt lat="35.5647690407931804656982421875" lon="134.81184999458491802215576171875">
        <ele>8.6000003814697265625</ele>
        <time>2026-08-01T08:41:35.000Z</time>
        <extensions>
          <ns3:TrackPointExtension>
            <ns3:atemp>34.0</ns3:atemp>
            <ns3:hr>164</ns3:hr>
            <ns3:cad>84</ns3:cad>
          </ns3:TrackPointExtension>
        </extensions>
      </trkpt>
      <trkpt lat="35.56478270329535007476806640625" lon="134.81183691881597042083740234375">
        <ele>8.6000003814697265625</ele>
        <time>2026-08-01T08:41:36.000Z</time>
        <extensions>
          <ns3:TrackPointExtension>
            <ns3:atemp>34.0</ns3:atemp>
            <ns3:hr>163</ns3:hr>
            <ns3:cad>84</ns3:cad>
          </ns3:TrackPointExtension>
        </extensions>
      </trkpt>
      <trkpt lat="35.5648075975477695465087890625" lon="134.81181998737156391143798828125">
        <ele>8.6000003814697265625</ele>
        <time>2026-08-01T08:41:37.000Z</time>
        <extensions>
          <ns3:TrackPointExtension>
            <ns3:atemp>34.0</ns3:atemp>
            <ns3:hr>163</ns3:hr>
            <ns3:cad>84</ns3:cad>
          </ns3:TrackPointExtension>
        </extensions>
      </trkpt>
      <trkpt lat="35.56483349762856960296630859375" lon="134.81180909089744091033935546875">
        <ele>8.3999996185302734375</ele>
        <time>2026-08-01T08:41:38.000Z</time>
        <extensions>
          <ns3:TrackPointExtension>
            <ns3:atemp>34.0</ns3:atemp>
            <ns3:hr>163</ns3:hr>
            <ns3:cad>84</ns3:cad>
          </ns3:TrackPointExtension>
        </extensions>
      </trkpt>
      <trkpt lat="35.5648511834442615509033203125" lon="134.81179752387106418609619140625">
        <ele>8.3999996185302734375</ele>
        <time>2026-08-01T08:41:39.000Z</time>
        <extensions>
          <ns3:TrackPointExtension>
            <ns3:atemp>34.0</ns3:atemp>
            <ns3:hr>162</ns3:hr>
            <ns3:cad>84</ns3:cad>
          </ns3:TrackPointExtension>
        </extensions>
      </trkpt>
      <trkpt lat="35.56487943045794963836669921875" lon="134.81178528629243373870849609375">
        <ele>8.3999996185302734375</ele>
        <time>2026-08-01T08:41:40.000Z</time>
        <extensions>
          <ns3:TrackPointExtension>
            <ns3:atemp>34.0</ns3:atemp>
            <ns3:hr>162</ns3:hr>
            <ns3:cad>84</ns3:cad>
          </ns3:TrackPointExtension>
        </extensions>
      </trkpt>
      <trkpt lat="35.56490155868232250213623046875" lon="134.8117761500179767608642578125">
        <ele>8.6000003814697265625</ele>
        <time>2026-08-01T08:41:41.000Z</time>
        <extensions>
          <ns3:TrackPointExtension>
            <ns3:atemp>34.0</ns3:atemp>
            <ns3:hr>162</ns3:hr>
            <ns3:cad>83</ns3:cad>
          </ns3:TrackPointExtension>
        </extensions>
      </trkpt>
      <trkpt lat="35.56492268107831478118896484375" lon="134.81176366098225116729736328125">
        <ele>8.6000003814697265625</ele>
        <time>2026-08-01T08:41:42.000Z</time>
        <extensions>
          <ns3:TrackPointExtension>
            <ns3:atemp>34.0</ns3:atemp>
            <ns3:hr>163</ns3:hr>
            <ns3:cad>83</ns3:cad>
          </ns3:TrackPointExtension>
        </extensions>
      </trkpt>
      <trkpt lat="35.56494698859751224517822265625" lon="134.81175360269844532012939453125">
        <ele>8.6000003814697265625</ele>
        <time>2026-08-01T08:41:43.000Z</time>
        <extensions>
          <ns3:TrackPointExtension>
            <ns3:atemp>34.0</ns3:atemp>
            <ns3:hr>162</ns3:hr>
            <ns3:cad>83</ns3:cad>
          </ns3:TrackPointExtension>
        </extensions>
      </trkpt>
      <trkpt lat="35.5649609863758087158203125" lon="134.8117432929575443267822265625">
        <ele>8.6000003814697265625</ele>
        <time>2026-08-01T08:41:44.000Z</time>
        <extensions>
          <ns3:TrackPointExtension>
            <ns3:atemp>34.0</ns3:atemp>
            <ns3:hr>162</ns3:hr>
            <ns3:cad>83</ns3:cad>
          </ns3:TrackPointExtension>
        </extensions>
      </trkpt>
      <trkpt lat="35.56498822756111621856689453125" lon="134.811731390655040740966796875">
        <ele>8.3999996185302734375</ele>
        <time>2026-08-01T08:41:45.000Z</time>
        <extensions>
          <ns3:TrackPointExtension>
            <ns3:atemp>34.0</ns3:atemp>
            <ns3:hr>163</ns3:hr>
            <ns3:cad>83</ns3:cad>
          </ns3:TrackPointExtension>
        </extensions>
      </trkpt>
      <trkpt lat="35.5650104396045207977294921875" lon="134.81171538121998310089111328125">
        <ele>8.3999996185302734375</ele>
        <time>2026-08-01T08:41:46.000Z</time>
        <extensions>
          <ns3:TrackPointExtension>
            <ns3:atemp>34.0</ns3:atemp>
            <ns3:hr>163</ns3:hr>
            <ns3:cad>83</ns3:cad>
          </ns3:TrackPointExtension>
        </extensions>
      </trkpt>
      <trkpt lat="35.5650335736572742462158203125" lon="134.81170146726071834564208984375">
        <ele>8.6000003814697265625</ele>
        <time>2026-08-01T08:41:47.000Z</time>
        <extensions>
          <ns3:TrackPointExtension>
            <ns3:atemp>34.0</ns3:atemp>
            <ns3:hr>163</ns3:hr>
            <ns3:cad>83</ns3:cad>
          </ns3:TrackPointExtension>
        </extensions>
      </trkpt>
      <trkpt lat="35.565062575042247772216796875" lon="134.81168705038726329803466796875">
        <ele>8.6000003814697265625</ele>
        <time>2026-08-01T08:41:48.000Z</time>
        <extensions>
          <ns3:TrackPointExtension>
            <ns3:atemp>34.0</ns3:atemp>
            <ns3:hr>163</ns3:hr>
            <ns3:cad>83</ns3:cad>
          </ns3:TrackPointExtension>
        </extensions>
      </trkpt>
      <trkpt lat="35.5650763213634490966796875" lon="134.81167581863701343536376953125">
        <ele>8.6000003814697265625</ele>
        <time>2026-08-01T08:41:49.000Z</time>
        <extensions>
          <ns3:TrackPointExtension>
            <ns3:atemp>34.0</ns3:atemp>
            <ns3:hr>163</ns3:hr>
            <ns3:cad>83</ns3:cad>
          </ns3:TrackPointExtension>
        </extensions>
      </trkpt>
      <trkpt lat="35.565105490386486053466796875" lon="134.8116631619632244110107421875">
        <ele>8.6000003814697265625</ele>
        <time>2026-08-01T08:41:50.000Z</time>
        <extensions>
          <ns3:TrackPointExtension>
            <ns3:atemp>34.0</ns3:atemp>
            <ns3:hr>163</ns3:hr>
            <ns3:cad>83</ns3:cad>
          </ns3:TrackPointExtension>
        </extensions>
      </trkpt>
      <trkpt lat="35.56512854062020778656005859375" lon="134.81165117584168910980224609375">
        <ele>8.6000003814697265625</ele>
        <time>2026-08-01T08:41:51.000Z</time>
        <extensions>
          <ns3:TrackPointExtension>
            <ns3:atemp>34.0</ns3:atemp>
            <ns3:hr>163</ns3:hr>
            <ns3:cad>83</ns3:cad>
          </ns3:TrackPointExtension>
        </extensions>
      </trkpt>
      <trkpt lat="35.5651472322642803192138671875" lon="134.81163709424436092376708984375">
        <ele>8.6000003814697265625</ele>
        <time>2026-08-01T08:41:52.000Z</time>
        <extensions>
          <ns3:TrackPointExtension>
            <ns3:atemp>34.0</ns3:atemp>
            <ns3:hr>163</ns3:hr>
            <ns3:cad>83</ns3:cad>
          </ns3:TrackPointExtension>
        </extensions>
      </trkpt>
      <trkpt lat="35.56517413817346096038818359375" lon="134.81162376701831817626953125">
        <ele>8.3999996185302734375</ele>
        <time>2026-08-01T08:41:53.000Z</time>
        <extensions>
          <ns3:TrackPointExtension>
            <ns3:atemp>34.0</ns3:atemp>
            <ns3:hr>163</ns3:hr>
            <ns3:cad>83</ns3:cad>
          </ns3:TrackPointExtension>
        </extensions>
      </trkpt>
      <trkpt lat="35.56519509293138980865478515625" lon="134.8116125352680683135986328125">
        <ele>8.3999996185302734375</ele>
        <time>2026-08-01T08:41:54.000Z</time>
        <extensions>
          <ns3:TrackPointExtension>
            <ns3:atemp>34.0</ns3:atemp>
            <ns3:hr>164</ns3:hr>
            <ns3:cad>82</ns3:cad>
          </ns3:TrackPointExtension>
        </extensions>
      </trkpt>
      <trkpt lat="35.5652169696986675262451171875" lon="134.811595939099788665771484375">
        <ele>8.3999996185302734375</ele>
        <time>2026-08-01T08:41:55.000Z</time>
        <extensions>
          <ns3:TrackPointExtension>
            <ns3:atemp>34.0</ns3:atemp>
            <ns3:hr>164</ns3:hr>
            <ns3:cad>82</ns3:cad>
          </ns3:TrackPointExtension>
        </extensions>
      </trkpt>
      <trkpt lat="35.5652411095798015594482421875" lon="134.8115853779017925262451171875">
        <ele>8.19999980926513671875</ele>
        <time>2026-08-01T08:41:56.000Z</time>
        <extensions>
          <ns3:TrackPointExtension>
            <ns3:atemp>34.0</ns3:atemp>
            <ns3:hr>164</ns3:hr>
            <ns3:cad>82</ns3:cad>
          </ns3:TrackPointExtension>
        </extensions>
      </trkpt>
      <trkpt lat="35.56525963358581066131591796875" lon="134.8115706257522106170654296875">
        <ele>8.19999980926513671875</ele>
        <time>2026-08-01T08:41:57.000Z</time>
        <extensions>
          <ns3:TrackPointExtension>
            <ns3:atemp>34.0</ns3:atemp>
            <ns3:hr>164</ns3:hr>
            <ns3:cad>83</ns3:cad>
          </ns3:TrackPointExtension>
        </extensions>
      </trkpt>
      <trkpt lat="35.56528544984757900238037109375" lon="134.81155880726873874664306640625">
        <ele>8.19999980926513671875</ele>
        <time>2026-08-01T08:41:58.000Z</time>
        <extensions>
          <ns3:TrackPointExtension>
            <ns3:atemp>34.0</ns3:atemp>
            <ns3:hr>164</ns3:hr>
            <ns3:cad>83</ns3:cad>
          </ns3:TrackPointExtension>
        </extensions>
      </trkpt>
      <trkpt lat="35.565305314958095550537109375" lon="134.811550341546535491943359375">
        <ele>8.19999980926513671875</ele>
        <time>2026-08-01T08:41:59.000Z</time>
        <extensions>
          <ns3:TrackPointExtension>
            <ns3:atemp>34.0</ns3:atemp>
            <ns3:hr>164</ns3:hr>
            <ns3:cad>83</ns3:cad>
          </ns3:TrackPointExtension>
        </extensions>
      </trkpt>
      <trkpt lat="35.5653257668018341064453125" lon="134.811534918844699859619140625">
        <ele>8.19999980926513671875</ele>
        <time>2026-08-01T08:42:00.000Z</time>
        <extensions>
          <ns3:TrackPointExtension>
            <ns3:atemp>34.0</ns3:atemp>
            <ns3:hr>164</ns3:hr>
            <ns3:cad>83</ns3:cad>
          </ns3:TrackPointExtension>
        </extensions>
      </trkpt>
      <trkpt lat="35.5653524212539196014404296875" lon="134.8115246929228305816650390625">
        <ele>8.19999980926513671875</ele>
        <time>2026-08-01T08:42:01.000Z</time>
        <extensions>
          <ns3:TrackPointExtension>
            <ns3:atemp>34.0</ns3:atemp>
            <ns3:hr>164</ns3:hr>
            <ns3:cad>83</ns3:cad>
          </ns3:TrackPointExtension>
        </extensions>
      </trkpt>
      <trkpt lat="35.5653631500899791717529296875" lon="134.8115129582583904266357421875">
        <ele>8.19999980926513671875</ele>
        <time>2026-08-01T08:42:02.000Z</time>
        <extensions>
          <ns3:TrackPointExtension>
            <ns3:atemp>35.0</ns3:atemp>
            <ns3:hr>164</ns3:hr>
            <ns3:cad>83</ns3:cad>
          </ns3:TrackPointExtension>
        </extensions>
      </trkpt>
      <trkpt lat="35.56538754142820835113525390625" lon="134.811499379575252532958984375">
        <ele>8.19999980926513671875</ele>
        <time>2026-08-01T08:42:03.000Z</time>
        <extensions>
          <ns3:TrackPointExtension>
            <ns3:atemp>34.0</ns3:atemp>
            <ns3:hr>165</ns3:hr>
            <ns3:cad>83</ns3:cad>
          </ns3:TrackPointExtension>
        </extensions>
      </trkpt>
      <trkpt lat="35.5654114298522472381591796875" lon="134.811487309634685516357421875">
        <ele>8.19999980926513671875</ele>
        <time>2026-08-01T08:42:04.000Z</time>
        <extensions>
          <ns3:TrackPointExtension>
            <ns3:atemp>34.0</ns3:atemp>
            <ns3:hr>165</ns3:hr>
            <ns3:cad>82</ns3:cad>
          </ns3:TrackPointExtension>
        </extensions>
      </trkpt>
      <trkpt lat="35.5654312111437320709228515625" lon="134.8114730603992938995361328125">
        <ele>8.19999980926513671875</ele>
        <time>2026-08-01T08:42:05.000Z</time>
        <extensions>
          <ns3:TrackPointExtension>
            <ns3:atemp>34.0</ns3:atemp>
            <ns3:hr>165</ns3:hr>
            <ns3:cad>82</ns3:cad>
          </ns3:TrackPointExtension>
        </extensions>
      </trkpt>
      <trkpt lat="35.56545677594840526580810546875" lon="134.811461158096790313720703125">
        <ele>8.19999980926513671875</ele>
        <time>2026-08-01T08:42:06.000Z</time>
        <extensions>
          <ns3:TrackPointExtension>
            <ns3:atemp>34.0</ns3:atemp>
            <ns3:hr>166</ns3:hr>
            <ns3:cad>82</ns3:cad>
          </ns3:TrackPointExtension>
        </extensions>
      </trkpt>
      <trkpt lat="35.5654701031744480133056640625" lon="134.8114474117755889892578125">
        <ele>8.19999980926513671875</ele>
        <time>2026-08-01T08:42:07.000Z</time>
        <extensions>
          <ns3:TrackPointExtension>
            <ns3:atemp>34.0</ns3:atemp>
            <ns3:hr>166</ns3:hr>
            <ns3:cad>83</ns3:cad>
          </ns3:TrackPointExtension>
        </extensions>
      </trkpt>
      <trkpt lat="35.56549415923655033111572265625" lon="134.81143056415021419525146484375">
        <ele>8.19999980926513671875</ele>
        <time>2026-08-01T08:42:08.000Z</time>
        <extensions>
          <ns3:TrackPointExtension>
            <ns3:atemp>34.0</ns3:atemp>
            <ns3:hr>166</ns3:hr>
            <ns3:cad>83</ns3:cad>
          </ns3:TrackPointExtension>
        </extensions>
      </trkpt>
      <trkpt lat="35.56552014313638210296630859375" lon="134.811418913304805755615234375">
        <ele>8</ele>
        <time>2026-08-01T08:42:09.000Z</time>
        <extensions>
          <ns3:TrackPointExtension>
            <ns3:atemp>34.0</ns3:atemp>
            <ns3:hr>167</ns3:hr>
            <ns3:cad>83</ns3:cad>
          </ns3:TrackPointExtension>
        </extensions>
      </trkpt>
      <trkpt lat="35.5655376613140106201171875" lon="134.81140910647809505462646484375">
        <ele>8.19999980926513671875</ele>
        <time>2026-08-01T08:42:10.000Z</time>
        <extensions>
          <ns3:TrackPointExtension>
            <ns3:atemp>35.0</ns3:atemp>
            <ns3:hr>167</ns3:hr>
            <ns3:cad>83</ns3:cad>
          </ns3:TrackPointExtension>
        </extensions>
      </trkpt>
      <trkpt lat="35.565565489232540130615234375" lon="134.81139888055622577667236328125">
        <ele>8.19999980926513671875</ele>
        <time>2026-08-01T08:42:11.000Z</time>
        <extensions>
          <ns3:TrackPointExtension>
            <ns3:atemp>34.0</ns3:atemp>
            <ns3:hr>167</ns3:hr>
            <ns3:cad>83</ns3:cad>
          </ns3:TrackPointExtension>
        </extensions>
      </trkpt>
      <trkpt lat="35.5655891261994838714599609375" lon="134.8113865591585636138916015625">
        <ele>8.19999980926513671875</ele>
        <time>2026-08-01T08:42:12.000Z</time>
        <extensions>
          <ns3:TrackPointExtension>
            <ns3:atemp>34.0</ns3:atemp>
            <ns3:hr>167</ns3:hr>
            <ns3:cad>83</ns3:cad>
          </ns3:TrackPointExtension>
        </extensions>
      </trkpt>
      <trkpt lat="35.56561016477644443511962890625" lon="134.811371974647045135498046875">
        <ele>8.19999980926513671875</ele>
        <time>2026-08-01T08:42:13.000Z</time>
        <extensions>
          <ns3:TrackPointExtension>
            <ns3:atemp>34.0</ns3:atemp>
            <ns3:hr>166</ns3:hr>
            <ns3:cad>84</ns3:cad>
          </ns3:TrackPointExtension>
        </extensions>
      </trkpt>
      <trkpt lat="35.56563396938145160675048828125" lon="134.81135881505906581878662109375">
        <ele>8.19999980926513671875</ele>
        <time>2026-08-01T08:42:14.000Z</time>
        <extensions>
          <ns3:TrackPointExtension>
            <ns3:atemp>34.0</ns3:atemp>
            <ns3:hr>167</ns3:hr>
            <ns3:cad>83</ns3:cad>
          </ns3:TrackPointExtension>
        </extensions>
      </trkpt>
      <trkpt lat="35.56564771570265293121337890625" lon="134.81134708039462566375732421875">
        <ele>8.19999980926513671875</ele>
        <time>2026-08-01T08:42:15.000Z</time>
        <extensions>
          <ns3:TrackPointExtension>
            <ns3:atemp>34.0</ns3:atemp>
            <ns3:hr>166</ns3:hr>
            <ns3:cad>82</ns3:cad>
          </ns3:TrackPointExtension>
        </extensions>
      </trkpt>
      <trkpt lat="35.56567453779280185699462890625" lon="134.81133601628243923187255859375">
        <ele>8.19999980926513671875</ele>
        <time>2026-08-01T08:42:16.000Z</time>
        <extensions>
          <ns3:TrackPointExtension>
            <ns3:atemp>34.0</ns3:atemp>
            <ns3:hr>166</ns3:hr>
            <ns3:cad>82</ns3:cad>
          </ns3:TrackPointExtension>
        </extensions>
      </trkpt>
      <trkpt lat="35.56569448672235012054443359375" lon="134.81132126413285732269287109375">
        <ele>8.19999980926513671875</ele>
        <time>2026-08-01T08:42:17.000Z</time>
        <extensions>
          <ns3:TrackPointExtension>
            <ns3:atemp>34.0</ns3:atemp>
            <ns3:hr>166</ns3:hr>
            <ns3:cad>82</ns3:cad>
          </ns3:TrackPointExtension>
        </extensions>
      </trkpt>
      <trkpt lat="35.56571594439446926116943359375" lon="134.81130483560264110565185546875">
        <ele>8.19999980926513671875</ele>
        <time>2026-08-01T08:42:18.000Z</time>
        <extensions>
          <ns3:TrackPointExtension>
            <ns3:atemp>34.0</ns3:atemp>
            <ns3:hr>167</ns3:hr>
            <ns3:cad>82</ns3:cad>
          </ns3:TrackPointExtension>
        </extensions>
      </trkpt>
      <trkpt lat="35.565743185579776763916015625" lon="134.81129251420497894287109375">
        <ele>8.19999980926513671875</ele>
        <time>2026-08-01T08:42:19.000Z</time>
        <extensions>
          <ns3:TrackPointExtension>
            <ns3:atemp>34.0</ns3:atemp>
            <ns3:hr>166</ns3:hr>
            <ns3:cad>82</ns3:cad>
          </ns3:TrackPointExtension>
        </extensions>
      </trkpt>
      <trkpt lat="35.565755926072597503662109375" lon="134.81127801351249217987060546875">
        <ele>8.19999980926513671875</ele>
        <time>2026-08-01T08:42:20.000Z</time>
        <extensions>
          <ns3:TrackPointExtension>
            <ns3:atemp>35.0</ns3:atemp>
            <ns3:hr>166</ns3:hr>
            <ns3:cad>83</ns3:cad>
          </ns3:TrackPointExtension>
        </extensions>
      </trkpt>
      <trkpt lat="35.56578216142952442169189453125" lon="134.81126300990581512451171875">
        <ele>8.19999980926513671875</ele>
        <time>2026-08-01T08:42:21.000Z</time>
        <extensions>
          <ns3:TrackPointExtension>
            <ns3:atemp>35.0</ns3:atemp>
            <ns3:hr>166</ns3:hr>
            <ns3:cad>83</ns3:cad>
          </ns3:TrackPointExtension>
        </extensions>
      </trkpt>
      <trkpt lat="35.565803535282611846923828125" lon="134.8112507723271846771240234375">
        <ele>8.19999980926513671875</ele>
        <time>2026-08-01T08:42:22.000Z</time>
        <extensions>
          <ns3:TrackPointExtension>
            <ns3:atemp>34.0</ns3:atemp>
            <ns3:hr>166</ns3:hr>
            <ns3:cad>83</ns3:cad>
          </ns3:TrackPointExtension>
        </extensions>
      </trkpt>
      <trkpt lat="35.56582306511700153350830078125" lon="134.81123660691082477569580078125">
        <ele>8.19999980926513671875</ele>
        <time>2026-08-01T08:42:23.000Z</time>
        <extensions>
          <ns3:TrackPointExtension>
            <ns3:atemp>35.0</ns3:atemp>
            <ns3:hr>166</ns3:hr>
            <ns3:cad>83</ns3:cad>
          </ns3:TrackPointExtension>
        </extensions>
      </trkpt>
      <trkpt lat="35.56584854610264301300048828125" lon="134.81122537516057491302490234375">
        <ele>8.19999980926513671875</ele>
        <time>2026-08-01T08:42:24.000Z</time>
        <extensions>
          <ns3:TrackPointExtension>
            <ns3:atemp>34.0</ns3:atemp>
            <ns3:hr>167</ns3:hr>
            <ns3:cad>83</ns3:cad>
          </ns3:TrackPointExtension>
        </extensions>
      </trkpt>
      <trkpt lat="35.56586916558444499969482421875" lon="134.81121414341032505035400390625">
        <ele>8</ele>
        <time>2026-08-01T08:42:25.000Z</time>
        <extensions>
          <ns3:TrackPointExtension>
            <ns3:atemp>34.0</ns3:atemp>
            <ns3:hr>166</ns3:hr>
            <ns3:cad>82</ns3:cad>
          </ns3:TrackPointExtension>
        </extensions>
      </trkpt>
      <trkpt lat="35.5658915452659130096435546875" lon="134.81119821779429912567138671875">
        <ele>8</ele>
        <time>2026-08-01T08:42:26.000Z</time>
        <extensions>
          <ns3:TrackPointExtension>
            <ns3:atemp>35.0</ns3:atemp>
            <ns3:hr>166</ns3:hr>
            <ns3:cad>82</ns3:cad>
          </ns3:TrackPointExtension>
        </extensions>
      </trkpt>
      <trkpt lat="35.5659187026321887969970703125" lon="134.81118648312985897064208984375">
        <ele>8</ele>
        <time>2026-08-01T08:42:27.000Z</time>
        <extensions>
          <ns3:TrackPointExtension>
            <ns3:atemp>35.0</ns3:atemp>
            <ns3:hr>166</ns3:hr>
            <ns3:cad>82</ns3:cad>
          </ns3:TrackPointExtension>
        </extensions>
      </trkpt>
      <trkpt lat="35.56593873538076877593994140625" lon="134.81117290444672107696533203125">
        <ele>8</ele>
        <time>2026-08-01T08:42:28.000Z</time>
        <extensions>
          <ns3:TrackPointExtension>
            <ns3:atemp>34.0</ns3:atemp>
            <ns3:hr>166</ns3:hr>
            <ns3:cad>83</ns3:cad>
          </ns3:TrackPointExtension>
        </extensions>
      </trkpt>
      <trkpt lat="35.565971173346042633056640625" lon="134.811158739030361175537109375">
        <ele>8</ele>
        <time>2026-08-01T08:42:29.000Z</time>
        <extensions>
          <ns3:TrackPointExtension>
            <ns3:atemp>35.0</ns3:atemp>
            <ns3:hr>166</ns3:hr>
            <ns3:cad>83</ns3:cad>
          </ns3:TrackPointExtension>
        </extensions>
      </trkpt>
      <trkpt lat="35.565981231629848480224609375" lon="134.81114474125206470489501953125">
        <ele>8</ele>
        <time>2026-08-01T08:42:30.000Z</time>
        <extensions>
          <ns3:TrackPointExtension>
            <ns3:atemp>35.0</ns3:atemp>
            <ns3:hr>165</ns3:hr>
            <ns3:cad>83</ns3:cad>
          </ns3:TrackPointExtension>
        </extensions>
      </trkpt>
      <trkpt lat="35.56600227020680904388427734375" lon="134.81112244538962841033935546875">
        <ele>8</ele>
        <time>2026-08-01T08:42:31.000Z</time>
        <extensions>
          <ns3:TrackPointExtension>
            <ns3:atemp>35.0</ns3:atemp>
            <ns3:hr>166</ns3:hr>
            <ns3:cad>83</ns3:cad>
          </ns3:TrackPointExtension>
        </extensions>
      </trkpt>
      <trkpt lat="35.56602607481181621551513671875" lon="134.811111800372600555419921875">
        <ele>8.19999980926513671875</ele>
        <time>2026-08-01T08:42:32.000Z</time>
        <extensions>
          <ns3:TrackPointExtension>
            <ns3:atemp>34.0</ns3:atemp>
            <ns3:hr>166</ns3:hr>
            <ns3:cad>83</ns3:cad>
          </ns3:TrackPointExtension>
        </extensions>
      </trkpt>
      <trkpt lat="35.5660383962094783782958984375" lon="134.811099059879779815673828125">
        <ele>8.19999980926513671875</ele>
        <time>2026-08-01T08:42:33.000Z</time>
        <extensions>
          <ns3:TrackPointExtension>
            <ns3:atemp>35.0</ns3:atemp>
            <ns3:hr>165</ns3:hr>
            <ns3:cad>84</ns3:cad>
          </ns3:TrackPointExtension>
        </extensions>
      </trkpt>
      <trkpt lat="35.566064380109310150146484375" lon="134.81108807958662509918212890625">
        <ele>8</ele>
        <time>2026-08-01T08:42:34.000Z</time>
        <extensions>
          <ns3:TrackPointExtension>
            <ns3:atemp>35.0</ns3:atemp>
            <ns3:hr>166</ns3:hr>
            <ns3:cad>83</ns3:cad>
          </ns3:TrackPointExtension>
        </extensions>
      </trkpt>
      <trkpt lat="35.56608709506690502166748046875" lon="134.8110784403979778289794921875">
        <ele>8</ele>
        <time>2026-08-01T08:42:35.000Z</time>
        <extensions>
          <ns3:TrackPointExtension>
            <ns3:atemp>35.0</ns3:atemp>
            <ns3:hr>166</ns3:hr>
            <ns3:cad>83</ns3:cad>
          </ns3:TrackPointExtension>
        </extensions>
      </trkpt>
      <trkpt lat="35.56610704399645328521728515625" lon="134.81106360442936420440673828125">
        <ele>8</ele>
        <time>2026-08-01T08:42:36.000Z</time>
        <extensions>
          <ns3:TrackPointExtension>
            <ns3:atemp>35.0</ns3:atemp>
            <ns3:hr>165</ns3:hr>
            <ns3:cad>83</ns3:cad>
          </ns3:TrackPointExtension>
        </extensions>
      </trkpt>
      <trkpt lat="35.56613252498209476470947265625" lon="134.8110516183078289031982421875">
        <ele>8</ele>
        <time>2026-08-01T08:42:37.000Z</time>
        <extensions>
          <ns3:TrackPointExtension>
            <ns3:atemp>35.0</ns3:atemp>
            <ns3:hr>166</ns3:hr>
            <ns3:cad>83</ns3:cad>
          </ns3:TrackPointExtension>
        </extensions>
      </trkpt>
      <trkpt lat="35.56614845059812068939208984375" lon="134.8110375367105007171630859375">
        <ele>8</ele>
        <time>2026-08-01T08:42:38.000Z</time>
        <extensions>
          <ns3:TrackPointExtension>
            <ns3:atemp>35.0</ns3:atemp>
            <ns3:hr>166</ns3:hr>
            <ns3:cad>82</ns3:cad>
          </ns3:TrackPointExtension>
        </extensions>
      </trkpt>
      <trkpt lat="35.5661788769066333770751953125" lon="134.811023958027362823486328125">
        <ele>8</ele>
        <time>2026-08-01T08:42:39.000Z</time>
        <extensions>
          <ns3:TrackPointExtension>
            <ns3:atemp>35.0</ns3:atemp>
            <ns3:hr>165</ns3:hr>
            <ns3:cad>82</ns3:cad>
          </ns3:TrackPointExtension>
        </extensions>
      </trkpt>
      <trkpt lat="35.56620444171130657196044921875" lon="134.811011888086795806884765625">
        <ele>8</ele>
        <time>2026-08-01T08:42:40.000Z</time>
        <extensions>
          <ns3:TrackPointExtension>
            <ns3:atemp>35.0</ns3:atemp>
            <ns3:hr>165</ns3:hr>
            <ns3:cad>83</ns3:cad>
          </ns3:TrackPointExtension>
        </extensions>
      </trkpt>
      <trkpt lat="35.566222630441188812255859375" lon="134.81100015342235565185546875">
        <ele>8.19999980926513671875</ele>
        <time>2026-08-01T08:42:41.000Z</time>
        <extensions>
          <ns3:TrackPointExtension>
            <ns3:atemp>35.0</ns3:atemp>
            <ns3:hr>165</ns3:hr>
            <ns3:cad>83</ns3:cad>
          </ns3:TrackPointExtension>
        </extensions>
      </trkpt>
      <trkpt lat="35.5662484467029571533203125" lon="134.81098473072052001953125">
        <ele>8.19999980926513671875</ele>
        <time>2026-08-01T08:42:42.000Z</time>
        <extensions>
          <ns3:TrackPointExtension>
            <ns3:atemp>35.0</ns3:atemp>
            <ns3:hr>166</ns3:hr>
            <ns3:cad>83</ns3:cad>
          </ns3:TrackPointExtension>
        </extensions>
      </trkpt>
      <trkpt lat="35.5662710778415203094482421875" lon="134.81097735464572906494140625">
        <ele>8.19999980926513671875</ele>
        <time>2026-08-01T08:42:43.000Z</time>
        <extensions>
          <ns3:TrackPointExtension>
            <ns3:atemp>35.0</ns3:atemp>
            <ns3:hr>165</ns3:hr>
            <ns3:cad>83</ns3:cad>
          </ns3:TrackPointExtension>
        </extensions>
      </trkpt>
      <trkpt lat="35.56629513390362262725830078125" lon="134.810962267220020294189453125">
        <ele>8.19999980926513671875</ele>
        <time>2026-08-01T08:42:44.000Z</time>
        <extensions>
          <ns3:TrackPointExtension>
            <ns3:atemp>35.0</ns3:atemp>
            <ns3:hr>165</ns3:hr>
            <ns3:cad>83</ns3:cad>
          </ns3:TrackPointExtension>
        </extensions>
      </trkpt>
      <trkpt lat="35.5663217045366764068603515625" lon="134.8109500296413898468017578125">
        <ele>8</ele>
        <time>2026-08-01T08:42:45.000Z</time>
        <extensions>
          <ns3:TrackPointExtension>
            <ns3:atemp>35.0</ns3:atemp>
            <ns3:hr>165</ns3:hr>
            <ns3:cad>83</ns3:cad>
          </ns3:TrackPointExtension>
        </extensions>
      </trkpt>
      <trkpt lat="35.5663369596004486083984375" lon="134.81093846261501312255859375">
        <ele>8</ele>
        <time>2026-08-01T08:42:46.000Z</time>
        <extensions>
          <ns3:TrackPointExtension>
            <ns3:atemp>35.0</ns3:atemp>
            <ns3:hr>165</ns3:hr>
            <ns3:cad>83</ns3:cad>
          </ns3:TrackPointExtension>
        </extensions>
      </trkpt>
      <trkpt lat="35.56636302731931209564208984375" lon="134.810928069055080413818359375">
        <ele>8</ele>
        <time>2026-08-01T08:42:47.000Z</time>
        <extensions>
          <ns3:TrackPointExtension>
            <ns3:atemp>35.0</ns3:atemp>
            <ns3:hr>166</ns3:hr>
            <ns3:cad>83</ns3:cad>
          </ns3:TrackPointExtension>
        </extensions>
      </trkpt>
      <trkpt lat="35.56638364680111408233642578125" lon="134.810915999114513397216796875">
        <ele>8</ele>
        <time>2026-08-01T08:42:48.000Z</time>
        <extensions>
          <ns3:TrackPointExtension>
            <ns3:atemp>35.0</ns3:atemp>
            <ns3:hr>165</ns3:hr>
            <ns3:cad>83</ns3:cad>
          </ns3:TrackPointExtension>
        </extensions>
      </trkpt>
      <trkpt lat="35.5664061941206455230712890625" lon="134.81090250425040721893310546875">
        <ele>8</ele>
        <time>2026-08-01T08:42:49.000Z</time>
        <extensions>
          <ns3:TrackPointExtension>
            <ns3:atemp>35.0</ns3:atemp>
            <ns3:hr>166</ns3:hr>
            <ns3:cad>83</ns3:cad>
          </ns3:TrackPointExtension>
        </extensions>
      </trkpt>
      <trkpt lat="35.56643108837306499481201171875" lon="134.810892529785633087158203125">
        <ele>8</ele>
        <time>2026-08-01T08:42:50.000Z</time>
        <extensions>
          <ns3:TrackPointExtension>
            <ns3:atemp>35.0</ns3:atemp>
            <ns3:hr>166</ns3:hr>
            <ns3:cad>83</ns3:cad>
          </ns3:TrackPointExtension>
        </extensions>
      </trkpt>
      <trkpt lat="35.56644533760845661163330078125" lon="134.81087819673120975494384765625">
        <ele>8</ele>
        <time>2026-08-01T08:42:51.000Z</time>
        <extensions>
          <ns3:TrackPointExtension>
            <ns3:atemp>35.0</ns3:atemp>
            <ns3:hr>166</ns3:hr>
            <ns3:cad>83</ns3:cad>
          </ns3:TrackPointExtension>
        </extensions>
      </trkpt>
      <trkpt lat="35.5664735846221446990966796875" lon="134.81086671352386474609375">
        <ele>8</ele>
        <time>2026-08-01T08:42:52.000Z</time>
        <extensions>
          <ns3:TrackPointExtension>
            <ns3:atemp>35.0</ns3:atemp>
            <ns3:hr>166</ns3:hr>
            <ns3:cad>83</ns3:cad>
          </ns3:TrackPointExtension>
        </extensions>
      </trkpt>
      <trkpt lat="35.5664937011897563934326171875" lon="134.81085053645074367523193359375">
        <ele>8</ele>
        <time>2026-08-01T08:42:53.000Z</time>
        <extensions>
          <ns3:TrackPointExtension>
            <ns3:atemp>35.0</ns3:atemp>
            <ns3:hr>166</ns3:hr>
            <ns3:cad>83</ns3:cad>
          </ns3:TrackPointExtension>
        </extensions>
      </trkpt>
      <trkpt lat="35.5665171705186367034912109375" lon="134.81083377264440059661865234375">
        <ele>8</ele>
        <time>2026-08-01T08:42:54.000Z</time>
        <extensions>
          <ns3:TrackPointExtension>
            <ns3:atemp>35.0</ns3:atemp>
            <ns3:hr>166</ns3:hr>
            <ns3:cad>83</ns3:cad>
          </ns3:TrackPointExtension>
        </extensions>
      </trkpt>
      <trkpt lat="35.56654416024684906005859375" lon="134.8108226247131824493408203125">
        <ele>8</ele>
        <time>2026-08-01T08:42:55.000Z</time>
        <extensions>
          <ns3:TrackPointExtension>
            <ns3:atemp>35.0</ns3:atemp>
            <ns3:hr>165</ns3:hr>
            <ns3:cad>83</ns3:cad>
          </ns3:TrackPointExtension>
        </extensions>
      </trkpt>
      <trkpt lat="35.56655623018741607666015625" lon="134.81081030331552028656005859375">
        <ele>8</ele>
        <time>2026-08-01T08:42:56.000Z</time>
        <extensions>
          <ns3:TrackPointExtension>
            <ns3:atemp>35.0</ns3:atemp>
            <ns3:hr>165</ns3:hr>
            <ns3:cad>83</ns3:cad>
          </ns3:TrackPointExtension>
        </extensions>
      </trkpt>
      <trkpt lat="35.5665818788111209869384765625" lon="134.8107941262423992156982421875">
        <ele>8</ele>
        <time>2026-08-01T08:42:57.000Z</time>
        <extensions>
          <ns3:TrackPointExtension>
            <ns3:atemp>35.0</ns3:atemp>
            <ns3:hr>165</ns3:hr>
            <ns3:cad>83</ns3:cad>
          </ns3:TrackPointExtension>
        </extensions>
      </trkpt>
      <trkpt lat="35.56660509668290615081787109375" lon="134.81078088283538818359375">
        <ele>8</ele>
        <time>2026-08-01T08:42:58.000Z</time>
        <extensions>
          <ns3:TrackPointExtension>
            <ns3:atemp>35.0</ns3:atemp>
            <ns3:hr>165</ns3:hr>
            <ns3:cad>83</ns3:cad>
          </ns3:TrackPointExtension>
        </extensions>
      </trkpt>
      <trkpt lat="35.56662253104150295257568359375" lon="134.8107679747045040130615234375">
        <ele>8</ele>
        <time>2026-08-01T08:42:59.000Z</time>
        <extensions>
          <ns3:TrackPointExtension>
            <ns3:atemp>35.0</ns3:atemp>
            <ns3:hr>165</ns3:hr>
            <ns3:cad>83</ns3:cad>
          </ns3:TrackPointExtension>
        </extensions>
      </trkpt>
      <trkpt lat="35.56665371172130107879638671875" lon="134.81075012125074863433837890625">
        <ele>8</ele>
        <time>2026-08-01T08:43:00.000Z</time>
        <extensions>
          <ns3:TrackPointExtension>
            <ns3:atemp>35.0</ns3:atemp>
            <ns3:hr>165</ns3:hr>
            <ns3:cad>83</ns3:cad>
          </ns3:TrackPointExtension>
        </extensions>
      </trkpt>
      <trkpt lat="35.56666896678507328033447265625" lon="134.81073855422437191009521484375">
        <ele>8</ele>
        <time>2026-08-01T08:43:01.000Z</time>
        <extensions>
          <ns3:TrackPointExtension>
            <ns3:atemp>35.0</ns3:atemp>
            <ns3:hr>164</ns3:hr>
            <ns3:cad>83</ns3:cad>
          </ns3:TrackPointExtension>
        </extensions>
      </trkpt>
      <trkpt lat="35.566694699227809906005859375" lon="134.8107233829796314239501953125">
        <ele>8</ele>
        <time>2026-08-01T08:43:02.000Z</time>
        <extensions>
          <ns3:TrackPointExtension>
            <ns3:atemp>35.0</ns3:atemp>
            <ns3:hr>165</ns3:hr>
            <ns3:cad>83</ns3:cad>
          </ns3:TrackPointExtension>
        </extensions>
      </trkpt>
      <trkpt lat="35.5667200125753879547119140625" lon="134.81071315705776214599609375">
        <ele>7.80000019073486328125</ele>
        <time>2026-08-01T08:43:03.000Z</time>
        <extensions>
          <ns3:TrackPointExtension>
            <ns3:atemp>35.0</ns3:atemp>
            <ns3:hr>165</ns3:hr>
            <ns3:cad>83</ns3:cad>
          </ns3:TrackPointExtension>
        </extensions>
      </trkpt>
      <trkpt lat="35.56673862040042877197265625" lon="134.81069974601268768310546875">
        <ele>7.80000019073486328125</ele>
        <time>2026-08-01T08:43:04.000Z</time>
        <extensions>
          <ns3:TrackPointExtension>
            <ns3:atemp>35.0</ns3:atemp>
            <ns3:hr>164</ns3:hr>
            <ns3:cad>83</ns3:cad>
          </ns3:TrackPointExtension>
        </extensions>
      </trkpt>
      <trkpt lat="35.5667659454047679901123046875" lon="134.81068977154791355133056640625">
        <ele>7.80000019073486328125</ele>
        <time>2026-08-01T08:43:05.000Z</time>
        <extensions>
          <ns3:TrackPointExtension>
            <ns3:atemp>35.0</ns3:atemp>
            <ns3:hr>165</ns3:hr>
            <ns3:cad>83</ns3:cad>
          </ns3:TrackPointExtension>
        </extensions>
      </trkpt>
      <trkpt lat="35.56678933091461658477783203125" lon="134.81067962944507598876953125">
        <ele>7.80000019073486328125</ele>
        <time>2026-08-01T08:43:06.000Z</time>
        <extensions>
          <ns3:TrackPointExtension>
            <ns3:atemp>35.0</ns3:atemp>
            <ns3:hr>165</ns3:hr>
            <ns3:cad>83</ns3:cad>
          </ns3:TrackPointExtension>
        </extensions>
      </trkpt>
      <trkpt lat="35.56680793873965740203857421875" lon="134.81066680513322353363037109375">
        <ele>7.80000019073486328125</ele>
        <time>2026-08-01T08:43:07.000Z</time>
        <extensions>
          <ns3:TrackPointExtension>
            <ns3:atemp>35.0</ns3:atemp>
            <ns3:hr>165</ns3:hr>
            <ns3:cad>83</ns3:cad>
          </ns3:TrackPointExtension>
        </extensions>
      </trkpt>
      <trkpt lat="35.5668346770107746124267578125" lon="134.8106569983065128326416015625">
        <ele>7.80000019073486328125</ele>
        <time>2026-08-01T08:43:08.000Z</time>
        <extensions>
          <ns3:TrackPointExtension>
            <ns3:atemp>35.0</ns3:atemp>
            <ns3:hr>165</ns3:hr>
            <ns3:cad>83</ns3:cad>
          </ns3:TrackPointExtension>
        </extensions>
      </trkpt>
      <trkpt lat="35.5668457411229610443115234375" lon="134.81064467690885066986083984375">
        <ele>7.80000019073486328125</ele>
        <time>2026-08-01T08:43:09.000Z</time>
        <extensions>
          <ns3:TrackPointExtension>
            <ns3:atemp>35.0</ns3:atemp>
            <ns3:hr>166</ns3:hr>
            <ns3:cad>83</ns3:cad>
          </ns3:TrackPointExtension>
        </extensions>
      </trkpt>
      <trkpt lat="35.56687432341277599334716796875" lon="134.81063042767345905303955078125">
        <ele>7.80000019073486328125</ele>
        <time>2026-08-01T08:43:10.000Z</time>
        <extensions>
          <ns3:TrackPointExtension>
            <ns3:atemp>35.0</ns3:atemp>
            <ns3:hr>166</ns3:hr>
            <ns3:cad>84</ns3:cad>
          </ns3:TrackPointExtension>
        </extensions>
      </trkpt>
      <trkpt lat="35.56689284741878509521484375" lon="134.81061500497162342071533203125">
        <ele>7.80000019073486328125</ele>
        <time>2026-08-01T08:43:11.000Z</time>
        <extensions>
          <ns3:TrackPointExtension>
            <ns3:atemp>35.0</ns3:atemp>
            <ns3:hr>166</ns3:hr>
            <ns3:cad>84</ns3:cad>
          </ns3:TrackPointExtension>
        </extensions>
      </trkpt>
      <trkpt lat="35.56691430509090423583984375" lon="134.810597486793994903564453125">
        <ele>7.80000019073486328125</ele>
        <time>2026-08-01T08:43:12.000Z</time>
        <extensions>
          <ns3:TrackPointExtension>
            <ns3:atemp>35.0</ns3:atemp>
            <ns3:hr>166</ns3:hr>
            <ns3:cad>84</ns3:cad>
          </ns3:TrackPointExtension>
        </extensions>
      </trkpt>
      <trkpt lat="35.5669399537146091461181640625" lon="134.81058801524341106414794921875">
        <ele>7.80000019073486328125</ele>
        <time>2026-08-01T08:43:13.000Z</time>
        <extensions>
          <ns3:TrackPointExtension>
            <ns3:atemp>35.0</ns3:atemp>
            <ns3:hr>166</ns3:hr>
            <ns3:cad>83</ns3:cad>
          </ns3:TrackPointExtension>
        </extensions>
      </trkpt>
      <trkpt lat="35.5669533647596836090087890625" lon="134.81057636439800262451171875">
        <ele>7.80000019073486328125</ele>
        <time>2026-08-01T08:43:14.000Z</time>
        <extensions>
          <ns3:TrackPointExtension>
            <ns3:atemp>35.0</ns3:atemp>
            <ns3:hr>167</ns3:hr>
            <ns3:cad>83</ns3:cad>
          </ns3:TrackPointExtension>
        </extensions>
      </trkpt>
      <trkpt lat="35.5669781751930713653564453125" lon="134.81056286953389644622802734375">
        <ele>7.80000019073486328125</ele>
        <time>2026-08-01T08:43:15.000Z</time>
        <extensions>
          <ns3:TrackPointExtension>
            <ns3:atemp>35.0</ns3:atemp>
            <ns3:hr>166</ns3:hr>
            <ns3:cad>83</ns3:cad>
          </ns3:TrackPointExtension>
        </extensions>
      </trkpt>
      <trkpt lat="35.5670019797980785369873046875" lon="134.81054828502237796783447265625">
        <ele>7.80000019073486328125</ele>
        <time>2026-08-01T08:43:16.000Z</time>
        <extensions>
          <ns3:TrackPointExtension>
            <ns3:atemp>35.0</ns3:atemp>
            <ns3:hr>166</ns3:hr>
            <ns3:cad>83</ns3:cad>
          </ns3:TrackPointExtension>
        </extensions>
      </trkpt>
      <trkpt lat="35.56702251546084880828857421875" lon="134.81053185649216175079345703125">
        <ele>7.80000019073486328125</ele>
        <time>2026-08-01T08:43:17.000Z</time>
        <extensions>
          <ns3:TrackPointExtension>
            <ns3:atemp>35.0</ns3:atemp>
            <ns3:hr>166</ns3:hr>
            <ns3:cad>83</ns3:cad>
          </ns3:TrackPointExtension>
        </extensions>
      </trkpt>
      <trkpt lat="35.56704984046518802642822265625" lon="134.810515679419040679931640625">
        <ele>7.80000019073486328125</ele>
        <time>2026-08-01T08:43:18.000Z</time>
        <extensions>
          <ns3:TrackPointExtension>
            <ns3:atemp>35.0</ns3:atemp>
            <ns3:hr>167</ns3:hr>
            <ns3:cad>83</ns3:cad>
          </ns3:TrackPointExtension>
        </extensions>
      </trkpt>
      <trkpt lat="35.5670640058815479278564453125" lon="134.8105037771165370941162109375">
        <ele>7.80000019073486328125</ele>
        <time>2026-08-01T08:43:19.000Z</time>
        <extensions>
          <ns3:TrackPointExtension>
            <ns3:atemp>35.0</ns3:atemp>
            <ns3:hr>166</ns3:hr>
            <ns3:cad>83</ns3:cad>
          </ns3:TrackPointExtension>
        </extensions>
      </trkpt>
      <trkpt lat="35.567089654505252838134765625" lon="134.8104893602430820465087890625">
        <ele>7.80000019073486328125</ele>
        <time>2026-08-01T08:43:20.000Z</time>
        <extensions>
          <ns3:TrackPointExtension>
            <ns3:atemp>35.0</ns3:atemp>
            <ns3:hr>166</ns3:hr>
            <ns3:cad>83</ns3:cad>
          </ns3:TrackPointExtension>
        </extensions>
      </trkpt>
      <trkpt lat="35.56711471639573574066162109375" lon="134.81047687120735645294189453125">
        <ele>7.80000019073486328125</ele>
        <time>2026-08-01T08:43:21.000Z</time>
        <extensions>
          <ns3:TrackPointExtension>
            <ns3:atemp>35.0</ns3:atemp>
            <ns3:hr>167</ns3:hr>
            <ns3:cad>83</ns3:cad>
          </ns3:TrackPointExtension>
        </extensions>
      </trkpt>
      <trkpt lat="35.567130558192729949951171875" lon="134.81046262197196483612060546875">
        <ele>8</ele>
        <time>2026-08-01T08:43:22.000Z</time>
        <extensions>
          <ns3:TrackPointExtension>
            <ns3:atemp>35.0</ns3:atemp>
            <ns3:hr>167</ns3:hr>
            <ns3:cad>83</ns3:cad>
          </ns3:TrackPointExtension>
        </extensions>
      </trkpt>
      <trkpt lat="35.56715779937803745269775390625" lon="134.81045021675527095794677734375">
        <ele>8</ele>
        <time>2026-08-01T08:43:23.000Z</time>
        <extensions>
          <ns3:TrackPointExtension>
            <ns3:atemp>35.0</ns3:atemp>
            <ns3:hr>167</ns3:hr>
            <ns3:cad>83</ns3:cad>
          </ns3:TrackPointExtension>
        </extensions>
      </trkpt>
      <trkpt lat="35.5671823583543300628662109375" lon="134.8104424215853214263916015625">
        <ele>8.19999980926513671875</ele>
        <time>2026-08-01T08:43:24.000Z</time>
        <extensions>
          <ns3:TrackPointExtension>
            <ns3:atemp>35.0</ns3:atemp>
            <ns3:hr>167</ns3:hr>
            <ns3:cad>83</ns3:cad>
          </ns3:TrackPointExtension>
        </extensions>
      </trkpt>
      <trkpt lat="35.567204318940639495849609375" lon="134.81042959727346897125244140625">
        <ele>8.19999980926513671875</ele>
        <time>2026-08-01T08:43:25.000Z</time>
        <extensions>
          <ns3:TrackPointExtension>
            <ns3:atemp>35.0</ns3:atemp>
            <ns3:hr>168</ns3:hr>
            <ns3:cad>83</ns3:cad>
          </ns3:TrackPointExtension>
        </extensions>
      </trkpt>
      <trkpt lat="35.567229799926280975341796875" lon="134.81041652150452136993408203125">
        <ele>8.19999980926513671875</ele>
        <time>2026-08-01T08:43:26.000Z</time>
        <extensions>
          <ns3:TrackPointExtension>
            <ns3:atemp>35.0</ns3:atemp>
            <ns3:hr>169</ns3:hr>
            <ns3:cad>83</ns3:cad>
          </ns3:TrackPointExtension>
        </extensions>
      </trkpt>
      <trkpt lat="35.567243210971355438232421875" lon="134.81040579266846179962158203125">
        <ele>8</ele>
        <time>2026-08-01T08:43:27.000Z</time>
        <extensions>
          <ns3:TrackPointExtension>
            <ns3:atemp>35.0</ns3:atemp>
            <ns3:hr>169</ns3:hr>
            <ns3:cad>83</ns3:cad>
          </ns3:TrackPointExtension>
        </extensions>
      </trkpt>
      <trkpt lat="35.56726760230958461761474609375" lon="134.81039539910852909088134765625">
        <ele>8</ele>
        <time>2026-08-01T08:43:28.000Z</time>
        <extensions>
          <ns3:TrackPointExtension>
            <ns3:atemp>35.0</ns3:atemp>
            <ns3:hr>169</ns3:hr>
            <ns3:cad>83</ns3:cad>
          </ns3:TrackPointExtension>
        </extensions>
      </trkpt>
      <trkpt lat="35.56728822179138660430908203125" lon="134.81038416735827922821044921875">
        <ele>8.19999980926513671875</ele>
        <time>2026-08-01T08:43:29.000Z</time>
        <extensions>
          <ns3:TrackPointExtension>
            <ns3:atemp>35.0</ns3:atemp>
            <ns3:hr>169</ns3:hr>
            <ns3:cad>83</ns3:cad>
          </ns3:TrackPointExtension>
        </extensions>
      </trkpt>
      <trkpt lat="35.56730800308287143707275390625" lon="134.81037092395126819610595703125">
        <ele>8</ele>
        <time>2026-08-01T08:43:30.000Z</time>
        <extensions>
          <ns3:TrackPointExtension>
            <ns3:atemp>35.0</ns3:atemp>
            <ns3:hr>168</ns3:hr>
            <ns3:cad>83</ns3:cad>
          </ns3:TrackPointExtension>
        </extensions>
      </trkpt>
      <trkpt lat="35.5673347413539886474609375" lon="134.810360781848430633544921875">
        <ele>8</ele>
        <time>2026-08-01T08:43:31.000Z</time>
        <extensions>
          <ns3:TrackPointExtension>
            <ns3:atemp>35.0</ns3:atemp>
            <ns3:hr>168</ns3:hr>
            <ns3:cad>83</ns3:cad>
          </ns3:TrackPointExtension>
        </extensions>
      </trkpt>
      <trkpt lat="35.567349158227443695068359375" lon="134.81034896336495876312255859375">
        <ele>8</ele>
        <time>2026-08-01T08:43:32.000Z</time>
        <extensions>
          <ns3:TrackPointExtension>
            <ns3:atemp>35.0</ns3:atemp>
            <ns3:hr>168</ns3:hr>
            <ns3:cad>83</ns3:cad>
          </ns3:TrackPointExtension>
        </extensions>
      </trkpt>
      <trkpt lat="35.56737438775599002838134765625" lon="134.81033504940569400787353515625">
        <ele>8</ele>
        <time>2026-08-01T08:43:33.000Z</time>
        <extensions>
          <ns3:TrackPointExtension>
            <ns3:atemp>35.0</ns3:atemp>
            <ns3:hr>168</ns3:hr>
            <ns3:cad>84</ns3:cad>
          </ns3:TrackPointExtension>
        </extensions>
      </trkpt>
      <trkpt lat="35.56739576160907745361328125" lon="134.81032012961804866790771484375">
        <ele>8</ele>
        <time>2026-08-01T08:43:34.000Z</time>
        <extensions>
          <ns3:TrackPointExtension>
            <ns3:atemp>35.0</ns3:atemp>
            <ns3:hr>168</ns3:hr>
            <ns3:cad>84</ns3:cad>
          </ns3:TrackPointExtension>
        </extensions>
      </trkpt>
      <trkpt lat="35.56741579435765743255615234375" lon="134.81030881404876708984375">
        <ele>8</ele>
        <time>2026-08-01T08:43:35.000Z</time>
        <extensions>
          <ns3:TrackPointExtension>
            <ns3:atemp>35.0</ns3:atemp>
            <ns3:hr>168</ns3:hr>
            <ns3:cad>84</ns3:cad>
          </ns3:TrackPointExtension>
        </extensions>
      </trkpt>
      <trkpt lat="35.5674408562481403350830078125" lon="134.8102949000895023345947265625">
        <ele>8</ele>
        <time>2026-08-01T08:43:36.000Z</time>
        <extensions>
          <ns3:TrackPointExtension>
            <ns3:atemp>35.0</ns3:atemp>
            <ns3:hr>168</ns3:hr>
            <ns3:cad>84</ns3:cad>
          </ns3:TrackPointExtension>
        </extensions>
      </trkpt>
      <trkpt lat="35.56745342910289764404296875" lon="134.810280986130237579345703125">
        <ele>8</ele>
        <time>2026-08-01T08:43:37.000Z</time>
        <extensions>
          <ns3:TrackPointExtension>
            <ns3:atemp>35.0</ns3:atemp>
            <ns3:hr>167</ns3:hr>
            <ns3:cad>83</ns3:cad>
          </ns3:TrackPointExtension>
        </extensions>
      </trkpt>
      <trkpt lat="35.56748217903077602386474609375" lon="134.81026782654225826263427734375">
        <ele>8</ele>
        <time>2026-08-01T08:43:38.000Z</time>
        <extensions>
          <ns3:TrackPointExtension>
            <ns3:atemp>35.0</ns3:atemp>
            <ns3:hr>167</ns3:hr>
            <ns3:cad>83</ns3:cad>
          </ns3:TrackPointExtension>
        </extensions>
      </trkpt>
      <trkpt lat="35.56750833056867122650146484375" lon="134.81025693006813526153564453125">
        <ele>8</ele>
        <time>2026-08-01T08:43:39.000Z</time>
        <extensions>
          <ns3:TrackPointExtension>
            <ns3:atemp>35.0</ns3:atemp>
            <ns3:hr>167</ns3:hr>
            <ns3:cad>83</ns3:cad>
          </ns3:TrackPointExtension>
        </extensions>
      </trkpt>
      <trkpt lat="35.56752777658402919769287109375" lon="134.8102499730885028839111328125">
        <ele>8.19999980926513671875</ele>
        <time>2026-08-01T08:43:40.000Z</time>
        <extensions>
          <ns3:TrackPointExtension>
            <ns3:atemp>35.0</ns3:atemp>
            <ns3:hr>166</ns3:hr>
            <ns3:cad>83</ns3:cad>
          </ns3:TrackPointExtension>
        </extensions>
      </trkpt>
      <trkpt lat="35.5675571970641613006591796875" lon="134.81023580767214298248291015625">
        <ele>8.19999980926513671875</ele>
        <time>2026-08-01T08:43:41.000Z</time>
        <extensions>
          <ns3:TrackPointExtension>
            <ns3:atemp>35.0</ns3:atemp>
            <ns3:hr>166</ns3:hr>
            <ns3:cad>83</ns3:cad>
          </ns3:TrackPointExtension>
        </extensions>
      </trkpt>
      <trkpt lat="35.56757823564112186431884765625" lon="134.81022776104509830474853515625">
        <ele>8.19999980926513671875</ele>
        <time>2026-08-01T08:43:42.000Z</time>
        <extensions>
          <ns3:TrackPointExtension>
            <ns3:atemp>35.0</ns3:atemp>
            <ns3:hr>166</ns3:hr>
            <ns3:cad>84</ns3:cad>
          </ns3:TrackPointExtension>
        </extensions>
      </trkpt>
      <trkpt lat="35.56759231723845005035400390625" lon="134.81020596809685230255126953125">
        <ele>8.19999980926513671875</ele>
        <time>2026-08-01T08:43:43.000Z</time>
        <extensions>
          <ns3:TrackPointExtension>
            <ns3:atemp>35.0</ns3:atemp>
            <ns3:hr>165</ns3:hr>
            <ns3:cad>84</ns3:cad>
          </ns3:TrackPointExtension>
        </extensions>
      </trkpt>
      <trkpt lat="35.56760589592158794403076171875" lon="134.8101706802845001220703125">
        <ele>8.19999980926513671875</ele>
        <time>2026-08-01T08:43:44.000Z</time>
        <extensions>
          <ns3:TrackPointExtension>
            <ns3:atemp>35.0</ns3:atemp>
            <ns3:hr>165</ns3:hr>
            <ns3:cad>83</ns3:cad>
          </ns3:TrackPointExtension>
        </extensions>
      </trkpt>
      <trkpt lat="35.5676101706922054290771484375" lon="134.81014796532690525054931640625">
        <ele>8</ele>
        <time>2026-08-01T08:43:45.000Z</time>
        <extensions>
          <ns3:TrackPointExtension>
            <ns3:atemp>35.0</ns3:atemp>
            <ns3:hr>165</ns3:hr>
            <ns3:cad>83</ns3:cad>
          </ns3:TrackPointExtension>
        </extensions>
      </trkpt>
      <trkpt lat="35.56762550957500934600830078125" lon="134.81011611409485340118408203125">
        <ele>7.80000019073486328125</ele>
        <time>2026-08-01T08:43:46.000Z</time>
        <extensions>
          <ns3:TrackPointExtension>
            <ns3:atemp>35.0</ns3:atemp>
            <ns3:hr>165</ns3:hr>
            <ns3:cad>82</ns3:cad>
          </ns3:TrackPointExtension>
        </extensions>
      </trkpt>
      <trkpt lat="35.5676450394093990325927734375" lon="134.81009381823241710662841796875">
        <ele>7.80000019073486328125</ele>
        <time>2026-08-01T08:43:47.000Z</time>
        <extensions>
          <ns3:TrackPointExtension>
            <ns3:atemp>35.0</ns3:atemp>
            <ns3:hr>164</ns3:hr>
            <ns3:cad>81</ns3:cad>
          </ns3:TrackPointExtension>
        </extensions>
      </trkpt>
      <trkpt lat="35.56765786372125148773193359375" lon="134.810074456036090850830078125">
        <ele>7.599999904632568359375</ele>
        <time>2026-08-01T08:43:48.000Z</time>
        <extensions>
          <ns3:TrackPointExtension>
            <ns3:atemp>35.0</ns3:atemp>
            <ns3:hr>164</ns3:hr>
            <ns3:cad>81</ns3:cad>
          </ns3:TrackPointExtension>
        </extensions>
      </trkpt>
      <trkpt lat="35.567683093249797821044921875" lon="134.8100607097148895263671875">
        <ele>7.599999904632568359375</ele>
        <time>2026-08-01T08:43:49.000Z</time>
        <extensions>
          <ns3:TrackPointExtension>
            <ns3:atemp>35.0</ns3:atemp>
            <ns3:hr>164</ns3:hr>
            <ns3:cad>81</ns3:cad>
          </ns3:TrackPointExtension>
        </extensions>
      </trkpt>
      <trkpt lat="35.5677030421793460845947265625" lon="134.810045622289180755615234375">
        <ele>7.599999904632568359375</ele>
        <time>2026-08-01T08:43:50.000Z</time>
        <extensions>
          <ns3:TrackPointExtension>
            <ns3:atemp>35.0</ns3:atemp>
            <ns3:hr>164</ns3:hr>
            <ns3:cad>81</ns3:cad>
          </ns3:TrackPointExtension>
        </extensions>
      </trkpt>
      <trkpt lat="35.567724667489528656005859375" lon="134.81002961285412311553955078125">
        <ele>7.599999904632568359375</ele>
        <time>2026-08-01T08:43:51.000Z</time>
        <extensions>
          <ns3:TrackPointExtension>
            <ns3:atemp>35.0</ns3:atemp>
            <ns3:hr>164</ns3:hr>
            <ns3:cad>81</ns3:cad>
          </ns3:TrackPointExtension>
        </extensions>
      </trkpt>
      <trkpt lat="35.56775090284645557403564453125" lon="134.8100177943706512451171875">
        <ele>7.599999904632568359375</ele>
        <time>2026-08-01T08:43:52.000Z</time>
        <extensions>
          <ns3:TrackPointExtension>
            <ns3:atemp>35.0</ns3:atemp>
            <ns3:hr>164</ns3:hr>
            <ns3:cad>82</ns3:cad>
          </ns3:TrackPointExtension>
        </extensions>
      </trkpt>
      <trkpt lat="35.56776230223476886749267578125" lon="134.8100055567920207977294921875">
        <ele>7.599999904632568359375</ele>
        <time>2026-08-01T08:43:53.000Z</time>
        <extensions>
          <ns3:TrackPointExtension>
            <ns3:atemp>35.0</ns3:atemp>
            <ns3:hr>164</ns3:hr>
            <ns3:cad>82</ns3:cad>
          </ns3:TrackPointExtension>
        </extensions>
      </trkpt>
      <trkpt lat="35.56779197417199611663818359375" lon="134.809989966452121734619140625">
        <ele>7.599999904632568359375</ele>
        <time>2026-08-01T08:43:54.000Z</time>
        <extensions>
          <ns3:TrackPointExtension>
            <ns3:atemp>35.0</ns3:atemp>
            <ns3:hr>164</ns3:hr>
            <ns3:cad>82</ns3:cad>
          </ns3:TrackPointExtension>
        </extensions>
      </trkpt>
      <trkpt lat="35.56781745515763759613037109375" lon="134.809978567063808441162109375">
        <ele>7.80000019073486328125</ele>
        <time>2026-08-01T08:43:55.000Z</time>
        <extensions>
          <ns3:TrackPointExtension>
            <ns3:atemp>35.0</ns3:atemp>
            <ns3:hr>164</ns3:hr>
            <ns3:cad>82</ns3:cad>
          </ns3:TrackPointExtension>
        </extensions>
      </trkpt>
      <trkpt lat="35.5678324587643146514892578125" lon="134.80996750295162200927734375">
        <ele>7.80000019073486328125</ele>
        <time>2026-08-01T08:43:56.000Z</time>
        <extensions>
          <ns3:TrackPointExtension>
            <ns3:atemp>35.0</ns3:atemp>
            <ns3:hr>165</ns3:hr>
            <ns3:cad>82</ns3:cad>
          </ns3:TrackPointExtension>
        </extensions>
      </trkpt>
      <trkpt lat="35.56786439381539821624755859375" lon="134.80995216406881809234619140625">
        <ele>8</ele>
        <time>2026-08-01T08:43:57.000Z</time>
        <extensions>
          <ns3:TrackPointExtension>
            <ns3:atemp>35.0</ns3:atemp>
            <ns3:hr>166</ns3:hr>
            <ns3:cad>82</ns3:cad>
          </ns3:TrackPointExtension>
        </extensions>
      </trkpt>
      <trkpt lat="35.56788031943142414093017578125" lon="134.8099368251860141754150390625">
        <ele>8</ele>
        <time>2026-08-01T08:43:58.000Z</time>
        <extensions>
          <ns3:TrackPointExtension>
            <ns3:atemp>35.0</ns3:atemp>
            <ns3:hr>167</ns3:hr>
            <ns3:cad>82</ns3:cad>
          </ns3:TrackPointExtension>
        </extensions>
      </trkpt>
      <trkpt lat="35.56789959780871868133544921875" lon="134.80992115102708339691162109375">
        <ele>8</ele>
        <time>2026-08-01T08:43:59.000Z</time>
        <extensions>
          <ns3:TrackPointExtension>
            <ns3:atemp>35.0</ns3:atemp>
            <ns3:hr>167</ns3:hr>
            <ns3:cad>82</ns3:cad>
          </ns3:TrackPointExtension>
        </extensions>
      </trkpt>
      <trkpt lat="35.5679253302514553070068359375" lon="134.80990807525813579559326171875">
        <ele>7.80000019073486328125</ele>
        <time>2026-08-01T08:44:00.000Z</time>
        <extensions>
          <ns3:TrackPointExtension>
            <ns3:atemp>35.0</ns3:atemp>
            <ns3:hr>167</ns3:hr>
            <ns3:cad>82</ns3:cad>
          </ns3:TrackPointExtension>
        </extensions>
      </trkpt>
      <trkpt lat="35.5679387412965297698974609375" lon="134.809898771345615386962890625">
        <ele>7.80000019073486328125</ele>
        <time>2026-08-01T08:44:01.000Z</time>
        <extensions>
          <ns3:TrackPointExtension>
            <ns3:atemp>35.0</ns3:atemp>
            <ns3:hr>167</ns3:hr>
            <ns3:cad>82</ns3:cad>
          </ns3:TrackPointExtension>
        </extensions>
      </trkpt>
      <trkpt lat="35.5679632164537906646728515625" lon="134.80988561175763607025146484375">
        <ele>7.80000019073486328125</ele>
        <time>2026-08-01T08:44:02.000Z</time>
        <extensions>
          <ns3:TrackPointExtension>
            <ns3:atemp>35.0</ns3:atemp>
            <ns3:hr>167</ns3:hr>
            <ns3:cad>82</ns3:cad>
          </ns3:TrackPointExtension>
        </extensions>
      </trkpt>
      <trkpt lat="35.5679846741259098052978515625" lon="134.80987270362675189971923828125">
        <ele>8</ele>
        <time>2026-08-01T08:44:03.000Z</time>
        <extensions>
          <ns3:TrackPointExtension>
            <ns3:atemp>35.0</ns3:atemp>
            <ns3:hr>167</ns3:hr>
            <ns3:cad>82</ns3:cad>
          </ns3:TrackPointExtension>
        </extensions>
      </trkpt>
      <trkpt lat="35.568006969988346099853515625" lon="134.80986063368618488311767578125">
        <ele>8.19999980926513671875</ele>
        <time>2026-08-01T08:44:04.000Z</time>
        <extensions>
          <ns3:TrackPointExtension>
            <ns3:atemp>35.0</ns3:atemp>
            <ns3:hr>165</ns3:hr>
            <ns3:cad>82</ns3:cad>
          </ns3:TrackPointExtension>
        </extensions>
      </trkpt>
      <trkpt lat="35.5680342949926853179931640625" lon="134.809844791889190673828125">
        <ele>8.19999980926513671875</ele>
        <time>2026-08-01T08:44:05.000Z</time>
        <extensions>
          <ns3:TrackPointExtension>
            <ns3:atemp>35.0</ns3:atemp>
            <ns3:hr>165</ns3:hr>
            <ns3:cad>82</ns3:cad>
          </ns3:TrackPointExtension>
        </extensions>
      </trkpt>
      <trkpt lat="35.56804753839969635009765625" lon="134.809835739433765411376953125">
        <ele>8</ele>
        <time>2026-08-01T08:44:06.000Z</time>
        <extensions>
          <ns3:TrackPointExtension>
            <ns3:atemp>35.0</ns3:atemp>
            <ns3:hr>164</ns3:hr>
            <ns3:cad>82</ns3:cad>
          </ns3:TrackPointExtension>
        </extensions>
      </trkpt>
      <trkpt lat="35.56807260029017925262451171875" lon="134.80982132256031036376953125">
        <ele>8</ele>
        <time>2026-08-01T08:44:07.000Z</time>
        <extensions>
          <ns3:TrackPointExtension>
            <ns3:atemp>35.0</ns3:atemp>
            <ns3:hr>164</ns3:hr>
            <ns3:cad>82</ns3:cad>
          </ns3:TrackPointExtension>
        </extensions>
      </trkpt>
      <trkpt lat="35.56809992529451847076416015625" lon="134.80980916880071163177490234375">
        <ele>8</ele>
        <time>2026-08-01T08:44:08.000Z</time>
        <extensions>
          <ns3:TrackPointExtension>
            <ns3:atemp>35.0</ns3:atemp>
            <ns3:hr>164</ns3:hr>
            <ns3:cad>82</ns3:cad>
          </ns3:TrackPointExtension>
        </extensions>
      </trkpt>
      <trkpt lat="35.56811719201505184173583984375" lon="134.80979894287884235382080078125">
        <ele>7.80000019073486328125</ele>
        <time>2026-08-01T08:44:09.000Z</time>
        <extensions>
          <ns3:TrackPointExtension>
            <ns3:atemp>35.0</ns3:atemp>
            <ns3:hr>165</ns3:hr>
            <ns3:cad>82</ns3:cad>
          </ns3:TrackPointExtension>
        </extensions>
      </trkpt>
      <trkpt lat="35.56814485229551792144775390625" lon="134.80978921987116336822509765625">
        <ele>7.80000019073486328125</ele>
        <time>2026-08-01T08:44:10.000Z</time>
        <extensions>
          <ns3:TrackPointExtension>
            <ns3:atemp>35.0</ns3:atemp>
            <ns3:hr>165</ns3:hr>
            <ns3:cad>83</ns3:cad>
          </ns3:TrackPointExtension>
        </extensions>
      </trkpt>
      <trkpt lat="35.56816999800503253936767578125" lon="134.80977999977767467498779296875">
        <ele>7.80000019073486328125</ele>
        <time>2026-08-01T08:44:11.000Z</time>
        <extensions>
          <ns3:TrackPointExtension>
            <ns3:atemp>35.0</ns3:atemp>
            <ns3:hr>165</ns3:hr>
            <ns3:cad>83</ns3:cad>
          </ns3:TrackPointExtension>
        </extensions>
      </trkpt>
      <trkpt lat="35.56818625889718532562255859375" lon="134.8097638227045536041259765625">
        <ele>7.80000019073486328125</ele>
        <time>2026-08-01T08:44:12.000Z</time>
        <extensions>
          <ns3:TrackPointExtension>
            <ns3:atemp>35.0</ns3:atemp>
            <ns3:hr>165</ns3:hr>
            <ns3:cad>83</ns3:cad>
          </ns3:TrackPointExtension>
        </extensions>
      </trkpt>
      <trkpt lat="35.56821006350219249725341796875" lon="134.8097361624240875244140625">
        <ele>7.80000019073486328125</ele>
        <time>2026-08-01T08:44:13.000Z</time>
        <extensions>
          <ns3:TrackPointExtension>
            <ns3:atemp>35.0</ns3:atemp>
            <ns3:hr>164</ns3:hr>
            <ns3:cad>83</ns3:cad>
          </ns3:TrackPointExtension>
        </extensions>
      </trkpt>
      <trkpt lat="35.5682180263102054595947265625" lon="134.80971001088619232177734375">
        <ele>8</ele>
        <time>2026-08-01T08:44:14.000Z</time>
        <extensions>
          <ns3:TrackPointExtension>
            <ns3:atemp>35.0</ns3:atemp>
            <ns3:hr>165</ns3:hr>
            <ns3:cad>83</ns3:cad>
          </ns3:TrackPointExtension>
        </extensions>
      </trkpt>
      <trkpt lat="35.56822263635694980621337890625" lon="134.80967422015964984893798828125">
        <ele>8.19999980926513671875</ele>
        <time>2026-08-01T08:44:15.000Z</time>
        <extensions>
          <ns3:TrackPointExtension>
            <ns3:atemp>35.0</ns3:atemp>
            <ns3:hr>165</ns3:hr>
            <ns3:cad>83</ns3:cad>
          </ns3:TrackPointExtension>
        </extensions>
      </trkpt>
      <trkpt lat="35.56821727193892002105712890625" lon="134.80964236892759799957275390625">
        <ele>8.3999996185302734375</ele>
        <time>2026-08-01T08:44:16.000Z</time>
        <extensions>
          <ns3:TrackPointExtension>
            <ns3:atemp>35.0</ns3:atemp>
            <ns3:hr>165</ns3:hr>
            <ns3:cad>82</ns3:cad>
          </ns3:TrackPointExtension>
        </extensions>
      </trkpt>
      <trkpt lat="35.568204112350940704345703125" lon="134.80961873196065425872802734375">
        <ele>8.3999996185302734375</ele>
        <time>2026-08-01T08:44:17.000Z</time>
        <extensions>
          <ns3:TrackPointExtension>
            <ns3:atemp>35.0</ns3:atemp>
            <ns3:hr>164</ns3:hr>
            <ns3:cad>82</ns3:cad>
          </ns3:TrackPointExtension>
        </extensions>
      </trkpt>
      <trkpt lat="35.56819212622940540313720703125" lon="134.8095810972154140472412109375">
        <ele>8.3999996185302734375</ele>
        <time>2026-08-01T08:44:18.000Z</time>
        <extensions>
          <ns3:TrackPointExtension>
            <ns3:atemp>35.0</ns3:atemp>
            <ns3:hr>164</ns3:hr>
            <ns3:cad>82</ns3:cad>
          </ns3:TrackPointExtension>
        </extensions>
      </trkpt>
      <trkpt lat="35.56817754171788692474365234375" lon="134.80955938808619976043701171875">
        <ele>8.3999996185302734375</ele>
        <time>2026-08-01T08:44:19.000Z</time>
        <extensions>
          <ns3:TrackPointExtension>
            <ns3:atemp>35.0</ns3:atemp>
            <ns3:hr>165</ns3:hr>
            <ns3:cad>81</ns3:cad>
          </ns3:TrackPointExtension>
        </extensions>
      </trkpt>
      <trkpt lat="35.5681622028350830078125" lon="134.80953357182443141937255859375">
        <ele>8.3999996185302734375</ele>
        <time>2026-08-01T08:44:20.000Z</time>
        <extensions>
          <ns3:TrackPointExtension>
            <ns3:atemp>35.0</ns3:atemp>
            <ns3:hr>165</ns3:hr>
            <ns3:cad>81</ns3:cad>
          </ns3:TrackPointExtension>
        </extensions>
      </trkpt>
      <trkpt lat="35.5681529827415943145751953125" lon="134.8095049895346164703369140625">
        <ele>8.3999996185302734375</ele>
        <time>2026-08-01T08:44:21.000Z</time>
        <extensions>
          <ns3:TrackPointExtension>
            <ns3:atemp>35.0</ns3:atemp>
            <ns3:hr>165</ns3:hr>
            <ns3:cad>81</ns3:cad>
          </ns3:TrackPointExtension>
        </extensions>
      </trkpt>
      <trkpt lat="35.56814267300069332122802734375" lon="134.80949786491692066192626953125">
        <ele>8.19999980926513671875</ele>
        <time>2026-08-01T08:44:22.000Z</time>
        <extensions>
          <ns3:TrackPointExtension>
            <ns3:atemp>35.0</ns3:atemp>
            <ns3:hr>165</ns3:hr>
            <ns3:cad>82</ns3:cad>
          </ns3:TrackPointExtension>
        </extensions>
      </trkpt>
      <trkpt lat="35.568130351603031158447265625" lon="134.8094666004180908203125">
        <ele>8.19999980926513671875</ele>
        <time>2026-08-01T08:44:23.000Z</time>
        <extensions>
          <ns3:TrackPointExtension>
            <ns3:atemp>35.0</ns3:atemp>
            <ns3:hr>165</ns3:hr>
            <ns3:cad>82</ns3:cad>
          </ns3:TrackPointExtension>
        </extensions>
      </trkpt>
      <trkpt lat="35.56812054477632045745849609375" lon="134.80944254435598850250244140625">
        <ele>8.3999996185302734375</ele>
        <time>2026-08-01T08:44:24.000Z</time>
        <extensions>
          <ns3:TrackPointExtension>
            <ns3:atemp>35.0</ns3:atemp>
            <ns3:hr>165</ns3:hr>
            <ns3:cad>82</ns3:cad>
          </ns3:TrackPointExtension>
        </extensions>
      </trkpt>
      <trkpt lat="35.56810579262673854827880859375" lon="134.8094238527119159698486328125">
        <ele>8.3999996185302734375</ele>
        <time>2026-08-01T08:44:25.000Z</time>
        <extensions>
          <ns3:TrackPointExtension>
            <ns3:atemp>35.0</ns3:atemp>
            <ns3:hr>165</ns3:hr>
            <ns3:cad>82</ns3:cad>
          </ns3:TrackPointExtension>
        </extensions>
      </trkpt>
      <trkpt lat="35.5680936388671398162841796875" lon="134.80939258821308612823486328125">
        <ele>8.19999980926513671875</ele>
        <time>2026-08-01T08:44:26.000Z</time>
        <extensions>
          <ns3:TrackPointExtension>
            <ns3:atemp>35.0</ns3:atemp>
            <ns3:hr>165</ns3:hr>
            <ns3:cad>82</ns3:cad>
          </ns3:TrackPointExtension>
        </extensions>
      </trkpt>
      <trkpt lat="35.5680857598781585693359375" lon="134.80936937034130096435546875">
        <ele>8.19999980926513671875</ele>
        <time>2026-08-01T08:44:27.000Z</time>
        <extensions>
          <ns3:TrackPointExtension>
            <ns3:atemp>35.0</ns3:atemp>
            <ns3:hr>165</ns3:hr>
            <ns3:cad>82</ns3:cad>
          </ns3:TrackPointExtension>
        </extensions>
      </trkpt>
      <trkpt lat="35.56807578541338443756103515625" lon="134.8093400336802005767822265625">
        <ele>8.3999996185302734375</ele>
        <time>2026-08-01T08:44:28.000Z</time>
        <extensions>
          <ns3:TrackPointExtension>
            <ns3:atemp>35.0</ns3:atemp>
            <ns3:hr>165</ns3:hr>
            <ns3:cad>82</ns3:cad>
          </ns3:TrackPointExtension>
        </extensions>
      </trkpt>
      <trkpt lat="35.568066649138927459716796875" lon="134.809309355914592742919921875">
        <ele>8.19999980926513671875</ele>
        <time>2026-08-01T08:44:29.000Z</time>
        <extensions>
          <ns3:TrackPointExtension>
            <ns3:atemp>35.0</ns3:atemp>
            <ns3:hr>165</ns3:hr>
            <ns3:cad>82</ns3:cad>
          </ns3:TrackPointExtension>
        </extensions>
      </trkpt>
      <trkpt lat="35.56805583648383617401123046875" lon="134.80928798206150531768798828125">
        <ele>8.19999980926513671875</ele>
        <time>2026-08-01T08:44:30.000Z</time>
        <extensions>
          <ns3:TrackPointExtension>
            <ns3:atemp>35.0</ns3:atemp>
            <ns3:hr>165</ns3:hr>
            <ns3:cad>82</ns3:cad>
          </ns3:TrackPointExtension>
        </extensions>
      </trkpt>
      <trkpt lat="35.56804879568517208099365234375" lon="134.8092545382678508758544921875">
        <ele>8.19999980926513671875</ele>
        <time>2026-08-01T08:44:31.000Z</time>
        <extensions>
          <ns3:TrackPointExtension>
            <ns3:atemp>35.0</ns3:atemp>
            <ns3:hr>164</ns3:hr>
            <ns3:cad>82</ns3:cad>
          </ns3:TrackPointExtension>
        </extensions>
      </trkpt>
      <trkpt lat="35.56804141961038112640380859375" lon="134.80923115275800228118896484375">
        <ele>8.19999980926513671875</ele>
        <time>2026-08-01T08:44:32.000Z</time>
        <extensions>
          <ns3:TrackPointExtension>
            <ns3:atemp>35.0</ns3:atemp>
            <ns3:hr>165</ns3:hr>
            <ns3:cad>83</ns3:cad>
          </ns3:TrackPointExtension>
        </extensions>
      </trkpt>
      <trkpt lat="35.56802809238433837890625" lon="134.80920684523880481719970703125">
        <ele>8.19999980926513671875</ele>
        <time>2026-08-01T08:44:33.000Z</time>
        <extensions>
          <ns3:TrackPointExtension>
            <ns3:atemp>35.0</ns3:atemp>
            <ns3:hr>165</ns3:hr>
            <ns3:cad>83</ns3:cad>
          </ns3:TrackPointExtension>
        </extensions>
      </trkpt>
      <trkpt lat="35.5680195428431034088134765625" lon="134.8091774247586727142333984375">
        <ele>8.3999996185302734375</ele>
        <time>2026-08-01T08:44:34.000Z</time>
        <extensions>
          <ns3:TrackPointExtension>
            <ns3:atemp>35.0</ns3:atemp>
            <ns3:hr>165</ns3:hr>
            <ns3:cad>83</ns3:cad>
          </ns3:TrackPointExtension>
        </extensions>
      </trkpt>
      <trkpt lat="35.5680088140070438385009765625" lon="134.80916225351393222808837890625">
        <ele>8.3999996185302734375</ele>
        <time>2026-08-01T08:44:35.000Z</time>
        <extensions>
          <ns3:TrackPointExtension>
            <ns3:atemp>35.0</ns3:atemp>
            <ns3:hr>165</ns3:hr>
            <ns3:cad>84</ns3:cad>
          </ns3:TrackPointExtension>
        </extensions>
      </trkpt>
      <trkpt lat="35.567998588085174560546875" lon="134.80913199484348297119140625">
        <ele>8.3999996185302734375</ele>
        <time>2026-08-01T08:44:36.000Z</time>
        <extensions>
          <ns3:TrackPointExtension>
            <ns3:atemp>35.0</ns3:atemp>
            <ns3:hr>165</ns3:hr>
            <ns3:cad>84</ns3:cad>
          </ns3:TrackPointExtension>
        </extensions>
      </trkpt>
      <trkpt lat="35.56798794306814670562744140625" lon="134.8091070167720317840576171875">
        <ele>8.3999996185302734375</ele>
        <time>2026-08-01T08:44:37.000Z</time>
        <extensions>
          <ns3:TrackPointExtension>
            <ns3:atemp>35.0</ns3:atemp>
            <ns3:hr>165</ns3:hr>
            <ns3:cad>84</ns3:cad>
          </ns3:TrackPointExtension>
        </extensions>
      </trkpt>
      <trkpt lat="35.567975454032421112060546875" lon="134.80908379890024662017822265625">
        <ele>8.19999980926513671875</ele>
        <time>2026-08-01T08:44:38.000Z</time>
        <extensions>
          <ns3:TrackPointExtension>
            <ns3:atemp>35.0</ns3:atemp>
            <ns3:hr>165</ns3:hr>
            <ns3:cad>83</ns3:cad>
          </ns3:TrackPointExtension>
        </extensions>
      </trkpt>
      <trkpt lat="35.5679642222821712493896484375" lon="134.8090503551065921783447265625">
        <ele>8.19999980926513671875</ele>
        <time>2026-08-01T08:44:39.000Z</time>
        <extensions>
          <ns3:TrackPointExtension>
            <ns3:atemp>35.0</ns3:atemp>
            <ns3:hr>166</ns3:hr>
            <ns3:cad>83</ns3:cad>
          </ns3:TrackPointExtension>
        </extensions>
      </trkpt>
      <trkpt lat="35.56795039214193820953369140625" lon="134.809029065072536468505859375">
        <ele>8.19999980926513671875</ele>
        <time>2026-08-01T08:44:40.000Z</time>
        <extensions>
          <ns3:TrackPointExtension>
            <ns3:atemp>35.0</ns3:atemp>
            <ns3:hr>166</ns3:hr>
            <ns3:cad>83</ns3:cad>
          </ns3:TrackPointExtension>
        </extensions>
      </trkpt>
      <trkpt lat="35.56793865747749805450439453125" lon="134.8090003989636898040771484375">
        <ele>8.19999980926513671875</ele>
        <time>2026-08-01T08:44:41.000Z</time>
        <extensions>
          <ns3:TrackPointExtension>
            <ns3:atemp>35.0</ns3:atemp>
            <ns3:hr>166</ns3:hr>
            <ns3:cad>83</ns3:cad>
          </ns3:TrackPointExtension>
        </extensions>
      </trkpt>
      <trkpt lat="35.5679276771843433380126953125" lon="134.8089692182838916778564453125">
        <ele>8</ele>
        <time>2026-08-01T08:44:42.000Z</time>
        <extensions>
          <ns3:TrackPointExtension>
            <ns3:atemp>35.0</ns3:atemp>
            <ns3:hr>166</ns3:hr>
            <ns3:cad>82</ns3:cad>
          </ns3:TrackPointExtension>
        </extensions>
      </trkpt>
      <trkpt lat="35.5679140985012054443359375" lon="134.80894834734499454498291015625">
        <ele>8</ele>
        <time>2026-08-01T08:44:43.000Z</time>
        <extensions>
          <ns3:TrackPointExtension>
            <ns3:atemp>35.0</ns3:atemp>
            <ns3:hr>166</ns3:hr>
            <ns3:cad>82</ns3:cad>
          </ns3:TrackPointExtension>
        </extensions>
      </trkpt>
      <trkpt lat="35.56789808906614780426025390625" lon="134.80891431681811809539794921875">
        <ele>7.80000019073486328125</ele>
        <time>2026-08-01T08:44:44.000Z</time>
        <extensions>
          <ns3:TrackPointExtension>
            <ns3:atemp>35.0</ns3:atemp>
            <ns3:hr>165</ns3:hr>
            <ns3:cad>82</ns3:cad>
          </ns3:TrackPointExtension>
        </extensions>
      </trkpt>
      <trkpt lat="35.56788316927850246429443359375" lon="134.808893613517284393310546875">
        <ele>7.599999904632568359375</ele>
        <time>2026-08-01T08:44:45.000Z</time>
        <extensions>
          <ns3:TrackPointExtension>
            <ns3:atemp>35.0</ns3:atemp>
            <ns3:hr>165</ns3:hr>
            <ns3:cad>83</ns3:cad>
          </ns3:TrackPointExtension>
        </extensions>
      </trkpt>
      <trkpt lat="35.56786858476698398590087890625" lon="134.80886955745518207550048828125">
        <ele>7.400000095367431640625</ele>
        <time>2026-08-01T08:44:46.000Z</time>
        <extensions>
          <ns3:TrackPointExtension>
            <ns3:atemp>35.0</ns3:atemp>
            <ns3:hr>164</ns3:hr>
            <ns3:cad>83</ns3:cad>
          </ns3:TrackPointExtension>
        </extensions>
      </trkpt>
      <trkpt lat="35.56785643100738525390625" lon="134.808837287127971649169921875">
        <ele>7.19999980926513671875</ele>
        <time>2026-08-01T08:44:47.000Z</time>
        <extensions>
          <ns3:TrackPointExtension>
            <ns3:atemp>35.0</ns3:atemp>
            <ns3:hr>164</ns3:hr>
            <ns3:cad>83</ns3:cad>
          </ns3:TrackPointExtension>
        </extensions>
      </trkpt>
      <trkpt lat="35.5678451992571353912353515625" lon="134.8088210262358188629150390625">
        <ele>7</ele>
        <time>2026-08-01T08:44:48.000Z</time>
        <extensions>
          <ns3:TrackPointExtension>
            <ns3:atemp>35.0</ns3:atemp>
            <ns3:hr>163</ns3:hr>
            <ns3:cad>83</ns3:cad>
          </ns3:TrackPointExtension>
        </extensions>
      </trkpt>
      <trkpt lat="35.56783019565045833587646484375" lon="134.80878992937505245208740234375">
        <ele>7</ele>
        <time>2026-08-01T08:44:49.000Z</time>
        <extensions>
          <ns3:TrackPointExtension>
            <ns3:atemp>35.0</ns3:atemp>
            <ns3:hr>163</ns3:hr>
            <ns3:cad>83</ns3:cad>
          </ns3:TrackPointExtension>
        </extensions>
      </trkpt>
      <trkpt lat="35.567816197872161865234375" lon="134.80876587331295013427734375">
        <ele>6.80000019073486328125</ele>
        <time>2026-08-01T08:44:50.000Z</time>
        <extensions>
          <ns3:TrackPointExtension>
            <ns3:atemp>35.0</ns3:atemp>
            <ns3:hr>163</ns3:hr>
            <ns3:cad>83</ns3:cad>
          </ns3:TrackPointExtension>
        </extensions>
      </trkpt>
      <trkpt lat="35.56780077517032623291015625" lon="134.80874131433665752410888671875">
        <ele>6.599999904632568359375</ele>
        <time>2026-08-01T08:44:51.000Z</time>
        <extensions>
          <ns3:TrackPointExtension>
            <ns3:atemp>35.0</ns3:atemp>
            <ns3:hr>162</ns3:hr>
            <ns3:cad>83</ns3:cad>
          </ns3:TrackPointExtension>
        </extensions>
      </trkpt>
      <trkpt lat="35.56778325699269771575927734375" lon="134.80871097184717655181884765625">
        <ele>6.599999904632568359375</ele>
        <time>2026-08-01T08:44:52.000Z</time>
        <extensions>
          <ns3:TrackPointExtension>
            <ns3:atemp>35.0</ns3:atemp>
            <ns3:hr>162</ns3:hr>
            <ns3:cad>83</ns3:cad>
          </ns3:TrackPointExtension>
        </extensions>
      </trkpt>
      <trkpt lat="35.56777051649987697601318359375" lon="134.8086949624121189117431640625">
        <ele>6.400000095367431640625</ele>
        <time>2026-08-01T08:44:53.000Z</time>
        <extensions>
          <ns3:TrackPointExtension>
            <ns3:atemp>35.0</ns3:atemp>
            <ns3:hr>162</ns3:hr>
            <ns3:cad>83</ns3:cad>
          </ns3:TrackPointExtension>
        </extensions>
      </trkpt>
      <trkpt lat="35.56775811128318309783935546875" lon="134.80867325328290462493896484375">
        <ele>6.19999980926513671875</ele>
        <time>2026-08-01T08:44:54.000Z</time>
        <extensions>
          <ns3:TrackPointExtension>
            <ns3:atemp>35.0</ns3:atemp>
            <ns3:hr>163</ns3:hr>
            <ns3:cad>83</ns3:cad>
          </ns3:TrackPointExtension>
        </extensions>
      </trkpt>
      <trkpt lat="35.56774713099002838134765625" lon="134.80864844284951686859130859375">
        <ele>6</ele>
        <time>2026-08-01T08:44:55.000Z</time>
        <extensions>
          <ns3:TrackPointExtension>
            <ns3:atemp>35.0</ns3:atemp>
            <ns3:hr>163</ns3:hr>
            <ns3:cad>83</ns3:cad>
          </ns3:TrackPointExtension>
        </extensions>
      </trkpt>
      <trkpt lat="35.56773313321173191070556640625" lon="134.808631427586078643798828125">
        <ele>6</ele>
        <time>2026-08-01T08:44:56.000Z</time>
        <extensions>
          <ns3:TrackPointExtension>
            <ns3:atemp>35.0</ns3:atemp>
            <ns3:hr>163</ns3:hr>
            <ns3:cad>83</ns3:cad>
          </ns3:TrackPointExtension>
        </extensions>
      </trkpt>
      <trkpt lat="35.5677147768437862396240234375" lon="134.80860435403883457183837890625">
        <ele>6</ele>
        <time>2026-08-01T08:44:57.000Z</time>
        <extensions>
          <ns3:TrackPointExtension>
            <ns3:atemp>35.0</ns3:atemp>
            <ns3:hr>163</ns3:hr>
            <ns3:cad>83</ns3:cad>
          </ns3:TrackPointExtension>
        </extensions>
      </trkpt>
      <trkpt lat="35.5677003599703311920166015625" lon="134.80858960188925266265869140625">
        <ele>6</ele>
        <time>2026-08-01T08:44:58.000Z</time>
        <extensions>
          <ns3:TrackPointExtension>
            <ns3:atemp>35.0</ns3:atemp>
            <ns3:hr>162</ns3:hr>
            <ns3:cad>82</ns3:cad>
          </ns3:TrackPointExtension>
        </extensions>
      </trkpt>
      <trkpt lat="35.5676822550594806671142578125" lon="134.8085648752748966217041015625">
        <ele>5.80000019073486328125</ele>
        <time>2026-08-01T08:44:59.000Z</time>
        <extensions>
          <ns3:TrackPointExtension>
            <ns3:atemp>35.0</ns3:atemp>
            <ns3:hr>162</ns3:hr>
            <ns3:cad>82</ns3:cad>
          </ns3:TrackPointExtension>
        </extensions>
      </trkpt>
      <trkpt lat="35.56766591034829616546630859375" lon="134.80853855609893798828125">
        <ele>5.80000019073486328125</ele>
        <time>2026-08-01T08:45:00.000Z</time>
        <extensions>
          <ns3:TrackPointExtension>
            <ns3:atemp>35.0</ns3:atemp>
            <ns3:hr>162</ns3:hr>
            <ns3:cad>82</ns3:cad>
          </ns3:TrackPointExtension>
        </extensions>
      </trkpt>
      <trkpt lat="35.5676500685513019561767578125" lon="134.80852941982448101043701171875">
        <ele>5.599999904632568359375</ele>
        <time>2026-08-01T08:45:01.000Z</time>
        <extensions>
          <ns3:TrackPointExtension>
            <ns3:atemp>35.0</ns3:atemp>
            <ns3:hr>162</ns3:hr>
            <ns3:cad>83</ns3:cad>
          </ns3:TrackPointExtension>
        </extensions>
      </trkpt>
      <trkpt lat="35.567631460726261138916015625" lon="134.80850427411496639251708984375">
        <ele>5.400000095367431640625</ele>
        <time>2026-08-01T08:45:02.000Z</time>
        <extensions>
          <ns3:TrackPointExtension>
            <ns3:atemp>35.0</ns3:atemp>
            <ns3:hr>161</ns3:hr>
            <ns3:cad>83</ns3:cad>
          </ns3:TrackPointExtension>
        </extensions>
      </trkpt>
      <trkpt lat="35.56761528365314006805419921875" lon="134.80848482809960842132568359375">
        <ele>5.19999980926513671875</ele>
        <time>2026-08-01T08:45:03.000Z</time>
        <extensions>
          <ns3:TrackPointExtension>
            <ns3:atemp>35.0</ns3:atemp>
            <ns3:hr>161</ns3:hr>
            <ns3:cad>83</ns3:cad>
          </ns3:TrackPointExtension>
        </extensions>
      </trkpt>
      <trkpt lat="35.5675984360277652740478515625" lon="134.8084676451981067657470703125">
        <ele>5.19999980926513671875</ele>
        <time>2026-08-01T08:45:04.000Z</time>
        <extensions>
          <ns3:TrackPointExtension>
            <ns3:atemp>35.0</ns3:atemp>
            <ns3:hr>161</ns3:hr>
            <ns3:cad>83</ns3:cad>
          </ns3:TrackPointExtension>
        </extensions>
      </trkpt>
      <trkpt lat="35.56757924146950244903564453125" lon="134.8084481991827487945556640625">
        <ele>5.19999980926513671875</ele>
        <time>2026-08-01T08:45:05.000Z</time>
        <extensions>
          <ns3:TrackPointExtension>
            <ns3:atemp>35.0</ns3:atemp>
            <ns3:hr>161</ns3:hr>
            <ns3:cad>83</ns3:cad>
          </ns3:TrackPointExtension>
        </extensions>
      </trkpt>
      <trkpt lat="35.5675632320344448089599609375" lon="134.80843721888959407806396484375">
        <ele>5</ele>
        <time>2026-08-01T08:45:06.000Z</time>
        <extensions>
          <ns3:TrackPointExtension>
            <ns3:atemp>35.0</ns3:atemp>
            <ns3:hr>161</ns3:hr>
            <ns3:cad>83</ns3:cad>
          </ns3:TrackPointExtension>
        </extensions>
      </trkpt>
      <trkpt lat="35.56754462420940399169921875" lon="134.8084173537790775299072265625">
        <ele>5</ele>
        <time>2026-08-01T08:45:07.000Z</time>
        <extensions>
          <ns3:TrackPointExtension>
            <ns3:atemp>35.0</ns3:atemp>
            <ns3:hr>161</ns3:hr>
            <ns3:cad>83</ns3:cad>
          </ns3:TrackPointExtension>
        </extensions>
      </trkpt>
      <trkpt lat="35.5675293691456317901611328125" lon="134.80839950032532215118408203125">
        <ele>5</ele>
        <time>2026-08-01T08:45:08.000Z</time>
        <extensions>
          <ns3:TrackPointExtension>
            <ns3:atemp>35.0</ns3:atemp>
            <ns3:hr>160</ns3:hr>
            <ns3:cad>83</ns3:cad>
          </ns3:TrackPointExtension>
        </extensions>
      </trkpt>
      <trkpt lat="35.56751285679638385772705078125" lon="134.80838927440345287322998046875">
        <ele>4.80000019073486328125</ele>
        <time>2026-08-01T08:45:09.000Z</time>
        <extensions>
          <ns3:TrackPointExtension>
            <ns3:atemp>35.0</ns3:atemp>
            <ns3:hr>160</ns3:hr>
            <ns3:cad>83</ns3:cad>
          </ns3:TrackPointExtension>
        </extensions>
      </trkpt>
      <trkpt lat="35.56748704053461551666259765625" lon="134.80837049894034862518310546875">
        <ele>4.80000019073486328125</ele>
        <time>2026-08-01T08:45:10.000Z</time>
        <extensions>
          <ns3:TrackPointExtension>
            <ns3:atemp>35.0</ns3:atemp>
            <ns3:hr>159</ns3:hr>
            <ns3:cad>83</ns3:cad>
          </ns3:TrackPointExtension>
        </extensions>
      </trkpt>
      <trkpt lat="35.567470528185367584228515625" lon="134.808357171714305877685546875">
        <ele>4.599999904632568359375</ele>
        <time>2026-08-01T08:45:11.000Z</time>
        <extensions>
          <ns3:TrackPointExtension>
            <ns3:atemp>35.0</ns3:atemp>
            <ns3:hr>159</ns3:hr>
            <ns3:cad>83</ns3:cad>
          </ns3:TrackPointExtension>
        </extensions>
      </trkpt>
      <trkpt lat="35.56744563393294811248779296875" lon="134.808333031833171844482421875">
        <ele>4.599999904632568359375</ele>
        <time>2026-08-01T08:45:12.000Z</time>
        <extensions>
          <ns3:TrackPointExtension>
            <ns3:atemp>35.0</ns3:atemp>
            <ns3:hr>159</ns3:hr>
            <ns3:cad>82</ns3:cad>
          </ns3:TrackPointExtension>
        </extensions>
      </trkpt>
      <trkpt lat="35.56742434389889240264892578125" lon="134.80831651948392391204833984375">
        <ele>4.400000095367431640625</ele>
        <time>2026-08-01T08:45:13.000Z</time>
        <extensions>
          <ns3:TrackPointExtension>
            <ns3:atemp>35.0</ns3:atemp>
            <ns3:hr>159</ns3:hr>
            <ns3:cad>82</ns3:cad>
          </ns3:TrackPointExtension>
        </extensions>
      </trkpt>
      <trkpt lat="35.56740674190223217010498046875" lon="134.80830545537173748016357421875">
        <ele>4.400000095367431640625</ele>
        <time>2026-08-01T08:45:14.000Z</time>
        <extensions>
          <ns3:TrackPointExtension>
            <ns3:atemp>35.0</ns3:atemp>
            <ns3:hr>159</ns3:hr>
            <ns3:cad>82</ns3:cad>
          </ns3:TrackPointExtension>
        </extensions>
      </trkpt>
      <trkpt lat="35.567381344735622406005859375" lon="134.80828131549060344696044921875">
        <ele>4.400000095367431640625</ele>
        <time>2026-08-01T08:45:15.000Z</time>
        <extensions>
          <ns3:TrackPointExtension>
            <ns3:atemp>35.0</ns3:atemp>
            <ns3:hr>160</ns3:hr>
            <ns3:cad>83</ns3:cad>
          </ns3:TrackPointExtension>
        </extensions>
      </trkpt>
      <trkpt lat="35.56736650876700878143310546875" lon="134.80827611871063709259033203125">
        <ele>4.400000095367431640625</ele>
        <time>2026-08-01T08:45:16.000Z</time>
        <extensions>
          <ns3:TrackPointExtension>
            <ns3:atemp>35.0</ns3:atemp>
            <ns3:hr>159</ns3:hr>
            <ns3:cad>83</ns3:cad>
          </ns3:TrackPointExtension>
        </extensions>
      </trkpt>
      <trkpt lat="35.567340441048145294189453125" lon="134.80826740153133869171142578125">
        <ele>4.19999980926513671875</ele>
        <time>2026-08-01T08:45:17.000Z</time>
        <extensions>
          <ns3:TrackPointExtension>
            <ns3:atemp>35.0</ns3:atemp>
            <ns3:hr>159</ns3:hr>
            <ns3:cad>83</ns3:cad>
          </ns3:TrackPointExtension>
        </extensions>
      </trkpt>
      <trkpt lat="35.56731705553829669952392578125" lon="134.80824686586856842041015625">
        <ele>4.19999980926513671875</ele>
        <time>2026-08-01T08:45:18.000Z</time>
        <extensions>
          <ns3:TrackPointExtension>
            <ns3:atemp>35.0</ns3:atemp>
            <ns3:hr>159</ns3:hr>
            <ns3:cad>83</ns3:cad>
          </ns3:TrackPointExtension>
        </extensions>
      </trkpt>
      <trkpt lat="35.5673003755509853363037109375" lon="134.80823957361280918121337890625">
        <ele>4</ele>
        <time>2026-08-01T08:45:19.000Z</time>
        <extensions>
          <ns3:TrackPointExtension>
            <ns3:atemp>35.0</ns3:atemp>
            <ns3:hr>159</ns3:hr>
            <ns3:cad>83</ns3:cad>
          </ns3:TrackPointExtension>
        </extensions>
      </trkpt>
      <trkpt lat="35.56728000752627849578857421875" lon="134.808219708502292633056640625">
        <ele>3.7999999523162841796875</ele>
        <time>2026-08-01T08:45:20.000Z</time>
        <extensions>
          <ns3:TrackPointExtension>
            <ns3:atemp>35.0</ns3:atemp>
            <ns3:hr>159</ns3:hr>
            <ns3:cad>83</ns3:cad>
          </ns3:TrackPointExtension>
        </extensions>
      </trkpt>
      <trkpt lat="35.56726299226284027099609375" lon="134.808205626904964447021484375">
        <ele>3.7999999523162841796875</ele>
        <time>2026-08-01T08:45:21.000Z</time>
        <extensions>
          <ns3:TrackPointExtension>
            <ns3:atemp>35.0</ns3:atemp>
            <ns3:hr>158</ns3:hr>
            <ns3:cad>82</ns3:cad>
          </ns3:TrackPointExtension>
        </extensions>
      </trkpt>
      <trkpt lat="35.567243210971355438232421875" lon="134.8081992566585540771484375">
        <ele>3.7999999523162841796875</ele>
        <time>2026-08-01T08:45:22.000Z</time>
        <extensions>
          <ns3:TrackPointExtension>
            <ns3:atemp>35.0</ns3:atemp>
            <ns3:hr>158</ns3:hr>
            <ns3:cad>82</ns3:cad>
          </ns3:TrackPointExtension>
        </extensions>
      </trkpt>
      <trkpt lat="35.56721798144280910491943359375" lon="134.8081866838037967681884765625">
        <ele>3.599999904632568359375</ele>
        <time>2026-08-01T08:45:23.000Z</time>
        <extensions>
          <ns3:TrackPointExtension>
            <ns3:atemp>35.0</ns3:atemp>
            <ns3:hr>158</ns3:hr>
            <ns3:cad>82</ns3:cad>
          </ns3:TrackPointExtension>
        </extensions>
      </trkpt>
      <trkpt lat="35.567198283970355987548828125" lon="134.8081776313483715057373046875">
        <ele>3.599999904632568359375</ele>
        <time>2026-08-01T08:45:24.000Z</time>
        <extensions>
          <ns3:TrackPointExtension>
            <ns3:atemp>35.0</ns3:atemp>
            <ns3:hr>158</ns3:hr>
            <ns3:cad>83</ns3:cad>
          </ns3:TrackPointExtension>
        </extensions>
      </trkpt>
      <trkpt lat="35.5671743117272853851318359375" lon="134.80816598050296306610107421875">
        <ele>3.599999904632568359375</ele>
        <time>2026-08-01T08:45:25.000Z</time>
        <extensions>
          <ns3:TrackPointExtension>
            <ns3:atemp>35.0</ns3:atemp>
            <ns3:hr>157</ns3:hr>
            <ns3:cad>83</ns3:cad>
          </ns3:TrackPointExtension>
        </extensions>
      </trkpt>
      <trkpt lat="35.56714857928454875946044921875" lon="134.8081514798104763031005859375">
        <ele>3.400000095367431640625</ele>
        <time>2026-08-01T08:45:26.000Z</time>
        <extensions>
          <ns3:TrackPointExtension>
            <ns3:atemp>35.0</ns3:atemp>
            <ns3:hr>157</ns3:hr>
            <ns3:cad>83</ns3:cad>
          </ns3:TrackPointExtension>
        </extensions>
      </trkpt>
      <trkpt lat="35.56712795980274677276611328125" lon="134.80815022252500057220458984375">
        <ele>3.400000095367431640625</ele>
        <time>2026-08-01T08:45:27.000Z</time>
        <extensions>
          <ns3:TrackPointExtension>
            <ns3:atemp>35.0</ns3:atemp>
            <ns3:hr>158</ns3:hr>
            <ns3:cad>82</ns3:cad>
          </ns3:TrackPointExtension>
        </extensions>
      </trkpt>
      <trkpt lat="35.567101053893566131591796875" lon="134.80813421308994293212890625">
        <ele>3.400000095367431640625</ele>
        <time>2026-08-01T08:45:28.000Z</time>
        <extensions>
          <ns3:TrackPointExtension>
            <ns3:atemp>35.0</ns3:atemp>
            <ns3:hr>158</ns3:hr>
            <ns3:cad>82</ns3:cad>
          </ns3:TrackPointExtension>
        </extensions>
      </trkpt>
      <trkpt lat="35.56707884185016155242919921875" lon="134.80813211761415004730224609375">
        <ele>3.400000095367431640625</ele>
        <time>2026-08-01T08:45:29.000Z</time>
        <extensions>
          <ns3:TrackPointExtension>
            <ns3:atemp>35.0</ns3:atemp>
            <ns3:hr>158</ns3:hr>
            <ns3:cad>82</ns3:cad>
          </ns3:TrackPointExtension>
        </extensions>
      </trkpt>
      <trkpt lat="35.5670495890080928802490234375" lon="134.808115102350711822509765625">
        <ele>3.400000095367431640625</ele>
        <time>2026-08-01T08:45:30.000Z</time>
        <extensions>
          <ns3:TrackPointExtension>
            <ns3:atemp>35.0</ns3:atemp>
            <ns3:hr>158</ns3:hr>
            <ns3:cad>83</ns3:cad>
          </ns3:TrackPointExtension>
        </extensions>
      </trkpt>
      <trkpt lat="35.567025952041149139404296875" lon="134.80810563080012798309326171875">
        <ele>3.400000095367431640625</ele>
        <time>2026-08-01T08:45:31.000Z</time>
        <extensions>
          <ns3:TrackPointExtension>
            <ns3:atemp>35.0</ns3:atemp>
            <ns3:hr>157</ns3:hr>
            <ns3:cad>83</ns3:cad>
          </ns3:TrackPointExtension>
        </extensions>
      </trkpt>
      <trkpt lat="35.56700541637837886810302734375" lon="134.80810412205755710601806640625">
        <ele>3.400000095367431640625</ele>
        <time>2026-08-01T08:45:32.000Z</time>
        <extensions>
          <ns3:TrackPointExtension>
            <ns3:atemp>35.0</ns3:atemp>
            <ns3:hr>158</ns3:hr>
            <ns3:cad>83</ns3:cad>
          </ns3:TrackPointExtension>
        </extensions>
      </trkpt>
      <trkpt lat="35.566980354487895965576171875" lon="134.80809657834470272064208984375">
        <ele>3.400000095367431640625</ele>
        <time>2026-08-01T08:45:33.000Z</time>
        <extensions>
          <ns3:TrackPointExtension>
            <ns3:atemp>35.0</ns3:atemp>
            <ns3:hr>157</ns3:hr>
            <ns3:cad>83</ns3:cad>
          </ns3:TrackPointExtension>
        </extensions>
      </trkpt>
      <trkpt lat="35.5669580586254596710205078125" lon="134.80809205211699008941650390625">
        <ele>3.2000000476837158203125</ele>
        <time>2026-08-01T08:45:34.000Z</time>
        <extensions>
          <ns3:TrackPointExtension>
            <ns3:atemp>35.0</ns3:atemp>
            <ns3:hr>157</ns3:hr>
            <ns3:cad>83</ns3:cad>
          </ns3:TrackPointExtension>
        </extensions>
      </trkpt>
      <trkpt lat="35.5669350922107696533203125" lon="134.80808769352734088897705078125">
        <ele>3.400000095367431640625</ele>
        <time>2026-08-01T08:45:35.000Z</time>
        <extensions>
          <ns3:TrackPointExtension>
            <ns3:atemp>35.0</ns3:atemp>
            <ns3:hr>157</ns3:hr>
            <ns3:cad>83</ns3:cad>
          </ns3:TrackPointExtension>
        </extensions>
      </trkpt>
      <trkpt lat="35.56690952740609645843505859375" lon="134.80807964690029621124267578125">
        <ele>3.2000000476837158203125</ele>
        <time>2026-08-01T08:45:36.000Z</time>
        <extensions>
          <ns3:TrackPointExtension>
            <ns3:atemp>35.0</ns3:atemp>
            <ns3:hr>157</ns3:hr>
            <ns3:cad>83</ns3:cad>
          </ns3:TrackPointExtension>
        </extensions>
      </trkpt>
      <trkpt lat="35.56689242832362651824951171875" lon="134.80807528831064701080322265625">
        <ele>3.2000000476837158203125</ele>
        <time>2026-08-01T08:45:37.000Z</time>
        <extensions>
          <ns3:TrackPointExtension>
            <ns3:atemp>35.0</ns3:atemp>
            <ns3:hr>157</ns3:hr>
            <ns3:cad>83</ns3:cad>
          </ns3:TrackPointExtension>
        </extensions>
      </trkpt>
      <trkpt lat="35.56686895899474620819091796875" lon="134.8080700077116489410400390625">
        <ele>3.2000000476837158203125</ele>
        <time>2026-08-01T08:45:38.000Z</time>
        <extensions>
          <ns3:TrackPointExtension>
            <ns3:atemp>35.0</ns3:atemp>
            <ns3:hr>157</ns3:hr>
            <ns3:cad>83</ns3:cad>
          </ns3:TrackPointExtension>
        </extensions>
      </trkpt>
      <trkpt lat="35.56684456765651702880859375" lon="134.80806271545588970184326171875">
        <ele>3.2000000476837158203125</ele>
        <time>2026-08-01T08:45:39.000Z</time>
        <extensions>
          <ns3:TrackPointExtension>
            <ns3:atemp>35.0</ns3:atemp>
            <ns3:hr>157</ns3:hr>
            <ns3:cad>83</ns3:cad>
          </ns3:TrackPointExtension>
        </extensions>
      </trkpt>
      <trkpt lat="35.56682537309825420379638671875" lon="134.8080629669129848480224609375">
        <ele>3</ele>
        <time>2026-08-01T08:45:40.000Z</time>
        <extensions>
          <ns3:TrackPointExtension>
            <ns3:atemp>35.0</ns3:atemp>
            <ns3:hr>157</ns3:hr>
            <ns3:cad>83</ns3:cad>
          </ns3:TrackPointExtension>
        </extensions>
      </trkpt>
      <trkpt lat="35.5667964555323123931884765625" lon="134.80805785395205020904541015625">
        <ele>3</ele>
        <time>2026-08-01T08:45:41.000Z</time>
        <extensions>
          <ns3:TrackPointExtension>
            <ns3:atemp>35.0</ns3:atemp>
            <ns3:hr>157</ns3:hr>
            <ns3:cad>83</ns3:cad>
          </ns3:TrackPointExtension>
        </extensions>
      </trkpt>
      <trkpt lat="35.5667763389647006988525390625" lon="134.80806120671331882476806640625">
        <ele>3</ele>
        <time>2026-08-01T08:45:42.000Z</time>
        <extensions>
          <ns3:TrackPointExtension>
            <ns3:atemp>34.0</ns3:atemp>
            <ns3:hr>156</ns3:hr>
            <ns3:cad>83</ns3:cad>
          </ns3:TrackPointExtension>
        </extensions>
      </trkpt>
      <trkpt lat="35.5667505227029323577880859375" lon="134.8080653138458728790283203125">
        <ele>3</ele>
        <time>2026-08-01T08:45:43.000Z</time>
        <extensions>
          <ns3:TrackPointExtension>
            <ns3:atemp>35.0</ns3:atemp>
            <ns3:hr>156</ns3:hr>
            <ns3:cad>83</ns3:cad>
          </ns3:TrackPointExtension>
        </extensions>
      </trkpt>
      <trkpt lat="35.56671984493732452392578125" lon="134.8080599494278430938720703125">
        <ele>3.2000000476837158203125</ele>
        <time>2026-08-01T08:45:44.000Z</time>
        <extensions>
          <ns3:TrackPointExtension>
            <ns3:atemp>34.0</ns3:atemp>
            <ns3:hr>156</ns3:hr>
            <ns3:cad>83</ns3:cad>
          </ns3:TrackPointExtension>
        </extensions>
      </trkpt>
      <trkpt lat="35.5667015723884105682373046875" lon="134.80806447565555572509765625">
        <ele>3.2000000476837158203125</ele>
        <time>2026-08-01T08:45:45.000Z</time>
        <extensions>
          <ns3:TrackPointExtension>
            <ns3:atemp>35.0</ns3:atemp>
            <ns3:hr>156</ns3:hr>
            <ns3:cad>82</ns3:cad>
          </ns3:TrackPointExtension>
        </extensions>
      </trkpt>
      <trkpt lat="35.566676594316959381103515625" lon="134.80806313455104827880859375">
        <ele>3.2000000476837158203125</ele>
        <time>2026-08-01T08:45:46.000Z</time>
        <extensions>
          <ns3:TrackPointExtension>
            <ns3:atemp>35.0</ns3:atemp>
            <ns3:hr>156</ns3:hr>
            <ns3:cad>82</ns3:cad>
          </ns3:TrackPointExtension>
        </extensions>
      </trkpt>
      <trkpt lat="35.5666516162455081939697265625" lon="134.80806204490363597869873046875">
        <ele>3.2000000476837158203125</ele>
        <time>2026-08-01T08:45:47.000Z</time>
        <extensions>
          <ns3:TrackPointExtension>
            <ns3:atemp>35.0</ns3:atemp>
            <ns3:hr>156</ns3:hr>
            <ns3:cad>82</ns3:cad>
          </ns3:TrackPointExtension>
        </extensions>
      </trkpt>
      <trkpt lat="35.56662999093532562255859375" lon="134.80806556530296802520751953125">
        <ele>3.2000000476837158203125</ele>
        <time>2026-08-01T08:45:48.000Z</time>
        <extensions>
          <ns3:TrackPointExtension>
            <ns3:atemp>35.0</ns3:atemp>
            <ns3:hr>156</ns3:hr>
            <ns3:cad>82</ns3:cad>
          </ns3:TrackPointExtension>
        </extensions>
      </trkpt>
      <trkpt lat="35.56659939698874950408935546875" lon="134.80806271545588970184326171875">
        <ele>3.2000000476837158203125</ele>
        <time>2026-08-01T08:45:49.000Z</time>
        <extensions>
          <ns3:TrackPointExtension>
            <ns3:atemp>34.0</ns3:atemp>
            <ns3:hr>156</ns3:hr>
            <ns3:cad>82</ns3:cad>
          </ns3:TrackPointExtension>
        </extensions>
      </trkpt>
      <trkpt lat="35.566577017307281494140625" lon="134.80806372128427028656005859375">
        <ele>3.2000000476837158203125</ele>
        <time>2026-08-01T08:45:50.000Z</time>
        <extensions>
          <ns3:TrackPointExtension>
            <ns3:atemp>35.0</ns3:atemp>
            <ns3:hr>156</ns3:hr>
            <ns3:cad>83</ns3:cad>
          </ns3:TrackPointExtension>
        </extensions>
      </trkpt>
      <trkpt lat="35.56655078195035457611083984375" lon="134.8080646432936191558837890625">
        <ele>3.2000000476837158203125</ele>
        <time>2026-08-01T08:45:51.000Z</time>
        <extensions>
          <ns3:TrackPointExtension>
            <ns3:atemp>35.0</ns3:atemp>
            <ns3:hr>156</ns3:hr>
            <ns3:cad>83</ns3:cad>
          </ns3:TrackPointExtension>
        </extensions>
      </trkpt>
      <trkpt lat="35.56652328930795192718505859375" lon="134.808060787618160247802734375">
        <ele>3.400000095367431640625</ele>
        <time>2026-08-01T08:45:52.000Z</time>
        <extensions>
          <ns3:TrackPointExtension>
            <ns3:atemp>35.0</ns3:atemp>
            <ns3:hr>156</ns3:hr>
            <ns3:cad>83</ns3:cad>
          </ns3:TrackPointExtension>
        </extensions>
      </trkpt>
      <trkpt lat="35.56650032289326190948486328125" lon="134.80806288309395313262939453125">
        <ele>3.400000095367431640625</ele>
        <time>2026-08-01T08:45:53.000Z</time>
        <extensions>
          <ns3:TrackPointExtension>
            <ns3:atemp>35.0</ns3:atemp>
            <ns3:hr>157</ns3:hr>
            <ns3:cad>82</ns3:cad>
          </ns3:TrackPointExtension>
        </extensions>
      </trkpt>
      <trkpt lat="35.56647668592631816864013671875" lon="134.80805668048560619354248046875">
        <ele>3.400000095367431640625</ele>
        <time>2026-08-01T08:45:54.000Z</time>
        <extensions>
          <ns3:TrackPointExtension>
            <ns3:atemp>35.0</ns3:atemp>
            <ns3:hr>156</ns3:hr>
            <ns3:cad>82</ns3:cad>
          </ns3:TrackPointExtension>
        </extensions>
      </trkpt>
      <trkpt lat="35.56645589880645275115966796875" lon="134.80805240571498870849609375">
        <ele>3.400000095367431640625</ele>
        <time>2026-08-01T08:45:55.000Z</time>
        <extensions>
          <ns3:TrackPointExtension>
            <ns3:atemp>34.0</ns3:atemp>
            <ns3:hr>156</ns3:hr>
            <ns3:cad>82</ns3:cad>
          </ns3:TrackPointExtension>
        </extensions>
      </trkpt>
      <trkpt lat="35.5664348602294921875" lon="134.8080565966665744781494140625">
        <ele>3.400000095367431640625</ele>
        <time>2026-08-01T08:45:56.000Z</time>
        <extensions>
          <ns3:TrackPointExtension>
            <ns3:atemp>34.0</ns3:atemp>
            <ns3:hr>156</ns3:hr>
            <ns3:cad>82</ns3:cad>
          </ns3:TrackPointExtension>
        </extensions>
      </trkpt>
      <trkpt lat="35.566405020654201507568359375" lon="134.80805584229528903961181640625">
        <ele>3.400000095367431640625</ele>
        <time>2026-08-01T08:45:57.000Z</time>
        <extensions>
          <ns3:TrackPointExtension>
            <ns3:atemp>34.0</ns3:atemp>
            <ns3:hr>156</ns3:hr>
            <ns3:cad>82</ns3:cad>
          </ns3:TrackPointExtension>
        </extensions>
      </trkpt>
      <trkpt lat="35.56638331152498722076416015625" lon="134.8080582730472087860107421875">
        <ele>3.400000095367431640625</ele>
        <time>2026-08-01T08:45:58.000Z</time>
        <extensions>
          <ns3:TrackPointExtension>
            <ns3:atemp>34.0</ns3:atemp>
            <ns3:hr>156</ns3:hr>
            <ns3:cad>83</ns3:cad>
          </ns3:TrackPointExtension>
        </extensions>
      </trkpt>
      <trkpt lat="35.566358752548694610595703125" lon="134.808057434856891632080078125">
        <ele>3.400000095367431640625</ele>
        <time>2026-08-01T08:45:59.000Z</time>
        <extensions>
          <ns3:TrackPointExtension>
            <ns3:atemp>35.0</ns3:atemp>
            <ns3:hr>156</ns3:hr>
            <ns3:cad>83</ns3:cad>
          </ns3:TrackPointExtension>
        </extensions>
      </trkpt>
      <trkpt lat="35.566331259906291961669921875" lon="134.80805106461048126220703125">
        <ele>3.400000095367431640625</ele>
        <time>2026-08-01T08:46:00.000Z</time>
        <extensions>
          <ns3:TrackPointExtension>
            <ns3:atemp>35.0</ns3:atemp>
            <ns3:hr>156</ns3:hr>
            <ns3:cad>82</ns3:cad>
          </ns3:TrackPointExtension>
        </extensions>
      </trkpt>
      <trkpt lat="35.5663089640438556671142578125" lon="134.80805567465722560882568359375">
        <ele>3.400000095367431640625</ele>
        <time>2026-08-01T08:46:01.000Z</time>
        <extensions>
          <ns3:TrackPointExtension>
            <ns3:atemp>35.0</ns3:atemp>
            <ns3:hr>156</ns3:hr>
            <ns3:cad>82</ns3:cad>
          </ns3:TrackPointExtension>
        </extensions>
      </trkpt>
      <trkpt lat="35.56628289632499217987060546875" lon="134.808053076267242431640625">
        <ele>3.400000095367431640625</ele>
        <time>2026-08-01T08:46:02.000Z</time>
        <extensions>
          <ns3:TrackPointExtension>
            <ns3:atemp>35.0</ns3:atemp>
            <ns3:hr>156</ns3:hr>
            <ns3:cad>82</ns3:cad>
          </ns3:TrackPointExtension>
        </extensions>
      </trkpt>
      <trkpt lat="35.56625984609127044677734375" lon="134.8080545850098133087158203125">
        <ele>3.400000095367431640625</ele>
        <time>2026-08-01T08:46:03.000Z</time>
        <extensions>
          <ns3:TrackPointExtension>
            <ns3:atemp>35.0</ns3:atemp>
            <ns3:hr>156</ns3:hr>
            <ns3:cad>83</ns3:cad>
          </ns3:TrackPointExtension>
        </extensions>
      </trkpt>
      <trkpt lat="35.5662395618855953216552734375" lon="134.80805735103785991668701171875">
        <ele>3.400000095367431640625</ele>
        <time>2026-08-01T08:46:04.000Z</time>
        <extensions>
          <ns3:TrackPointExtension>
            <ns3:atemp>34.0</ns3:atemp>
            <ns3:hr>156</ns3:hr>
            <ns3:cad>83</ns3:cad>
          </ns3:TrackPointExtension>
        </extensions>
      </trkpt>
      <trkpt lat="35.566211231052875518798828125" lon="134.80806036852300167083740234375">
        <ele>3.400000095367431640625</ele>
        <time>2026-08-01T08:46:05.000Z</time>
        <extensions>
          <ns3:TrackPointExtension>
            <ns3:atemp>35.0</ns3:atemp>
            <ns3:hr>156</ns3:hr>
            <ns3:cad>83</ns3:cad>
          </ns3:TrackPointExtension>
        </extensions>
      </trkpt>
      <trkpt lat="35.5661942996084690093994140625" lon="134.8080651462078094482421875">
        <ele>3.400000095367431640625</ele>
        <time>2026-08-01T08:46:06.000Z</time>
        <extensions>
          <ns3:TrackPointExtension>
            <ns3:atemp>34.0</ns3:atemp>
            <ns3:hr>156</ns3:hr>
            <ns3:cad>83</ns3:cad>
          </ns3:TrackPointExtension>
        </extensions>
      </trkpt>
      <trkpt lat="35.566169656813144683837890625" lon="134.80806439183652400970458984375">
        <ele>3.2000000476837158203125</ele>
        <time>2026-08-01T08:46:07.000Z</time>
        <extensions>
          <ns3:TrackPointExtension>
            <ns3:atemp>35.0</ns3:atemp>
            <ns3:hr>156</ns3:hr>
            <ns3:cad>83</ns3:cad>
          </ns3:TrackPointExtension>
        </extensions>
      </trkpt>
      <trkpt lat="35.56614710949361324310302734375" lon="134.808065481483936309814453125">
        <ele>3.2000000476837158203125</ele>
        <time>2026-08-01T08:46:08.000Z</time>
        <extensions>
          <ns3:TrackPointExtension>
            <ns3:atemp>35.0</ns3:atemp>
            <ns3:hr>157</ns3:hr>
            <ns3:cad>83</ns3:cad>
          </ns3:TrackPointExtension>
        </extensions>
      </trkpt>
      <trkpt lat="35.56612565182149410247802734375" lon="134.80806849896907806396484375">
        <ele>3.2000000476837158203125</ele>
        <time>2026-08-01T08:46:09.000Z</time>
        <extensions>
          <ns3:TrackPointExtension>
            <ns3:atemp>34.0</ns3:atemp>
            <ns3:hr>156</ns3:hr>
            <ns3:cad>83</ns3:cad>
          </ns3:TrackPointExtension>
        </extensions>
      </trkpt>
      <trkpt lat="35.56609329767525196075439453125" lon="134.80806715786457061767578125">
        <ele>3.400000095367431640625</ele>
        <time>2026-08-01T08:46:10.000Z</time>
        <extensions>
          <ns3:TrackPointExtension>
            <ns3:atemp>35.0</ns3:atemp>
            <ns3:hr>156</ns3:hr>
            <ns3:cad>83</ns3:cad>
          </ns3:TrackPointExtension>
        </extensions>
      </trkpt>
      <trkpt lat="35.56607485748827457427978515625" lon="134.80807512067258358001708984375">
        <ele>3.400000095367431640625</ele>
        <time>2026-08-01T08:46:11.000Z</time>
        <extensions>
          <ns3:TrackPointExtension>
            <ns3:atemp>34.0</ns3:atemp>
            <ns3:hr>157</ns3:hr>
            <ns3:cad>83</ns3:cad>
          </ns3:TrackPointExtension>
        </extensions>
      </trkpt>
      <trkpt lat="35.566049627959728240966796875" lon="134.80808082036674022674560546875">
        <ele>3.400000095367431640625</ele>
        <time>2026-08-01T08:46:12.000Z</time>
        <extensions>
          <ns3:TrackPointExtension>
            <ns3:atemp>34.0</ns3:atemp>
            <ns3:hr>157</ns3:hr>
            <ns3:cad>83</ns3:cad>
          </ns3:TrackPointExtension>
        </extensions>
      </trkpt>
      <trkpt lat="35.56601987220346927642822265625" lon="134.8080767132341861724853515625">
        <ele>3.400000095367431640625</ele>
        <time>2026-08-01T08:46:13.000Z</time>
        <extensions>
          <ns3:TrackPointExtension>
            <ns3:atemp>35.0</ns3:atemp>
            <ns3:hr>157</ns3:hr>
            <ns3:cad>83</ns3:cad>
          </ns3:TrackPointExtension>
        </extensions>
      </trkpt>
      <trkpt lat="35.56600076146423816680908203125" lon="134.80807981453835964202880859375">
        <ele>3.400000095367431640625</ele>
        <time>2026-08-01T08:46:14.000Z</time>
        <extensions>
          <ns3:TrackPointExtension>
            <ns3:atemp>34.0</ns3:atemp>
            <ns3:hr>158</ns3:hr>
            <ns3:cad>83</ns3:cad>
          </ns3:TrackPointExtension>
        </extensions>
      </trkpt>
      <trkpt lat="35.56597075425088405609130859375" lon="134.80807595886290073394775390625">
        <ele>3.400000095367431640625</ele>
        <time>2026-08-01T08:46:15.000Z</time>
        <extensions>
          <ns3:TrackPointExtension>
            <ns3:atemp>34.0</ns3:atemp>
            <ns3:hr>158</ns3:hr>
            <ns3:cad>83</ns3:cad>
          </ns3:TrackPointExtension>
        </extensions>
      </trkpt>
      <trkpt lat="35.56595214642584323883056640625" lon="134.8080733604729175567626953125">
        <ele>3.400000095367431640625</ele>
        <time>2026-08-01T08:46:16.000Z</time>
        <extensions>
          <ns3:TrackPointExtension>
            <ns3:atemp>34.0</ns3:atemp>
            <ns3:hr>158</ns3:hr>
            <ns3:cad>83</ns3:cad>
          </ns3:TrackPointExtension>
        </extensions>
      </trkpt>
      <trkpt lat="35.56592867709696292877197265625" lon="134.80807545594871044158935546875">
        <ele>3.400000095367431640625</ele>
        <time>2026-08-01T08:46:17.000Z</time>
        <extensions>
          <ns3:TrackPointExtension>
            <ns3:atemp>34.0</ns3:atemp>
            <ns3:hr>157</ns3:hr>
            <ns3:cad>83</ns3:cad>
          </ns3:TrackPointExtension>
        </extensions>
      </trkpt>
      <trkpt lat="35.56589682586491107940673828125" lon="134.80807344429194927215576171875">
        <ele>3.400000095367431640625</ele>
        <time>2026-08-01T08:46:18.000Z</time>
        <extensions>
          <ns3:TrackPointExtension>
            <ns3:atemp>35.0</ns3:atemp>
            <ns3:hr>158</ns3:hr>
            <ns3:cad>83</ns3:cad>
          </ns3:TrackPointExtension>
        </extensions>
      </trkpt>
      <trkpt lat="35.56587872095406055450439453125" lon="134.808074533939361572265625">
        <ele>3.400000095367431640625</ele>
        <time>2026-08-01T08:46:19.000Z</time>
        <extensions>
          <ns3:TrackPointExtension>
            <ns3:atemp>34.0</ns3:atemp>
            <ns3:hr>158</ns3:hr>
            <ns3:cad>82</ns3:cad>
          </ns3:TrackPointExtension>
        </extensions>
      </trkpt>
      <trkpt lat="35.56585005484521389007568359375" lon="134.8080705106258392333984375">
        <ele>3.400000095367431640625</ele>
        <time>2026-08-01T08:46:20.000Z</time>
        <extensions>
          <ns3:TrackPointExtension>
            <ns3:atemp>34.0</ns3:atemp>
            <ns3:hr>159</ns3:hr>
            <ns3:cad>82</ns3:cad>
          </ns3:TrackPointExtension>
        </extensions>
      </trkpt>
      <trkpt lat="35.56582666933536529541015625" lon="134.80806724168360233306884765625">
        <ele>3.400000095367431640625</ele>
        <time>2026-08-01T08:46:21.000Z</time>
        <extensions>
          <ns3:TrackPointExtension>
            <ns3:atemp>34.0</ns3:atemp>
            <ns3:hr>159</ns3:hr>
            <ns3:cad>82</ns3:cad>
          </ns3:TrackPointExtension>
        </extensions>
      </trkpt>
      <trkpt lat="35.5658037029206752777099609375" lon="134.808068163692951202392578125">
        <ele>3.599999904632568359375</ele>
        <time>2026-08-01T08:46:22.000Z</time>
        <extensions>
          <ns3:TrackPointExtension>
            <ns3:atemp>34.0</ns3:atemp>
            <ns3:hr>159</ns3:hr>
            <ns3:cad>82</ns3:cad>
          </ns3:TrackPointExtension>
        </extensions>
      </trkpt>
      <trkpt lat="35.56577394716441631317138671875" lon="134.80806523002684116363525390625">
        <ele>3.599999904632568359375</ele>
        <time>2026-08-01T08:46:23.000Z</time>
        <extensions>
          <ns3:TrackPointExtension>
            <ns3:atemp>34.0</ns3:atemp>
            <ns3:hr>160</ns3:hr>
            <ns3:cad>82</ns3:cad>
          </ns3:TrackPointExtension>
        </extensions>
      </trkpt>
      <trkpt lat="35.56575383059680461883544921875" lon="134.80806447565555572509765625">
        <ele>3.599999904632568359375</ele>
        <time>2026-08-01T08:46:24.000Z</time>
        <extensions>
          <ns3:TrackPointExtension>
            <ns3:atemp>34.0</ns3:atemp>
            <ns3:hr>160</ns3:hr>
            <ns3:cad>82</ns3:cad>
          </ns3:TrackPointExtension>
        </extensions>
      </trkpt>
      <trkpt lat="35.5657289363443851470947265625" lon="134.80806388892233371734619140625">
        <ele>3.599999904632568359375</ele>
        <time>2026-08-01T08:46:25.000Z</time>
        <extensions>
          <ns3:TrackPointExtension>
            <ns3:atemp>34.0</ns3:atemp>
            <ns3:hr>160</ns3:hr>
            <ns3:cad>82</ns3:cad>
          </ns3:TrackPointExtension>
        </extensions>
      </trkpt>
      <trkpt lat="35.56570001877844333648681640625" lon="134.8080616258084774017333984375">
        <ele>3.400000095367431640625</ele>
        <time>2026-08-01T08:46:26.000Z</time>
        <extensions>
          <ns3:TrackPointExtension>
            <ns3:atemp>34.0</ns3:atemp>
            <ns3:hr>160</ns3:hr>
            <ns3:cad>82</ns3:cad>
          </ns3:TrackPointExtension>
        </extensions>
      </trkpt>
      <trkpt lat="35.5656762979924678802490234375" lon="134.808068834245204925537109375">
        <ele>3.400000095367431640625</ele>
        <time>2026-08-01T08:46:27.000Z</time>
        <extensions>
          <ns3:TrackPointExtension>
            <ns3:atemp>34.0</ns3:atemp>
            <ns3:hr>160</ns3:hr>
            <ns3:cad>82</ns3:cad>
          </ns3:TrackPointExtension>
        </extensions>
      </trkpt>
      <trkpt lat="35.56564788334071636199951171875" lon="134.80806606821715831756591796875">
        <ele>3.400000095367431640625</ele>
        <time>2026-08-01T08:46:28.000Z</time>
        <extensions>
          <ns3:TrackPointExtension>
            <ns3:atemp>34.0</ns3:atemp>
            <ns3:hr>160</ns3:hr>
            <ns3:cad>82</ns3:cad>
          </ns3:TrackPointExtension>
        </extensions>
      </trkpt>
      <trkpt lat="35.565625168383121490478515625" lon="134.80805735103785991668701171875">
        <ele>3.599999904632568359375</ele>
        <time>2026-08-01T08:46:29.000Z</time>
        <extensions>
          <ns3:TrackPointExtension>
            <ns3:atemp>34.0</ns3:atemp>
            <ns3:hr>160</ns3:hr>
            <ns3:cad>82</ns3:cad>
          </ns3:TrackPointExtension>
        </extensions>
      </trkpt>
      <trkpt lat="35.5655978433787822723388671875" lon="134.8080569319427013397216796875">
        <ele>3.599999904632568359375</ele>
        <time>2026-08-01T08:46:30.000Z</time>
        <extensions>
          <ns3:TrackPointExtension>
            <ns3:atemp>34.0</ns3:atemp>
            <ns3:hr>160</ns3:hr>
            <ns3:cad>83</ns3:cad>
          </ns3:TrackPointExtension>
        </extensions>
      </trkpt>
      <trkpt lat="35.56556741707026958465576171875" lon="134.80805366300046443939208984375">
        <ele>3.599999904632568359375</ele>
        <time>2026-08-01T08:46:31.000Z</time>
        <extensions>
          <ns3:TrackPointExtension>
            <ns3:atemp>34.0</ns3:atemp>
            <ns3:hr>161</ns3:hr>
            <ns3:cad>83</ns3:cad>
          </ns3:TrackPointExtension>
        </extensions>
      </trkpt>
      <trkpt lat="35.5655502341687679290771484375" lon="134.80806087143719196319580078125">
        <ele>3.599999904632568359375</ele>
        <time>2026-08-01T08:46:32.000Z</time>
        <extensions>
          <ns3:TrackPointExtension>
            <ns3:atemp>34.0</ns3:atemp>
            <ns3:hr>161</ns3:hr>
            <ns3:cad>83</ns3:cad>
          </ns3:TrackPointExtension>
        </extensions>
      </trkpt>
      <trkpt lat="35.56552684865891933441162109375" lon="134.8080636374652385711669921875">
        <ele>3.599999904632568359375</ele>
        <time>2026-08-01T08:46:33.000Z</time>
        <extensions>
          <ns3:TrackPointExtension>
            <ns3:atemp>34.0</ns3:atemp>
            <ns3:hr>161</ns3:hr>
            <ns3:cad>83</ns3:cad>
          </ns3:TrackPointExtension>
        </extensions>
      </trkpt>
      <trkpt lat="35.56550337933003902435302734375" lon="134.808066152036190032958984375">
        <ele>3.599999904632568359375</ele>
        <time>2026-08-01T08:46:34.000Z</time>
        <extensions>
          <ns3:TrackPointExtension>
            <ns3:atemp>34.0</ns3:atemp>
            <ns3:hr>161</ns3:hr>
            <ns3:cad>83</ns3:cad>
          </ns3:TrackPointExtension>
        </extensions>
      </trkpt>
      <trkpt lat="35.56548376567661762237548828125" lon="134.808069504797458648681640625">
        <ele>3.599999904632568359375</ele>
        <time>2026-08-01T08:46:35.000Z</time>
        <extensions>
          <ns3:TrackPointExtension>
            <ns3:atemp>34.0</ns3:atemp>
            <ns3:hr>162</ns3:hr>
            <ns3:cad>83</ns3:cad>
          </ns3:TrackPointExtension>
        </extensions>
      </trkpt>
      <trkpt lat="35.56545191444456577301025390625" lon="134.8080706782639026641845703125">
        <ele>3.599999904632568359375</ele>
        <time>2026-08-01T08:46:36.000Z</time>
        <extensions>
          <ns3:TrackPointExtension>
            <ns3:atemp>34.0</ns3:atemp>
            <ns3:hr>162</ns3:hr>
            <ns3:cad>83</ns3:cad>
          </ns3:TrackPointExtension>
        </extensions>
      </trkpt>
      <trkpt lat="35.5654303729534149169921875" lon="134.80807386338710784912109375">
        <ele>3.599999904632568359375</ele>
        <time>2026-08-01T08:46:37.000Z</time>
        <extensions>
          <ns3:TrackPointExtension>
            <ns3:atemp>34.0</ns3:atemp>
            <ns3:hr>162</ns3:hr>
            <ns3:cad>83</ns3:cad>
          </ns3:TrackPointExtension>
        </extensions>
      </trkpt>
      <trkpt lat="35.5654035508632659912109375" lon="134.80806942097842693328857421875">
        <ele>3.599999904632568359375</ele>
        <time>2026-08-01T08:46:38.000Z</time>
        <extensions>
          <ns3:TrackPointExtension>
            <ns3:atemp>34.0</ns3:atemp>
            <ns3:hr>162</ns3:hr>
            <ns3:cad>83</ns3:cad>
          </ns3:TrackPointExtension>
        </extensions>
      </trkpt>
      <trkpt lat="35.56537698023021221160888671875" lon="134.80806958861649036407470703125">
        <ele>3.599999904632568359375</ele>
        <time>2026-08-01T08:46:39.000Z</time>
        <extensions>
          <ns3:TrackPointExtension>
            <ns3:atemp>34.0</ns3:atemp>
            <ns3:hr>162</ns3:hr>
            <ns3:cad>83</ns3:cad>
          </ns3:TrackPointExtension>
        </extensions>
      </trkpt>
      <trkpt lat="35.5653567798435688018798828125" lon="134.80807830579578876495361328125">
        <ele>3.599999904632568359375</ele>
        <time>2026-08-01T08:46:40.000Z</time>
        <extensions>
          <ns3:TrackPointExtension>
            <ns3:atemp>34.0</ns3:atemp>
            <ns3:hr>161</ns3:hr>
            <ns3:cad>83</ns3:cad>
          </ns3:TrackPointExtension>
        </extensions>
      </trkpt>
      <trkpt lat="35.56532442569732666015625" lon="134.80807721614837646484375">
        <ele>3.599999904632568359375</ele>
        <time>2026-08-01T08:46:41.000Z</time>
        <extensions>
          <ns3:TrackPointExtension>
            <ns3:atemp>34.0</ns3:atemp>
            <ns3:hr>162</ns3:hr>
            <ns3:cad>83</ns3:cad>
          </ns3:TrackPointExtension>
        </extensions>
      </trkpt>
      <trkpt lat="35.5653038062155246734619140625" lon="134.80807461775839328765869140625">
        <ele>3.599999904632568359375</ele>
        <time>2026-08-01T08:46:42.000Z</time>
        <extensions>
          <ns3:TrackPointExtension>
            <ns3:atemp>34.0</ns3:atemp>
            <ns3:hr>161</ns3:hr>
            <ns3:cad>84</ns3:cad>
          </ns3:TrackPointExtension>
        </extensions>
      </trkpt>
      <trkpt lat="35.5652753077447414398193359375" lon="134.8080726899206638336181640625">
        <ele>3.599999904632568359375</ele>
        <time>2026-08-01T08:46:43.000Z</time>
        <extensions>
          <ns3:TrackPointExtension>
            <ns3:atemp>34.0</ns3:atemp>
            <ns3:hr>162</ns3:hr>
            <ns3:cad>84</ns3:cad>
          </ns3:TrackPointExtension>
        </extensions>
      </trkpt>
      <trkpt lat="35.56524672545492649078369140625" lon="134.80807176791131496429443359375">
        <ele>3.7999999523162841796875</ele>
        <time>2026-08-01T08:46:44.000Z</time>
        <extensions>
          <ns3:TrackPointExtension>
            <ns3:atemp>34.0</ns3:atemp>
            <ns3:hr>162</ns3:hr>
            <ns3:cad>84</ns3:cad>
          </ns3:TrackPointExtension>
        </extensions>
      </trkpt>
      <trkpt lat="35.56522845290601253509521484375" lon="134.80807629413902759552001953125">
        <ele>3.7999999523162841796875</ele>
        <time>2026-08-01T08:46:45.000Z</time>
        <extensions>
          <ns3:TrackPointExtension>
            <ns3:atemp>34.0</ns3:atemp>
            <ns3:hr>162</ns3:hr>
            <ns3:cad>83</ns3:cad>
          </ns3:TrackPointExtension>
        </extensions>
      </trkpt>
      <trkpt lat="35.56520313955843448638916015625" lon="134.80807528831064701080322265625">
        <ele>3.7999999523162841796875</ele>
        <time>2026-08-01T08:46:46.000Z</time>
        <extensions>
          <ns3:TrackPointExtension>
            <ns3:atemp>34.0</ns3:atemp>
            <ns3:hr>162</ns3:hr>
            <ns3:cad>83</ns3:cad>
          </ns3:TrackPointExtension>
        </extensions>
      </trkpt>
      <trkpt lat="35.56518453173339366912841796875" lon="134.80807160027325153350830078125">
        <ele>3.7999999523162841796875</ele>
        <time>2026-08-01T08:46:47.000Z</time>
        <extensions>
          <ns3:TrackPointExtension>
            <ns3:atemp>34.0</ns3:atemp>
            <ns3:hr>161</ns3:hr>
            <ns3:cad>83</ns3:cad>
          </ns3:TrackPointExtension>
        </extensions>
      </trkpt>
      <trkpt lat="35.56516039185225963592529296875" lon="134.80806992389261722564697265625">
        <ele>3.7999999523162841796875</ele>
        <time>2026-08-01T08:46:48.000Z</time>
        <extensions>
          <ns3:TrackPointExtension>
            <ns3:atemp>34.0</ns3:atemp>
            <ns3:hr>161</ns3:hr>
            <ns3:cad>83</ns3:cad>
          </ns3:TrackPointExtension>
        </extensions>
      </trkpt>
      <trkpt lat="35.5651291273534297943115234375" lon="134.80806590057909488677978515625">
        <ele>3.7999999523162841796875</ele>
        <time>2026-08-01T08:46:49.000Z</time>
        <extensions>
          <ns3:TrackPointExtension>
            <ns3:atemp>34.0</ns3:atemp>
            <ns3:hr>161</ns3:hr>
            <ns3:cad>82</ns3:cad>
          </ns3:TrackPointExtension>
        </extensions>
      </trkpt>
      <trkpt lat="35.5651120282709598541259765625" lon="134.80806807987391948699951171875">
        <ele>3.7999999523162841796875</ele>
        <time>2026-08-01T08:46:50.000Z</time>
        <extensions>
          <ns3:TrackPointExtension>
            <ns3:atemp>34.0</ns3:atemp>
            <ns3:hr>160</ns3:hr>
            <ns3:cad>83</ns3:cad>
          </ns3:TrackPointExtension>
        </extensions>
      </trkpt>
      <trkpt lat="35.56508847512304782867431640625" lon="134.8080651462078094482421875">
        <ele>3.7999999523162841796875</ele>
        <time>2026-08-01T08:46:51.000Z</time>
        <extensions>
          <ns3:TrackPointExtension>
            <ns3:atemp>34.0</ns3:atemp>
            <ns3:hr>160</ns3:hr>
            <ns3:cad>83</ns3:cad>
          </ns3:TrackPointExtension>
        </extensions>
      </trkpt>
      <trkpt lat="35.5650657601654529571533203125" lon="134.80806472711265087127685546875">
        <ele>3.7999999523162841796875</ele>
        <time>2026-08-01T08:46:52.000Z</time>
        <extensions>
          <ns3:TrackPointExtension>
            <ns3:atemp>34.0</ns3:atemp>
            <ns3:hr>159</ns3:hr>
            <ns3:cad>83</ns3:cad>
          </ns3:TrackPointExtension>
        </extensions>
      </trkpt>
      <trkpt lat="35.565043799579143524169921875" lon="134.8080693371593952178955078125">
        <ele>3.7999999523162841796875</ele>
        <time>2026-08-01T08:46:53.000Z</time>
        <extensions>
          <ns3:TrackPointExtension>
            <ns3:atemp>34.0</ns3:atemp>
            <ns3:hr>159</ns3:hr>
            <ns3:cad>83</ns3:cad>
          </ns3:TrackPointExtension>
        </extensions>
      </trkpt>
      <trkpt lat="35.56501287035644054412841796875" lon="134.8080690018832683563232421875">
        <ele>3.7999999523162841796875</ele>
        <time>2026-08-01T08:46:54.000Z</time>
        <extensions>
          <ns3:TrackPointExtension>
            <ns3:atemp>34.0</ns3:atemp>
            <ns3:hr>159</ns3:hr>
            <ns3:cad>83</ns3:cad>
          </ns3:TrackPointExtension>
        </extensions>
      </trkpt>
      <trkpt lat="35.56499644182622432708740234375" lon="134.8080669902265071868896484375">
        <ele>3.7999999523162841796875</ele>
        <time>2026-08-01T08:46:55.000Z</time>
        <extensions>
          <ns3:TrackPointExtension>
            <ns3:atemp>34.0</ns3:atemp>
            <ns3:hr>159</ns3:hr>
            <ns3:cad>83</ns3:cad>
          </ns3:TrackPointExtension>
        </extensions>
      </trkpt>
      <trkpt lat="35.56496961973607540130615234375" lon="134.8080606199800968170166015625">
        <ele>3.7999999523162841796875</ele>
        <time>2026-08-01T08:46:56.000Z</time>
        <extensions>
          <ns3:TrackPointExtension>
            <ns3:atemp>34.0</ns3:atemp>
            <ns3:hr>159</ns3:hr>
            <ns3:cad>83</ns3:cad>
          </ns3:TrackPointExtension>
        </extensions>
      </trkpt>
      <trkpt lat="35.564939863979816436767578125" lon="134.80805902741849422454833984375">
        <ele>3.7999999523162841796875</ele>
        <time>2026-08-01T08:46:57.000Z</time>
        <extensions>
          <ns3:TrackPointExtension>
            <ns3:atemp>34.0</ns3:atemp>
            <ns3:hr>159</ns3:hr>
            <ns3:cad>83</ns3:cad>
          </ns3:TrackPointExtension>
        </extensions>
      </trkpt>
      <trkpt lat="35.56491882540285587310791015625" lon="134.8080636374652385711669921875">
        <ele>3.7999999523162841796875</ele>
        <time>2026-08-01T08:46:58.000Z</time>
        <extensions>
          <ns3:TrackPointExtension>
            <ns3:atemp>34.0</ns3:atemp>
            <ns3:hr>159</ns3:hr>
            <ns3:cad>83</ns3:cad>
          </ns3:TrackPointExtension>
        </extensions>
      </trkpt>
      <trkpt lat="35.56488923728466033935546875" lon="134.80807092972099781036376953125">
        <ele>3.7999999523162841796875</ele>
        <time>2026-08-01T08:46:59.000Z</time>
        <extensions>
          <ns3:TrackPointExtension>
            <ns3:atemp>34.0</ns3:atemp>
            <ns3:hr>159</ns3:hr>
            <ns3:cad>83</ns3:cad>
          </ns3:TrackPointExtension>
        </extensions>
      </trkpt>
      <trkpt lat="35.56487238965928554534912109375" lon="134.8080837540328502655029296875">
        <ele>3.7999999523162841796875</ele>
        <time>2026-08-01T08:47:00.000Z</time>
        <extensions>
          <ns3:TrackPointExtension>
            <ns3:atemp>34.0</ns3:atemp>
            <ns3:hr>159</ns3:hr>
            <ns3:cad>83</ns3:cad>
          </ns3:TrackPointExtension>
        </extensions>
      </trkpt>
      <trkpt lat="35.56485327892005443572998046875" lon="134.8081058822572231292724609375">
        <ele>3.7999999523162841796875</ele>
        <time>2026-08-01T08:47:01.000Z</time>
        <extensions>
          <ns3:TrackPointExtension>
            <ns3:atemp>34.0</ns3:atemp>
            <ns3:hr>160</ns3:hr>
            <ns3:cad>83</ns3:cad>
          </ns3:TrackPointExtension>
        </extensions>
      </trkpt>
      <trkpt lat="35.5648293904960155487060546875" lon="134.80812910012900829315185546875">
        <ele>3.7999999523162841796875</ele>
        <time>2026-08-01T08:47:02.000Z</time>
        <extensions>
          <ns3:TrackPointExtension>
            <ns3:atemp>34.0</ns3:atemp>
            <ns3:hr>159</ns3:hr>
            <ns3:cad>82</ns3:cad>
          </ns3:TrackPointExtension>
        </extensions>
      </trkpt>
      <trkpt lat="35.5648163147270679473876953125" lon="134.80815240181982517242431640625">
        <ele>3.599999904632568359375</ele>
        <time>2026-08-01T08:47:03.000Z</time>
        <extensions>
          <ns3:TrackPointExtension>
            <ns3:atemp>34.0</ns3:atemp>
            <ns3:hr>159</ns3:hr>
            <ns3:cad>82</ns3:cad>
          </ns3:TrackPointExtension>
        </extensions>
      </trkpt>
      <trkpt lat="35.56479628197848796844482421875" lon="134.8081831634044647216796875">
        <ele>3.599999904632568359375</ele>
        <time>2026-08-01T08:47:04.000Z</time>
        <extensions>
          <ns3:TrackPointExtension>
            <ns3:atemp>34.0</ns3:atemp>
            <ns3:hr>159</ns3:hr>
            <ns3:cad>82</ns3:cad>
          </ns3:TrackPointExtension>
        </extensions>
      </trkpt>
      <trkpt lat="35.56477725505828857421875" lon="134.808206968009471893310546875">
        <ele>3.599999904632568359375</ele>
        <time>2026-08-01T08:47:05.000Z</time>
        <extensions>
          <ns3:TrackPointExtension>
            <ns3:atemp>34.0</ns3:atemp>
            <ns3:hr>159</ns3:hr>
            <ns3:cad>82</ns3:cad>
          </ns3:TrackPointExtension>
        </extensions>
      </trkpt>
      <trkpt lat="35.56476443074643611907958984375" lon="134.8082322813570499420166015625">
        <ele>3.400000095367431640625</ele>
        <time>2026-08-01T08:47:06.000Z</time>
        <extensions>
          <ns3:TrackPointExtension>
            <ns3:atemp>34.0</ns3:atemp>
            <ns3:hr>159</ns3:hr>
            <ns3:cad>82</ns3:cad>
          </ns3:TrackPointExtension>
        </extensions>
      </trkpt>
      <trkpt lat="35.56474984623491764068603515625" lon="134.808262623846530914306640625">
        <ele>3.599999904632568359375</ele>
        <time>2026-08-01T08:47:07.000Z</time>
        <extensions>
          <ns3:TrackPointExtension>
            <ns3:atemp>34.0</ns3:atemp>
            <ns3:hr>159</ns3:hr>
            <ns3:cad>82</ns3:cad>
          </ns3:TrackPointExtension>
        </extensions>
      </trkpt>
      <trkpt lat="35.564740709960460662841796875" lon="134.80829355306923389434814453125">
        <ele>3.599999904632568359375</ele>
        <time>2026-08-01T08:47:08.000Z</time>
        <extensions>
          <ns3:TrackPointExtension>
            <ns3:atemp>34.0</ns3:atemp>
            <ns3:hr>159</ns3:hr>
            <ns3:cad>82</ns3:cad>
          </ns3:TrackPointExtension>
        </extensions>
      </trkpt>
      <trkpt lat="35.5647365190088748931884765625" lon="134.80832733213901519775390625">
        <ele>3.599999904632568359375</ele>
        <time>2026-08-01T08:47:09.000Z</time>
        <extensions>
          <ns3:TrackPointExtension>
            <ns3:atemp>34.0</ns3:atemp>
            <ns3:hr>159</ns3:hr>
            <ns3:cad>82</ns3:cad>
          </ns3:TrackPointExtension>
        </extensions>
      </trkpt>
      <trkpt lat="35.5647321604192256927490234375" lon="134.8083601891994476318359375">
        <ele>3.599999904632568359375</ele>
        <time>2026-08-01T08:47:10.000Z</time>
        <extensions>
          <ns3:TrackPointExtension>
            <ns3:atemp>34.0</ns3:atemp>
            <ns3:hr>160</ns3:hr>
            <ns3:cad>82</ns3:cad>
          </ns3:TrackPointExtension>
        </extensions>
      </trkpt>
      <trkpt lat="35.5647294782102108001708984375" lon="134.80838374234735965728759765625">
        <ele>3.400000095367431640625</ele>
        <time>2026-08-01T08:47:11.000Z</time>
        <extensions>
          <ns3:TrackPointExtension>
            <ns3:atemp>34.0</ns3:atemp>
            <ns3:hr>160</ns3:hr>
            <ns3:cad>82</ns3:cad>
          </ns3:TrackPointExtension>
        </extensions>
      </trkpt>
      <trkpt lat="35.5647200904786586761474609375" lon="134.80840771459043025970458984375">
        <ele>3.400000095367431640625</ele>
        <time>2026-08-01T08:47:12.000Z</time>
        <extensions>
          <ns3:TrackPointExtension>
            <ns3:atemp>34.0</ns3:atemp>
            <ns3:hr>160</ns3:hr>
            <ns3:cad>82</ns3:cad>
          </ns3:TrackPointExtension>
        </extensions>
      </trkpt>
      <trkpt lat="35.5647083558142185211181640625" lon="134.808439314365386962890625">
        <ele>3.400000095367431640625</ele>
        <time>2026-08-01T08:47:13.000Z</time>
        <extensions>
          <ns3:TrackPointExtension>
            <ns3:atemp>34.0</ns3:atemp>
            <ns3:hr>159</ns3:hr>
            <ns3:cad>82</ns3:cad>
          </ns3:TrackPointExtension>
        </extensions>
      </trkpt>
      <trkpt lat="35.564704835414886474609375" lon="134.80846538208425045013427734375">
        <ele>3.2000000476837158203125</ele>
        <time>2026-08-01T08:47:14.000Z</time>
        <extensions>
          <ns3:TrackPointExtension>
            <ns3:atemp>34.0</ns3:atemp>
            <ns3:hr>159</ns3:hr>
            <ns3:cad>82</ns3:cad>
          </ns3:TrackPointExtension>
        </extensions>
      </trkpt>
      <trkpt lat="35.56469603441655635833740234375" lon="134.80850025080144405364990234375">
        <ele>3.400000095367431640625</ele>
        <time>2026-08-01T08:47:15.000Z</time>
        <extensions>
          <ns3:TrackPointExtension>
            <ns3:atemp>34.0</ns3:atemp>
            <ns3:hr>159</ns3:hr>
            <ns3:cad>82</ns3:cad>
          </ns3:TrackPointExtension>
        </extensions>
      </trkpt>
      <trkpt lat="35.56469343602657318115234375" lon="134.80852539651095867156982421875">
        <ele>3.2000000476837158203125</ele>
        <time>2026-08-01T08:47:16.000Z</time>
        <extensions>
          <ns3:TrackPointExtension>
            <ns3:atemp>34.0</ns3:atemp>
            <ns3:hr>159</ns3:hr>
            <ns3:cad>82</ns3:cad>
          </ns3:TrackPointExtension>
        </extensions>
      </trkpt>
      <trkpt lat="35.564688406884670257568359375" lon="134.8085559904575347900390625">
        <ele>3.2000000476837158203125</ele>
        <time>2026-08-01T08:47:17.000Z</time>
        <extensions>
          <ns3:TrackPointExtension>
            <ns3:atemp>34.0</ns3:atemp>
            <ns3:hr>159</ns3:hr>
            <ns3:cad>82</ns3:cad>
          </ns3:TrackPointExtension>
        </extensions>
      </trkpt>
      <trkpt lat="35.56468664668500423431396484375" lon="134.80858893133699893951416015625">
        <ele>3.2000000476837158203125</ele>
        <time>2026-08-01T08:47:18.000Z</time>
        <extensions>
          <ns3:TrackPointExtension>
            <ns3:atemp>34.0</ns3:atemp>
            <ns3:hr>159</ns3:hr>
            <ns3:cad>82</ns3:cad>
          </ns3:TrackPointExtension>
        </extensions>
      </trkpt>
      <trkpt lat="35.56469134055078029632568359375" lon="134.80861030519008636474609375">
        <ele>3</ele>
        <time>2026-08-01T08:47:19.000Z</time>
        <extensions>
          <ns3:TrackPointExtension>
            <ns3:atemp>34.0</ns3:atemp>
            <ns3:hr>159</ns3:hr>
            <ns3:cad>82</ns3:cad>
          </ns3:TrackPointExtension>
        </extensions>
      </trkpt>
      <trkpt lat="35.56468899361789226531982421875" lon="134.80864291079342365264892578125">
        <ele>3</ele>
        <time>2026-08-01T08:47:20.000Z</time>
        <extensions>
          <ns3:TrackPointExtension>
            <ns3:atemp>34.0</ns3:atemp>
            <ns3:hr>160</ns3:hr>
            <ns3:cad>82</ns3:cad>
          </ns3:TrackPointExtension>
        </extensions>
      </trkpt>
      <trkpt lat="35.5646847188472747802734375" lon="134.8086698167026042938232421875">
        <ele>3.2000000476837158203125</ele>
        <time>2026-08-01T08:47:21.000Z</time>
        <extensions>
          <ns3:TrackPointExtension>
            <ns3:atemp>34.0</ns3:atemp>
            <ns3:hr>160</ns3:hr>
            <ns3:cad>83</ns3:cad>
          </ns3:TrackPointExtension>
        </extensions>
      </trkpt>
      <trkpt lat="35.564688742160797119140625" lon="134.80869613587856292724609375">
        <ele>3</ele>
        <time>2026-08-01T08:47:22.000Z</time>
        <extensions>
          <ns3:TrackPointExtension>
            <ns3:atemp>34.0</ns3:atemp>
            <ns3:hr>160</ns3:hr>
            <ns3:cad>82</ns3:cad>
          </ns3:TrackPointExtension>
        </extensions>
      </trkpt>
      <trkpt lat="35.56468480266630649566650390625" lon="134.808732010424137115478515625">
        <ele>3</ele>
        <time>2026-08-01T08:47:23.000Z</time>
        <extensions>
          <ns3:TrackPointExtension>
            <ns3:atemp>34.0</ns3:atemp>
            <ns3:hr>161</ns3:hr>
            <ns3:cad>82</ns3:cad>
          </ns3:TrackPointExtension>
        </extensions>
      </trkpt>
      <trkpt lat="35.5646902509033679962158203125" lon="134.808752797544002532958984375">
        <ele>3.2000000476837158203125</ele>
        <time>2026-08-01T08:47:24.000Z</time>
        <extensions>
          <ns3:TrackPointExtension>
            <ns3:atemp>34.0</ns3:atemp>
            <ns3:hr>161</ns3:hr>
            <ns3:cad>82</ns3:cad>
          </ns3:TrackPointExtension>
        </extensions>
      </trkpt>
      <trkpt lat="35.56468681432306766510009765625" lon="134.80878464877605438232421875">
        <ele>3.2000000476837158203125</ele>
        <time>2026-08-01T08:47:25.000Z</time>
        <extensions>
          <ns3:TrackPointExtension>
            <ns3:atemp>34.0</ns3:atemp>
            <ns3:hr>161</ns3:hr>
            <ns3:cad>82</ns3:cad>
          </ns3:TrackPointExtension>
        </extensions>
      </trkpt>
      <trkpt lat="35.5646835453808307647705078125" lon="134.808818511664867401123046875">
        <ele>3.2000000476837158203125</ele>
        <time>2026-08-01T08:47:26.000Z</time>
        <extensions>
          <ns3:TrackPointExtension>
            <ns3:atemp>34.0</ns3:atemp>
            <ns3:hr>161</ns3:hr>
            <ns3:cad>82</ns3:cad>
          </ns3:TrackPointExtension>
        </extensions>
      </trkpt>
      <trkpt lat="35.564687065780162811279296875" lon="134.8088411428034305572509765625">
        <ele>3.2000000476837158203125</ele>
        <time>2026-08-01T08:47:27.000Z</time>
        <extensions>
          <ns3:TrackPointExtension>
            <ns3:atemp>34.0</ns3:atemp>
            <ns3:hr>161</ns3:hr>
            <ns3:cad>83</ns3:cad>
          </ns3:TrackPointExtension>
        </extensions>
      </trkpt>
      <trkpt lat="35.5646860599517822265625" lon="134.80887173675000667572021484375">
        <ele>3.2000000476837158203125</ele>
        <time>2026-08-01T08:47:28.000Z</time>
        <extensions>
          <ns3:TrackPointExtension>
            <ns3:atemp>34.0</ns3:atemp>
            <ns3:hr>161</ns3:hr>
            <ns3:cad>83</ns3:cad>
          </ns3:TrackPointExtension>
        </extensions>
      </trkpt>
      <trkpt lat="35.56468228809535503387451171875" lon="134.808898307383060455322265625">
        <ele>3.2000000476837158203125</ele>
        <time>2026-08-01T08:47:29.000Z</time>
        <extensions>
          <ns3:TrackPointExtension>
            <ns3:atemp>34.0</ns3:atemp>
            <ns3:hr>162</ns3:hr>
            <ns3:cad>82</ns3:cad>
          </ns3:TrackPointExtension>
        </extensions>
      </trkpt>
      <trkpt lat="35.5646820366382598876953125" lon="134.8089269734919071197509765625">
        <ele>3.2000000476837158203125</ele>
        <time>2026-08-01T08:47:30.000Z</time>
        <extensions>
          <ns3:TrackPointExtension>
            <ns3:atemp>34.0</ns3:atemp>
            <ns3:hr>162</ns3:hr>
            <ns3:cad>82</ns3:cad>
          </ns3:TrackPointExtension>
        </extensions>
      </trkpt>
      <trkpt lat="35.56467910297214984893798828125" lon="134.8089625127613544464111328125">
        <ele>3.2000000476837158203125</ele>
        <time>2026-08-01T08:47:31.000Z</time>
        <extensions>
          <ns3:TrackPointExtension>
            <ns3:atemp>34.0</ns3:atemp>
            <ns3:hr>163</ns3:hr>
            <ns3:cad>82</ns3:cad>
          </ns3:TrackPointExtension>
        </extensions>
      </trkpt>
      <trkpt lat="35.564684383571147918701171875" lon="134.80897910892963409423828125">
        <ele>3.400000095367431640625</ele>
        <time>2026-08-01T08:47:32.000Z</time>
        <extensions>
          <ns3:TrackPointExtension>
            <ns3:atemp>34.0</ns3:atemp>
            <ns3:hr>162</ns3:hr>
            <ns3:cad>83</ns3:cad>
          </ns3:TrackPointExtension>
        </extensions>
      </trkpt>
      <trkpt lat="35.5646855570375919342041015625" lon="134.80900903232395648956298828125">
        <ele>3.400000095367431640625</ele>
        <time>2026-08-01T08:47:33.000Z</time>
        <extensions>
          <ns3:TrackPointExtension>
            <ns3:atemp>34.0</ns3:atemp>
            <ns3:hr>162</ns3:hr>
            <ns3:cad>83</ns3:cad>
          </ns3:TrackPointExtension>
        </extensions>
      </trkpt>
      <trkpt lat="35.5646845512092113494873046875" lon="134.80903786607086658477783203125">
        <ele>3.2000000476837158203125</ele>
        <time>2026-08-01T08:47:34.000Z</time>
        <extensions>
          <ns3:TrackPointExtension>
            <ns3:atemp>34.0</ns3:atemp>
            <ns3:hr>162</ns3:hr>
            <ns3:cad>83</ns3:cad>
          </ns3:TrackPointExtension>
        </extensions>
      </trkpt>
      <trkpt lat="35.56468513794243335723876953125" lon="134.809061922132968902587890625">
        <ele>3.2000000476837158203125</ele>
        <time>2026-08-01T08:47:35.000Z</time>
        <extensions>
          <ns3:TrackPointExtension>
            <ns3:atemp>34.0</ns3:atemp>
            <ns3:hr>163</ns3:hr>
            <ns3:cad>83</ns3:cad>
          </ns3:TrackPointExtension>
        </extensions>
      </trkpt>
      <trkpt lat="35.5646808631718158721923828125" lon="134.80909419246017932891845703125">
        <ele>3.2000000476837158203125</ele>
        <time>2026-08-01T08:47:36.000Z</time>
        <extensions>
          <ns3:TrackPointExtension>
            <ns3:atemp>34.0</ns3:atemp>
            <ns3:hr>163</ns3:hr>
            <ns3:cad>83</ns3:cad>
          </ns3:TrackPointExtension>
        </extensions>
      </trkpt>
      <trkpt lat="35.56467876769602298736572265625" lon="134.80911699123680591583251953125">
        <ele>3.2000000476837158203125</ele>
        <time>2026-08-01T08:47:37.000Z</time>
        <extensions>
          <ns3:TrackPointExtension>
            <ns3:atemp>34.0</ns3:atemp>
            <ns3:hr>163</ns3:hr>
            <ns3:cad>82</ns3:cad>
          </ns3:TrackPointExtension>
        </extensions>
      </trkpt>
      <trkpt lat="35.5646766722202301025390625" lon="134.8091516084969043731689453125">
        <ele>3.2000000476837158203125</ele>
        <time>2026-08-01T08:47:38.000Z</time>
        <extensions>
          <ns3:TrackPointExtension>
            <ns3:atemp>34.0</ns3:atemp>
            <ns3:hr>163</ns3:hr>
            <ns3:cad>82</ns3:cad>
          </ns3:TrackPointExtension>
        </extensions>
      </trkpt>
      <trkpt lat="35.56467155925929546356201171875" lon="134.8091791011393070220947265625">
        <ele>3.2000000476837158203125</ele>
        <time>2026-08-01T08:47:39.000Z</time>
        <extensions>
          <ns3:TrackPointExtension>
            <ns3:atemp>34.0</ns3:atemp>
            <ns3:hr>163</ns3:hr>
            <ns3:cad>83</ns3:cad>
          </ns3:TrackPointExtension>
        </extensions>
      </trkpt>
      <trkpt lat="35.56467533111572265625" lon="134.80919846333563327789306640625">
        <ele>3.2000000476837158203125</ele>
        <time>2026-08-01T08:47:40.000Z</time>
        <extensions>
          <ns3:TrackPointExtension>
            <ns3:atemp>34.0</ns3:atemp>
            <ns3:hr>164</ns3:hr>
            <ns3:cad>83</ns3:cad>
          </ns3:TrackPointExtension>
        </extensions>
      </trkpt>
      <trkpt lat="35.5646687932312488555908203125" lon="134.80923467315733432769775390625">
        <ele>3.2000000476837158203125</ele>
        <time>2026-08-01T08:47:41.000Z</time>
        <extensions>
          <ns3:TrackPointExtension>
            <ns3:atemp>34.0</ns3:atemp>
            <ns3:hr>163</ns3:hr>
            <ns3:cad>83</ns3:cad>
          </ns3:TrackPointExtension>
        </extensions>
      </trkpt>
      <trkpt lat="35.56466787122189998626708984375" lon="134.809260070323944091796875">
        <ele>3.2000000476837158203125</ele>
        <time>2026-08-01T08:47:42.000Z</time>
        <extensions>
          <ns3:TrackPointExtension>
            <ns3:atemp>34.0</ns3:atemp>
            <ns3:hr>164</ns3:hr>
            <ns3:cad>83</ns3:cad>
          </ns3:TrackPointExtension>
        </extensions>
      </trkpt>
      <trkpt lat="35.564668290317058563232421875" lon="134.80928613804280757904052734375">
        <ele>3.2000000476837158203125</ele>
        <time>2026-08-01T08:47:43.000Z</time>
        <extensions>
          <ns3:TrackPointExtension>
            <ns3:atemp>34.0</ns3:atemp>
            <ns3:hr>163</ns3:hr>
            <ns3:cad>83</ns3:cad>
          </ns3:TrackPointExtension>
        </extensions>
      </trkpt>
      <trkpt lat="35.5646651051938533782958984375" lon="134.8093205876648426055908203125">
        <ele>3.2000000476837158203125</ele>
        <time>2026-08-01T08:47:44.000Z</time>
        <extensions>
          <ns3:TrackPointExtension>
            <ns3:atemp>34.0</ns3:atemp>
            <ns3:hr>163</ns3:hr>
            <ns3:cad>82</ns3:cad>
          </ns3:TrackPointExtension>
        </extensions>
      </trkpt>
      <trkpt lat="35.5646701343357563018798828125" lon="134.8093417100608348846435546875">
        <ele>3.400000095367431640625</ele>
        <time>2026-08-01T08:47:45.000Z</time>
        <extensions>
          <ns3:TrackPointExtension>
            <ns3:atemp>34.0</ns3:atemp>
            <ns3:hr>163</ns3:hr>
            <ns3:cad>82</ns3:cad>
          </ns3:TrackPointExtension>
        </extensions>
      </trkpt>
      <trkpt lat="35.564667284488677978515625" lon="134.80937716551125049591064453125">
        <ele>3.400000095367431640625</ele>
        <time>2026-08-01T08:47:46.000Z</time>
        <extensions>
          <ns3:TrackPointExtension>
            <ns3:atemp>34.0</ns3:atemp>
            <ns3:hr>163</ns3:hr>
            <ns3:cad>82</ns3:cad>
          </ns3:TrackPointExtension>
        </extensions>
      </trkpt>
      <trkpt lat="35.5646667815744876861572265625" lon="134.80941002257168292999267578125">
        <ele>3.400000095367431640625</ele>
        <time>2026-08-01T08:47:47.000Z</time>
        <extensions>
          <ns3:TrackPointExtension>
            <ns3:atemp>34.0</ns3:atemp>
            <ns3:hr>164</ns3:hr>
            <ns3:cad>82</ns3:cad>
          </ns3:TrackPointExtension>
        </extensions>
      </trkpt>
      <trkpt lat="35.56467474438250064849853515625" lon="134.809431731700897216796875">
        <ele>3.400000095367431640625</ele>
        <time>2026-08-01T08:47:48.000Z</time>
        <extensions>
          <ns3:TrackPointExtension>
            <ns3:atemp>34.0</ns3:atemp>
            <ns3:hr>163</ns3:hr>
            <ns3:cad>83</ns3:cad>
          </ns3:TrackPointExtension>
        </extensions>
      </trkpt>
      <trkpt lat="35.5646815337240695953369140625" lon="134.809464924037456512451171875">
        <ele>3.599999904632568359375</ele>
        <time>2026-08-01T08:47:49.000Z</time>
        <extensions>
          <ns3:TrackPointExtension>
            <ns3:atemp>34.0</ns3:atemp>
            <ns3:hr>164</ns3:hr>
            <ns3:cad>83</ns3:cad>
          </ns3:TrackPointExtension>
        </extensions>
      </trkpt>
      <trkpt lat="35.56468044407665729522705078125" lon="134.80948713608086109161376953125">
        <ele>3.599999904632568359375</ele>
        <time>2026-08-01T08:47:50.000Z</time>
        <extensions>
          <ns3:TrackPointExtension>
            <ns3:atemp>34.0</ns3:atemp>
            <ns3:hr>164</ns3:hr>
            <ns3:cad>83</ns3:cad>
          </ns3:TrackPointExtension>
        </extensions>
      </trkpt>
      <trkpt lat="35.56468564085662364959716796875" lon="134.80951932258903980255126953125">
        <ele>3.599999904632568359375</ele>
        <time>2026-08-01T08:47:51.000Z</time>
        <extensions>
          <ns3:TrackPointExtension>
            <ns3:atemp>34.0</ns3:atemp>
            <ns3:hr>164</ns3:hr>
            <ns3:cad>82</ns3:cad>
          </ns3:TrackPointExtension>
        </extensions>
      </trkpt>
      <trkpt lat="35.5646858923137187957763671875" lon="134.80955134145915508270263671875">
        <ele>3.599999904632568359375</ele>
        <time>2026-08-01T08:47:52.000Z</time>
        <extensions>
          <ns3:TrackPointExtension>
            <ns3:atemp>34.0</ns3:atemp>
            <ns3:hr>163</ns3:hr>
            <ns3:cad>82</ns3:cad>
          </ns3:TrackPointExtension>
        </extensions>
      </trkpt>
      <trkpt lat="35.5646922625601291656494140625" lon="134.80957414023578166961669921875">
        <ele>3.599999904632568359375</ele>
        <time>2026-08-01T08:47:53.000Z</time>
        <extensions>
          <ns3:TrackPointExtension>
            <ns3:atemp>34.0</ns3:atemp>
            <ns3:hr>164</ns3:hr>
            <ns3:cad>82</ns3:cad>
          </ns3:TrackPointExtension>
        </extensions>
      </trkpt>
      <trkpt lat="35.56469419039785861968994140625" lon="134.80960917659103870391845703125">
        <ele>3.599999904632568359375</ele>
        <time>2026-08-01T08:47:54.000Z</time>
        <extensions>
          <ns3:TrackPointExtension>
            <ns3:atemp>34.0</ns3:atemp>
            <ns3:hr>164</ns3:hr>
            <ns3:cad>83</ns3:cad>
          </ns3:TrackPointExtension>
        </extensions>
      </trkpt>
      <trkpt lat="35.5646989680826663970947265625" lon="134.80963717214763164520263671875">
        <ele>3.400000095367431640625</ele>
        <time>2026-08-01T08:47:55.000Z</time>
        <extensions>
          <ns3:TrackPointExtension>
            <ns3:atemp>34.0</ns3:atemp>
            <ns3:hr>163</ns3:hr>
            <ns3:cad>83</ns3:cad>
          </ns3:TrackPointExtension>
        </extensions>
      </trkpt>
      <trkpt lat="35.56470558978617191314697265625" lon="134.80966432951390743255615234375">
        <ele>3.400000095367431640625</ele>
        <time>2026-08-01T08:47:56.000Z</time>
        <extensions>
          <ns3:TrackPointExtension>
            <ns3:atemp>34.0</ns3:atemp>
            <ns3:hr>163</ns3:hr>
            <ns3:cad>83</ns3:cad>
          </ns3:TrackPointExtension>
        </extensions>
      </trkpt>
      <trkpt lat="35.56470223702490329742431640625" lon="134.809698276221752166748046875">
        <ele>3.400000095367431640625</ele>
        <time>2026-08-01T08:47:57.000Z</time>
        <extensions>
          <ns3:TrackPointExtension>
            <ns3:atemp>34.0</ns3:atemp>
            <ns3:hr>163</ns3:hr>
            <ns3:cad>83</ns3:cad>
          </ns3:TrackPointExtension>
        </extensions>
      </trkpt>
      <trkpt lat="35.56470240466296672821044921875" lon="134.80971612967550754547119140625">
        <ele>3.599999904632568359375</ele>
        <time>2026-08-01T08:47:58.000Z</time>
        <extensions>
          <ns3:TrackPointExtension>
            <ns3:atemp>34.0</ns3:atemp>
            <ns3:hr>163</ns3:hr>
            <ns3:cad>83</ns3:cad>
          </ns3:TrackPointExtension>
        </extensions>
      </trkpt>
      <trkpt lat="35.564701147377490997314453125" lon="134.809752590954303741455078125">
        <ele>3.599999904632568359375</ele>
        <time>2026-08-01T08:47:59.000Z</time>
        <extensions>
          <ns3:TrackPointExtension>
            <ns3:atemp>34.0</ns3:atemp>
            <ns3:hr>162</ns3:hr>
            <ns3:cad>83</ns3:cad>
          </ns3:TrackPointExtension>
        </extensions>
      </trkpt>
      <trkpt lat="35.56469787843525409698486328125" lon="134.80978377163410186767578125">
        <ele>3.599999904632568359375</ele>
        <time>2026-08-01T08:48:00.000Z</time>
        <extensions>
          <ns3:TrackPointExtension>
            <ns3:atemp>34.0</ns3:atemp>
            <ns3:hr>163</ns3:hr>
            <ns3:cad>82</ns3:cad>
          </ns3:TrackPointExtension>
        </extensions>
      </trkpt>
      <trkpt lat="35.564701817929744720458984375" lon="134.80980698950588703155517578125">
        <ele>3.599999904632568359375</ele>
        <time>2026-08-01T08:48:01.000Z</time>
        <extensions>
          <ns3:TrackPointExtension>
            <ns3:atemp>34.0</ns3:atemp>
            <ns3:hr>163</ns3:hr>
            <ns3:cad>82</ns3:cad>
          </ns3:TrackPointExtension>
        </extensions>
      </trkpt>
      <trkpt lat="35.56470558978617191314697265625" lon="134.809839427471160888671875">
        <ele>3.599999904632568359375</ele>
        <time>2026-08-01T08:48:02.000Z</time>
        <extensions>
          <ns3:TrackPointExtension>
            <ns3:atemp>34.0</ns3:atemp>
            <ns3:hr>163</ns3:hr>
            <ns3:cad>82</ns3:cad>
          </ns3:TrackPointExtension>
        </extensions>
      </trkpt>
      <trkpt lat="35.564704500138759613037109375" lon="134.80986557900905609130859375">
        <ele>3.599999904632568359375</ele>
        <time>2026-08-01T08:48:03.000Z</time>
        <extensions>
          <ns3:TrackPointExtension>
            <ns3:atemp>34.0</ns3:atemp>
            <ns3:hr>163</ns3:hr>
            <ns3:cad>82</ns3:cad>
          </ns3:TrackPointExtension>
        </extensions>
      </trkpt>
      <trkpt lat="35.56470475159585475921630859375" lon="134.809890724718570709228515625">
        <ele>3.400000095367431640625</ele>
        <time>2026-08-01T08:48:04.000Z</time>
        <extensions>
          <ns3:TrackPointExtension>
            <ns3:atemp>34.0</ns3:atemp>
            <ns3:hr>164</ns3:hr>
            <ns3:cad>83</ns3:cad>
          </ns3:TrackPointExtension>
        </extensions>
      </trkpt>
      <trkpt lat="35.56469754315912723541259765625" lon="134.80992701835930347442626953125">
        <ele>3.599999904632568359375</ele>
        <time>2026-08-01T08:48:05.000Z</time>
        <extensions>
          <ns3:TrackPointExtension>
            <ns3:atemp>34.0</ns3:atemp>
            <ns3:hr>164</ns3:hr>
            <ns3:cad>83</ns3:cad>
          </ns3:TrackPointExtension>
        </extensions>
      </trkpt>
      <trkpt lat="35.564701147377490997314453125" lon="134.809946715831756591796875">
        <ele>3.400000095367431640625</ele>
        <time>2026-08-01T08:48:06.000Z</time>
        <extensions>
          <ns3:TrackPointExtension>
            <ns3:atemp>34.0</ns3:atemp>
            <ns3:hr>164</ns3:hr>
            <ns3:cad>83</ns3:cad>
          </ns3:TrackPointExtension>
        </extensions>
      </trkpt>
      <trkpt lat="35.56469569914042949676513671875" lon="134.8099844343960285186767578125">
        <ele>3.400000095367431640625</ele>
        <time>2026-08-01T08:48:07.000Z</time>
        <extensions>
          <ns3:TrackPointExtension>
            <ns3:atemp>34.0</ns3:atemp>
            <ns3:hr>164</ns3:hr>
            <ns3:cad>82</ns3:cad>
          </ns3:TrackPointExtension>
        </extensions>
      </trkpt>
      <trkpt lat="35.5646946094930171966552734375" lon="134.81001586653292179107666015625">
        <ele>3.400000095367431640625</ele>
        <time>2026-08-01T08:48:08.000Z</time>
        <extensions>
          <ns3:TrackPointExtension>
            <ns3:atemp>34.0</ns3:atemp>
            <ns3:hr>163</ns3:hr>
            <ns3:cad>82</ns3:cad>
          </ns3:TrackPointExtension>
        </extensions>
      </trkpt>
      <trkpt lat="35.5647003091871738433837890625" lon="134.810038916766643524169921875">
        <ele>3.400000095367431640625</ele>
        <time>2026-08-01T08:48:09.000Z</time>
        <extensions>
          <ns3:TrackPointExtension>
            <ns3:atemp>34.0</ns3:atemp>
            <ns3:hr>164</ns3:hr>
            <ns3:cad>82</ns3:cad>
          </ns3:TrackPointExtension>
        </extensions>
      </trkpt>
      <trkpt lat="35.56470206938683986663818359375" lon="134.81007277965545654296875">
        <ele>3.599999904632568359375</ele>
        <time>2026-08-01T08:48:10.000Z</time>
        <extensions>
          <ns3:TrackPointExtension>
            <ns3:atemp>34.0</ns3:atemp>
            <ns3:hr>164</ns3:hr>
            <ns3:cad>83</ns3:cad>
          </ns3:TrackPointExtension>
        </extensions>
      </trkpt>
      <trkpt lat="35.56469938717782497406005859375" lon="134.8101007752120494842529296875">
        <ele>3.599999904632568359375</ele>
        <time>2026-08-01T08:48:11.000Z</time>
        <extensions>
          <ns3:TrackPointExtension>
            <ns3:atemp>34.0</ns3:atemp>
            <ns3:hr>163</ns3:hr>
            <ns3:cad>83</ns3:cad>
          </ns3:TrackPointExtension>
        </extensions>
      </trkpt>
      <trkpt lat="35.5647003091871738433837890625" lon="134.81013103388249874114990234375">
        <ele>3.7999999523162841796875</ele>
        <time>2026-08-01T08:48:12.000Z</time>
        <extensions>
          <ns3:TrackPointExtension>
            <ns3:atemp>34.0</ns3:atemp>
            <ns3:hr>163</ns3:hr>
            <ns3:cad>83</ns3:cad>
          </ns3:TrackPointExtension>
        </extensions>
      </trkpt>
      <trkpt lat="35.56469838134944438934326171875" lon="134.81016506440937519073486328125">
        <ele>3.7999999523162841796875</ele>
        <time>2026-08-01T08:48:13.000Z</time>
        <extensions>
          <ns3:TrackPointExtension>
            <ns3:atemp>34.0</ns3:atemp>
            <ns3:hr>163</ns3:hr>
            <ns3:cad>82</ns3:cad>
          </ns3:TrackPointExtension>
        </extensions>
      </trkpt>
      <trkpt lat="35.56470693089067935943603515625" lon="134.81018870137631893157958984375">
        <ele>3.7999999523162841796875</ele>
        <time>2026-08-01T08:48:14.000Z</time>
        <extensions>
          <ns3:TrackPointExtension>
            <ns3:atemp>34.0</ns3:atemp>
            <ns3:hr>164</ns3:hr>
            <ns3:cad>82</ns3:cad>
          </ns3:TrackPointExtension>
        </extensions>
      </trkpt>
      <trkpt lat="35.56471061892807483673095703125" lon="134.81022038497030735015869140625">
        <ele>3.7999999523162841796875</ele>
        <time>2026-08-01T08:48:15.000Z</time>
        <extensions>
          <ns3:TrackPointExtension>
            <ns3:atemp>34.0</ns3:atemp>
            <ns3:hr>164</ns3:hr>
            <ns3:cad>82</ns3:cad>
          </ns3:TrackPointExtension>
        </extensions>
      </trkpt>
      <trkpt lat="35.5646949447691440582275390625" lon="134.8102496378123760223388671875">
        <ele>3.7999999523162841796875</ele>
        <time>2026-08-01T08:48:16.000Z</time>
        <extensions>
          <ns3:TrackPointExtension>
            <ns3:atemp>34.0</ns3:atemp>
            <ns3:hr>164</ns3:hr>
            <ns3:cad>82</ns3:cad>
          </ns3:TrackPointExtension>
        </extensions>
      </trkpt>
      <trkpt lat="35.56468564085662364959716796875" lon="134.810274951159954071044921875">
        <ele>3.599999904632568359375</ele>
        <time>2026-08-01T08:48:17.000Z</time>
        <extensions>
          <ns3:TrackPointExtension>
            <ns3:atemp>34.0</ns3:atemp>
            <ns3:hr>164</ns3:hr>
            <ns3:cad>82</ns3:cad>
          </ns3:TrackPointExtension>
        </extensions>
      </trkpt>
      <trkpt lat="35.564666278660297393798828125" lon="134.81030235998332500457763671875">
        <ele>3.400000095367431640625</ele>
        <time>2026-08-01T08:48:18.000Z</time>
        <extensions>
          <ns3:TrackPointExtension>
            <ns3:atemp>34.0</ns3:atemp>
            <ns3:hr>164</ns3:hr>
            <ns3:cad>82</ns3:cad>
          </ns3:TrackPointExtension>
        </extensions>
      </trkpt>
      <trkpt lat="35.564651191234588623046875" lon="134.8103247396647930145263671875">
        <ele>3.400000095367431640625</ele>
        <time>2026-08-01T08:48:19.000Z</time>
        <extensions>
          <ns3:TrackPointExtension>
            <ns3:atemp>34.0</ns3:atemp>
            <ns3:hr>164</ns3:hr>
            <ns3:cad>82</ns3:cad>
          </ns3:TrackPointExtension>
        </extensions>
      </trkpt>
      <trkpt lat="35.56463233195245265960693359375" lon="134.81034846045076847076416015625">
        <ele>3.400000095367431640625</ele>
        <time>2026-08-01T08:48:20.000Z</time>
        <extensions>
          <ns3:TrackPointExtension>
            <ns3:atemp>34.0</ns3:atemp>
            <ns3:hr>164</ns3:hr>
            <ns3:cad>82</ns3:cad>
          </ns3:TrackPointExtension>
        </extensions>
      </trkpt>
      <trkpt lat="35.56459830142557621002197265625" lon="134.810364134609699249267578125">
        <ele>3.400000095367431640625</ele>
        <time>2026-08-01T08:48:21.000Z</time>
        <extensions>
          <ns3:TrackPointExtension>
            <ns3:atemp>34.0</ns3:atemp>
            <ns3:hr>163</ns3:hr>
            <ns3:cad>82</ns3:cad>
          </ns3:TrackPointExtension>
        </extensions>
      </trkpt>
      <trkpt lat="35.56457751430571079254150390625" lon="134.8103783838450908660888671875">
        <ele>3.400000095367431640625</ele>
        <time>2026-08-01T08:48:22.000Z</time>
        <extensions>
          <ns3:TrackPointExtension>
            <ns3:atemp>34.0</ns3:atemp>
            <ns3:hr>163</ns3:hr>
            <ns3:cad>82</ns3:cad>
          </ns3:TrackPointExtension>
        </extensions>
      </trkpt>
      <trkpt lat="35.56455153040587902069091796875" lon="134.810391627252101898193359375">
        <ele>3.400000095367431640625</ele>
        <time>2026-08-01T08:48:23.000Z</time>
        <extensions>
          <ns3:TrackPointExtension>
            <ns3:atemp>34.0</ns3:atemp>
            <ns3:hr>163</ns3:hr>
            <ns3:cad>83</ns3:cad>
          </ns3:TrackPointExtension>
        </extensions>
      </trkpt>
      <trkpt lat="35.5645246244966983795166015625" lon="134.81040243990719318389892578125">
        <ele>3.400000095367431640625</ele>
        <time>2026-08-01T08:48:24.000Z</time>
        <extensions>
          <ns3:TrackPointExtension>
            <ns3:atemp>34.0</ns3:atemp>
            <ns3:hr>163</ns3:hr>
            <ns3:cad>83</ns3:cad>
          </ns3:TrackPointExtension>
        </extensions>
      </trkpt>
      <trkpt lat="35.56450165808200836181640625" lon="134.81041585095226764678955078125">
        <ele>3.400000095367431640625</ele>
        <time>2026-08-01T08:48:25.000Z</time>
        <extensions>
          <ns3:TrackPointExtension>
            <ns3:atemp>34.0</ns3:atemp>
            <ns3:hr>163</ns3:hr>
            <ns3:cad>83</ns3:cad>
          </ns3:TrackPointExtension>
        </extensions>
      </trkpt>
      <trkpt lat="35.5644703097641468048095703125" lon="134.8104249872267246246337890625">
        <ele>3.400000095367431640625</ele>
        <time>2026-08-01T08:48:26.000Z</time>
        <extensions>
          <ns3:TrackPointExtension>
            <ns3:atemp>34.0</ns3:atemp>
            <ns3:hr>163</ns3:hr>
            <ns3:cad>81</ns3:cad>
          </ns3:TrackPointExtension>
        </extensions>
      </trkpt>
      <trkpt lat="35.56444239802658557891845703125" lon="134.8104326985776424407958984375">
        <ele>3.400000095367431640625</ele>
        <time>2026-08-01T08:48:27.000Z</time>
        <extensions>
          <ns3:TrackPointExtension>
            <ns3:atemp>34.0</ns3:atemp>
            <ns3:hr>163</ns3:hr>
            <ns3:cad>81</ns3:cad>
          </ns3:TrackPointExtension>
        </extensions>
      </trkpt>
      <trkpt lat="35.5644191801548004150390625" lon="134.81044300831854343414306640625">
        <ele>3.599999904632568359375</ele>
        <time>2026-08-01T08:48:28.000Z</time>
        <extensions>
          <ns3:TrackPointExtension>
            <ns3:atemp>34.0</ns3:atemp>
            <ns3:hr>163</ns3:hr>
            <ns3:cad>81</ns3:cad>
          </ns3:TrackPointExtension>
        </extensions>
      </trkpt>
      <trkpt lat="35.5643935315310955047607421875" lon="134.8104554973542690277099609375">
        <ele>3.599999904632568359375</ele>
        <time>2026-08-01T08:48:29.000Z</time>
        <extensions>
          <ns3:TrackPointExtension>
            <ns3:atemp>34.0</ns3:atemp>
            <ns3:hr>163</ns3:hr>
            <ns3:cad>82</ns3:cad>
          </ns3:TrackPointExtension>
        </extensions>
      </trkpt>
      <trkpt lat="35.56437693536281585693359375" lon="134.810468070209026336669921875">
        <ele>3.599999904632568359375</ele>
        <time>2026-08-01T08:48:30.000Z</time>
        <extensions>
          <ns3:TrackPointExtension>
            <ns3:atemp>34.0</ns3:atemp>
            <ns3:hr>163</ns3:hr>
            <ns3:cad>83</ns3:cad>
          </ns3:TrackPointExtension>
        </extensions>
      </trkpt>
      <trkpt lat="35.56435036472976207733154296875" lon="134.810476116836071014404296875">
        <ele>3.599999904632568359375</ele>
        <time>2026-08-01T08:48:31.000Z</time>
        <extensions>
          <ns3:TrackPointExtension>
            <ns3:atemp>34.0</ns3:atemp>
            <ns3:hr>163</ns3:hr>
            <ns3:cad>83</ns3:cad>
          </ns3:TrackPointExtension>
        </extensions>
      </trkpt>
      <trkpt lat="35.5643284879624843597412109375" lon="134.810487516224384307861328125">
        <ele>3.599999904632568359375</ele>
        <time>2026-08-01T08:48:32.000Z</time>
        <extensions>
          <ns3:TrackPointExtension>
            <ns3:atemp>34.0</ns3:atemp>
            <ns3:hr>164</ns3:hr>
            <ns3:cad>82</ns3:cad>
          </ns3:TrackPointExtension>
        </extensions>
      </trkpt>
      <trkpt lat="35.5643090419471263885498046875" lon="134.8105027712881565093994140625">
        <ele>3.599999904632568359375</ele>
        <time>2026-08-01T08:48:33.000Z</time>
        <extensions>
          <ns3:TrackPointExtension>
            <ns3:atemp>34.0</ns3:atemp>
            <ns3:hr>163</ns3:hr>
            <ns3:cad>82</ns3:cad>
          </ns3:TrackPointExtension>
        </extensions>
      </trkpt>
      <trkpt lat="35.564281381666660308837890625" lon="134.8105111531913280487060546875">
        <ele>3.400000095367431640625</ele>
        <time>2026-08-01T08:48:34.000Z</time>
        <extensions>
          <ns3:TrackPointExtension>
            <ns3:atemp>34.0</ns3:atemp>
            <ns3:hr>163</ns3:hr>
            <ns3:cad>82</ns3:cad>
          </ns3:TrackPointExtension>
        </extensions>
      </trkpt>
      <trkpt lat="35.56426051072776317596435546875" lon="134.8105188645422458648681640625">
        <ele>3.400000095367431640625</ele>
        <time>2026-08-01T08:48:35.000Z</time>
        <extensions>
          <ns3:TrackPointExtension>
            <ns3:atemp>34.0</ns3:atemp>
            <ns3:hr>163</ns3:hr>
            <ns3:cad>82</ns3:cad>
          </ns3:TrackPointExtension>
        </extensions>
      </trkpt>
      <trkpt lat="35.5642376281321048736572265625" lon="134.810528419911861419677734375">
        <ele>3.400000095367431640625</ele>
        <time>2026-08-01T08:48:36.000Z</time>
        <extensions>
          <ns3:TrackPointExtension>
            <ns3:atemp>34.0</ns3:atemp>
            <ns3:hr>164</ns3:hr>
            <ns3:cad>83</ns3:cad>
          </ns3:TrackPointExtension>
        </extensions>
      </trkpt>
      <trkpt lat="35.56420820765197277069091796875" lon="134.8105339519679546356201171875">
        <ele>3.400000095367431640625</ele>
        <time>2026-08-01T08:48:37.000Z</time>
        <extensions>
          <ns3:TrackPointExtension>
            <ns3:atemp>34.0</ns3:atemp>
            <ns3:hr>164</ns3:hr>
            <ns3:cad>83</ns3:cad>
          </ns3:TrackPointExtension>
        </extensions>
      </trkpt>
      <trkpt lat="35.5641920305788516998291015625" lon="134.81054509989917278289794921875">
        <ele>3.400000095367431640625</ele>
        <time>2026-08-01T08:48:38.000Z</time>
        <extensions>
          <ns3:TrackPointExtension>
            <ns3:atemp>34.0</ns3:atemp>
            <ns3:hr>164</ns3:hr>
            <ns3:cad>83</ns3:cad>
          </ns3:TrackPointExtension>
        </extensions>
      </trkpt>
      <trkpt lat="35.5641631968319416046142578125" lon="134.8105497099459171295166015625">
        <ele>3.400000095367431640625</ele>
        <time>2026-08-01T08:48:39.000Z</time>
        <extensions>
          <ns3:TrackPointExtension>
            <ns3:atemp>34.0</ns3:atemp>
            <ns3:hr>164</ns3:hr>
            <ns3:cad>82</ns3:cad>
          </ns3:TrackPointExtension>
        </extensions>
      </trkpt>
      <trkpt lat="35.564141906797885894775390625" lon="134.81055683456361293792724609375">
        <ele>3.400000095367431640625</ele>
        <time>2026-08-01T08:48:40.000Z</time>
        <extensions>
          <ns3:TrackPointExtension>
            <ns3:atemp>34.0</ns3:atemp>
            <ns3:hr>164</ns3:hr>
            <ns3:cad>82</ns3:cad>
          </ns3:TrackPointExtension>
        </extensions>
      </trkpt>
      <trkpt lat="35.56412355042994022369384765625" lon="134.81056923978030681610107421875">
        <ele>3.400000095367431640625</ele>
        <time>2026-08-01T08:48:41.000Z</time>
        <extensions>
          <ns3:TrackPointExtension>
            <ns3:atemp>34.0</ns3:atemp>
            <ns3:hr>164</ns3:hr>
            <ns3:cad>82</ns3:cad>
          </ns3:TrackPointExtension>
        </extensions>
      </trkpt>
      <trkpt lat="35.564093627035617828369140625" lon="134.8105782084167003631591796875">
        <ele>3.400000095367431640625</ele>
        <time>2026-08-01T08:48:42.000Z</time>
        <extensions>
          <ns3:TrackPointExtension>
            <ns3:atemp>34.0</ns3:atemp>
            <ns3:hr>164</ns3:hr>
            <ns3:cad>82</ns3:cad>
          </ns3:TrackPointExtension>
        </extensions>
      </trkpt>
      <trkpt lat="35.56407862342894077301025390625" lon="134.81058801524341106414794921875">
        <ele>3.599999904632568359375</ele>
        <time>2026-08-01T08:48:43.000Z</time>
        <extensions>
          <ns3:TrackPointExtension>
            <ns3:atemp>34.0</ns3:atemp>
            <ns3:hr>164</ns3:hr>
            <ns3:cad>82</ns3:cad>
          </ns3:TrackPointExtension>
        </extensions>
      </trkpt>
      <trkpt lat="35.56405180133879184722900390625" lon="134.8105983249843120574951171875">
        <ele>3.599999904632568359375</ele>
        <time>2026-08-01T08:48:44.000Z</time>
        <extensions>
          <ns3:TrackPointExtension>
            <ns3:atemp>34.0</ns3:atemp>
            <ns3:hr>164</ns3:hr>
            <ns3:cad>82</ns3:cad>
          </ns3:TrackPointExtension>
        </extensions>
      </trkpt>
      <trkpt lat="35.56402422487735748291015625" lon="134.81060377322137355804443359375">
        <ele>3.599999904632568359375</ele>
        <time>2026-08-01T08:48:45.000Z</time>
        <extensions>
          <ns3:TrackPointExtension>
            <ns3:atemp>34.0</ns3:atemp>
            <ns3:hr>164</ns3:hr>
            <ns3:cad>82</ns3:cad>
          </ns3:TrackPointExtension>
        </extensions>
      </trkpt>
      <trkpt lat="35.5640052817761898040771484375" lon="134.81061466969549655914306640625">
        <ele>3.599999904632568359375</ele>
        <time>2026-08-01T08:48:46.000Z</time>
        <extensions>
          <ns3:TrackPointExtension>
            <ns3:atemp>34.0</ns3:atemp>
            <ns3:hr>164</ns3:hr>
            <ns3:cad>82</ns3:cad>
          </ns3:TrackPointExtension>
        </extensions>
      </trkpt>
      <trkpt lat="35.56397552601993083953857421875" lon="134.8106266558170318603515625">
        <ele>3.599999904632568359375</ele>
        <time>2026-08-01T08:48:47.000Z</time>
        <extensions>
          <ns3:TrackPointExtension>
            <ns3:atemp>34.0</ns3:atemp>
            <ns3:hr>164</ns3:hr>
            <ns3:cad>82</ns3:cad>
          </ns3:TrackPointExtension>
        </extensions>
      </trkpt>
      <trkpt lat="35.563954822719097137451171875" lon="134.8106335289776325225830078125">
        <ele>3.599999904632568359375</ele>
        <time>2026-08-01T08:48:48.000Z</time>
        <extensions>
          <ns3:TrackPointExtension>
            <ns3:atemp>34.0</ns3:atemp>
            <ns3:hr>164</ns3:hr>
            <ns3:cad>82</ns3:cad>
          </ns3:TrackPointExtension>
        </extensions>
      </trkpt>
      <trkpt lat="35.5639308504760265350341796875" lon="134.810644425451755523681640625">
        <ele>3.599999904632568359375</ele>
        <time>2026-08-01T08:48:49.000Z</time>
        <extensions>
          <ns3:TrackPointExtension>
            <ns3:atemp>34.0</ns3:atemp>
            <ns3:hr>165</ns3:hr>
            <ns3:cad>82</ns3:cad>
          </ns3:TrackPointExtension>
        </extensions>
      </trkpt>
      <trkpt lat="35.563901849091053009033203125" lon="134.8106556572020053863525390625">
        <ele>3.599999904632568359375</ele>
        <time>2026-08-01T08:48:50.000Z</time>
        <extensions>
          <ns3:TrackPointExtension>
            <ns3:atemp>34.0</ns3:atemp>
            <ns3:hr>164</ns3:hr>
            <ns3:cad>82</ns3:cad>
          </ns3:TrackPointExtension>
        </extensions>
      </trkpt>
      <trkpt lat="35.56388315744698047637939453125" lon="134.81066931970417499542236328125">
        <ele>3.599999904632568359375</ele>
        <time>2026-08-01T08:48:51.000Z</time>
        <extensions>
          <ns3:TrackPointExtension>
            <ns3:atemp>34.0</ns3:atemp>
            <ns3:hr>164</ns3:hr>
            <ns3:cad>82</ns3:cad>
          </ns3:TrackPointExtension>
        </extensions>
      </trkpt>
      <trkpt lat="35.5638577602803707122802734375" lon="134.8106776177883148193359375">
        <ele>3.599999904632568359375</ele>
        <time>2026-08-01T08:48:52.000Z</time>
        <extensions>
          <ns3:TrackPointExtension>
            <ns3:atemp>34.0</ns3:atemp>
            <ns3:hr>164</ns3:hr>
            <ns3:cad>82</ns3:cad>
          </ns3:TrackPointExtension>
        </extensions>
      </trkpt>
      <trkpt lat="35.5638342909514904022216796875" lon="134.810685999691486358642578125">
        <ele>3.599999904632568359375</ele>
        <time>2026-08-01T08:48:53.000Z</time>
        <extensions>
          <ns3:TrackPointExtension>
            <ns3:atemp>34.0</ns3:atemp>
            <ns3:hr>163</ns3:hr>
            <ns3:cad>82</ns3:cad>
          </ns3:TrackPointExtension>
        </extensions>
      </trkpt>
      <trkpt lat="35.56381543166935443878173828125" lon="134.810700081288814544677734375">
        <ele>3.599999904632568359375</ele>
        <time>2026-08-01T08:48:54.000Z</time>
        <extensions>
          <ns3:TrackPointExtension>
            <ns3:atemp>34.0</ns3:atemp>
            <ns3:hr>163</ns3:hr>
            <ns3:cad>82</ns3:cad>
          </ns3:TrackPointExtension>
        </extensions>
      </trkpt>
      <trkpt lat="35.563787519931793212890625" lon="134.81071122922003269195556640625">
        <ele>3.599999904632568359375</ele>
        <time>2026-08-01T08:48:55.000Z</time>
        <extensions>
          <ns3:TrackPointExtension>
            <ns3:atemp>34.0</ns3:atemp>
            <ns3:hr>163</ns3:hr>
            <ns3:cad>82</ns3:cad>
          </ns3:TrackPointExtension>
        </extensions>
      </trkpt>
      <trkpt lat="35.5637685768306255340576171875" lon="134.81071240268647670745849609375">
        <ele>3.599999904632568359375</ele>
        <time>2026-08-01T08:48:56.000Z</time>
        <extensions>
          <ns3:TrackPointExtension>
            <ns3:atemp>34.0</ns3:atemp>
            <ns3:hr>163</ns3:hr>
            <ns3:cad>82</ns3:cad>
          </ns3:TrackPointExtension>
        </extensions>
      </trkpt>
      <trkpt lat="35.5637444369494915008544921875" lon="134.8107200302183628082275390625">
        <ele>3.7999999523162841796875</ele>
        <time>2026-08-01T08:48:57.000Z</time>
        <extensions>
          <ns3:TrackPointExtension>
            <ns3:atemp>34.0</ns3:atemp>
            <ns3:hr>163</ns3:hr>
            <ns3:cad>82</ns3:cad>
          </ns3:TrackPointExtension>
        </extensions>
      </trkpt>
      <trkpt lat="35.563716776669025421142578125" lon="134.81072681955993175506591796875">
        <ele>3.7999999523162841796875</ele>
        <time>2026-08-01T08:48:58.000Z</time>
        <extensions>
          <ns3:TrackPointExtension>
            <ns3:atemp>34.0</ns3:atemp>
            <ns3:hr>164</ns3:hr>
            <ns3:cad>83</ns3:cad>
          </ns3:TrackPointExtension>
        </extensions>
      </trkpt>
      <trkpt lat="35.5636981688439846038818359375" lon="134.81073872186243534088134765625">
        <ele>3.7999999523162841796875</ele>
        <time>2026-08-01T08:48:59.000Z</time>
        <extensions>
          <ns3:TrackPointExtension>
            <ns3:atemp>34.0</ns3:atemp>
            <ns3:hr>164</ns3:hr>
            <ns3:cad>83</ns3:cad>
          </ns3:TrackPointExtension>
        </extensions>
      </trkpt>
      <trkpt lat="35.56367159821093082427978515625" lon="134.81074676848948001861572265625">
        <ele>3.7999999523162841796875</ele>
        <time>2026-08-01T08:49:00.000Z</time>
        <extensions>
          <ns3:TrackPointExtension>
            <ns3:atemp>34.0</ns3:atemp>
            <ns3:hr>164</ns3:hr>
            <ns3:cad>83</ns3:cad>
          </ns3:TrackPointExtension>
        </extensions>
      </trkpt>
      <trkpt lat="35.563647039234638214111328125" lon="134.81075213290750980377197265625">
        <ele>3.7999999523162841796875</ele>
        <time>2026-08-01T08:49:01.000Z</time>
        <extensions>
          <ns3:TrackPointExtension>
            <ns3:atemp>34.0</ns3:atemp>
            <ns3:hr>163</ns3:hr>
            <ns3:cad>83</ns3:cad>
          </ns3:TrackPointExtension>
        </extensions>
      </trkpt>
      <trkpt lat="35.5636252462863922119140625" lon="134.81076286174356937408447265625">
        <ele>3.7999999523162841796875</ele>
        <time>2026-08-01T08:49:02.000Z</time>
        <extensions>
          <ns3:TrackPointExtension>
            <ns3:atemp>34.0</ns3:atemp>
            <ns3:hr>163</ns3:hr>
            <ns3:cad>82</ns3:cad>
          </ns3:TrackPointExtension>
        </extensions>
      </trkpt>
      <trkpt lat="35.56359197013080120086669921875" lon="134.81077308766543865203857421875">
        <ele>3.7999999523162841796875</ele>
        <time>2026-08-01T08:49:03.000Z</time>
        <extensions>
          <ns3:TrackPointExtension>
            <ns3:atemp>34.0</ns3:atemp>
            <ns3:hr>163</ns3:hr>
            <ns3:cad>82</ns3:cad>
          </ns3:TrackPointExtension>
        </extensions>
      </trkpt>
      <trkpt lat="35.5635660700500011444091796875" lon="134.81078691780567169189453125">
        <ele>3.7999999523162841796875</ele>
        <time>2026-08-01T08:49:04.000Z</time>
        <extensions>
          <ns3:TrackPointExtension>
            <ns3:atemp>34.0</ns3:atemp>
            <ns3:hr>162</ns3:hr>
            <ns3:cad>82</ns3:cad>
          </ns3:TrackPointExtension>
        </extensions>
      </trkpt>
      <trkpt lat="35.56354251690208911895751953125" lon="134.81080242432653903961181640625">
        <ele>3.7999999523162841796875</ele>
        <time>2026-08-01T08:49:05.000Z</time>
        <extensions>
          <ns3:TrackPointExtension>
            <ns3:atemp>34.0</ns3:atemp>
            <ns3:hr>162</ns3:hr>
            <ns3:cad>83</ns3:cad>
          </ns3:TrackPointExtension>
        </extensions>
      </trkpt>
      <trkpt lat="35.5635127611458301544189453125" lon="134.81081818230450153350830078125">
        <ele>3.7999999523162841796875</ele>
        <time>2026-08-01T08:49:06.000Z</time>
        <extensions>
          <ns3:TrackPointExtension>
            <ns3:atemp>34.0</ns3:atemp>
            <ns3:hr>162</ns3:hr>
            <ns3:cad>83</ns3:cad>
          </ns3:TrackPointExtension>
        </extensions>
      </trkpt>
      <trkpt lat="35.56349859572947025299072265625" lon="134.81083653867244720458984375">
        <ele>3.7999999523162841796875</ele>
        <time>2026-08-01T08:49:07.000Z</time>
        <extensions>
          <ns3:TrackPointExtension>
            <ns3:atemp>34.0</ns3:atemp>
            <ns3:hr>162</ns3:hr>
            <ns3:cad>83</ns3:cad>
          </ns3:TrackPointExtension>
        </extensions>
      </trkpt>
      <trkpt lat="35.56347395293414592742919921875" lon="134.8108531348407268524169921875">
        <ele>3.7999999523162841796875</ele>
        <time>2026-08-01T08:49:08.000Z</time>
        <extensions>
          <ns3:TrackPointExtension>
            <ns3:atemp>34.0</ns3:atemp>
            <ns3:hr>162</ns3:hr>
            <ns3:cad>82</ns3:cad>
          </ns3:TrackPointExtension>
        </extensions>
      </trkpt>
      <trkpt lat="35.5634535849094390869140625" lon="134.8108662106096744537353515625">
        <ele>3.7999999523162841796875</ele>
        <time>2026-08-01T08:49:09.000Z</time>
        <extensions>
          <ns3:TrackPointExtension>
            <ns3:atemp>34.0</ns3:atemp>
            <ns3:hr>161</ns3:hr>
            <ns3:cad>82</ns3:cad>
          </ns3:TrackPointExtension>
        </extensions>
      </trkpt>
      <trkpt lat="35.563437826931476593017578125" lon="134.81088322587311267852783203125">
        <ele>3.7999999523162841796875</ele>
        <time>2026-08-01T08:49:10.000Z</time>
        <extensions>
          <ns3:TrackPointExtension>
            <ns3:atemp>34.0</ns3:atemp>
            <ns3:hr>161</ns3:hr>
            <ns3:cad>82</ns3:cad>
          </ns3:TrackPointExtension>
        </extensions>
      </trkpt>
      <trkpt lat="35.56340890936553478240966796875" lon="134.81089093722403049468994140625">
        <ele>3.7999999523162841796875</ele>
        <time>2026-08-01T08:49:11.000Z</time>
        <extensions>
          <ns3:TrackPointExtension>
            <ns3:atemp>34.0</ns3:atemp>
            <ns3:hr>161</ns3:hr>
            <ns3:cad>81</ns3:cad>
          </ns3:TrackPointExtension>
        </extensions>
      </trkpt>
      <trkpt lat="35.56339600123465061187744140625" lon="134.81089890003204345703125">
        <ele>3.7999999523162841796875</ele>
        <time>2026-08-01T08:49:12.000Z</time>
        <extensions>
          <ns3:TrackPointExtension>
            <ns3:atemp>34.0</ns3:atemp>
            <ns3:hr>162</ns3:hr>
            <ns3:cad>82</ns3:cad>
          </ns3:TrackPointExtension>
        </extensions>
      </trkpt>
      <trkpt lat="35.5633773095905780792236328125" lon="134.81091340072453022003173828125">
        <ele>3.7999999523162841796875</ele>
        <time>2026-08-01T08:49:13.000Z</time>
        <extensions>
          <ns3:TrackPointExtension>
            <ns3:atemp>34.0</ns3:atemp>
            <ns3:hr>162</ns3:hr>
            <ns3:cad>82</ns3:cad>
          </ns3:TrackPointExtension>
        </extensions>
      </trkpt>
      <trkpt lat="35.56335576809942722320556640625" lon="134.81092999689280986785888671875">
        <ele>3.7999999523162841796875</ele>
        <time>2026-08-01T08:49:14.000Z</time>
        <extensions>
          <ns3:TrackPointExtension>
            <ns3:atemp>34.0</ns3:atemp>
            <ns3:hr>162</ns3:hr>
            <ns3:cad>82</ns3:cad>
          </ns3:TrackPointExtension>
        </extensions>
      </trkpt>
      <trkpt lat="35.56334269233047962188720703125" lon="134.8109463416039943695068359375">
        <ele>3.7999999523162841796875</ele>
        <time>2026-08-01T08:49:15.000Z</time>
        <extensions>
          <ns3:TrackPointExtension>
            <ns3:atemp>34.0</ns3:atemp>
            <ns3:hr>162</ns3:hr>
            <ns3:cad>82</ns3:cad>
          </ns3:TrackPointExtension>
        </extensions>
      </trkpt>
      <trkpt lat="35.563317798078060150146484375" lon="134.81095832772552967071533203125">
        <ele>3.7999999523162841796875</ele>
        <time>2026-08-01T08:49:16.000Z</time>
        <extensions>
          <ns3:TrackPointExtension>
            <ns3:atemp>34.0</ns3:atemp>
            <ns3:hr>163</ns3:hr>
            <ns3:cad>82</ns3:cad>
          </ns3:TrackPointExtension>
        </extensions>
      </trkpt>
      <trkpt lat="35.5633022077381610870361328125" lon="134.81096922419965267181396484375">
        <ele>3.7999999523162841796875</ele>
        <time>2026-08-01T08:49:17.000Z</time>
        <extensions>
          <ns3:TrackPointExtension>
            <ns3:atemp>34.0</ns3:atemp>
            <ns3:hr>163</ns3:hr>
            <ns3:cad>82</ns3:cad>
          </ns3:TrackPointExtension>
        </extensions>
      </trkpt>
      <trkpt lat="35.5632851086556911468505859375" lon="134.810985736548900604248046875">
        <ele>3.7999999523162841796875</ele>
        <time>2026-08-01T08:49:18.000Z</time>
        <extensions>
          <ns3:TrackPointExtension>
            <ns3:atemp>34.0</ns3:atemp>
            <ns3:hr>163</ns3:hr>
            <ns3:cad>82</ns3:cad>
          </ns3:TrackPointExtension>
        </extensions>
      </trkpt>
      <trkpt lat="35.5632572807371616363525390625" lon="134.81100359000265598297119140625">
        <ele>3.7999999523162841796875</ele>
        <time>2026-08-01T08:49:19.000Z</time>
        <extensions>
          <ns3:TrackPointExtension>
            <ns3:atemp>34.0</ns3:atemp>
            <ns3:hr>163</ns3:hr>
            <ns3:cad>82</ns3:cad>
          </ns3:TrackPointExtension>
        </extensions>
      </trkpt>
      <trkpt lat="35.56324378587305545806884765625" lon="134.81101683340966701507568359375">
        <ele>4</ele>
        <time>2026-08-01T08:49:20.000Z</time>
        <extensions>
          <ns3:TrackPointExtension>
            <ns3:atemp>34.0</ns3:atemp>
            <ns3:hr>164</ns3:hr>
            <ns3:cad>82</ns3:cad>
          </ns3:TrackPointExtension>
        </extensions>
      </trkpt>
      <trkpt lat="35.56322626769542694091796875" lon="134.8110308311879634857177734375">
        <ele>4</ele>
        <time>2026-08-01T08:49:21.000Z</time>
        <extensions>
          <ns3:TrackPointExtension>
            <ns3:atemp>34.0</ns3:atemp>
            <ns3:hr>164</ns3:hr>
            <ns3:cad>82</ns3:cad>
          </ns3:TrackPointExtension>
        </extensions>
      </trkpt>
      <trkpt lat="35.56320221163332462310791015625" lon="134.81104432605206966400146484375">
        <ele>4</ele>
        <time>2026-08-01T08:49:22.000Z</time>
        <extensions>
          <ns3:TrackPointExtension>
            <ns3:atemp>34.0</ns3:atemp>
            <ns3:hr>165</ns3:hr>
            <ns3:cad>83</ns3:cad>
          </ns3:TrackPointExtension>
        </extensions>
      </trkpt>
      <trkpt lat="35.5631855316460132598876953125" lon="134.81106209568679332733154296875">
        <ele>3.7999999523162841796875</ele>
        <time>2026-08-01T08:49:23.000Z</time>
        <extensions>
          <ns3:TrackPointExtension>
            <ns3:atemp>34.0</ns3:atemp>
            <ns3:hr>165</ns3:hr>
            <ns3:cad>83</ns3:cad>
          </ns3:TrackPointExtension>
        </extensions>
      </trkpt>
      <trkpt lat="35.563158877193927764892578125" lon="134.811074919998645782470703125">
        <ele>3.7999999523162841796875</ele>
        <time>2026-08-01T08:49:24.000Z</time>
        <extensions>
          <ns3:TrackPointExtension>
            <ns3:atemp>34.0</ns3:atemp>
            <ns3:hr>165</ns3:hr>
            <ns3:cad>83</ns3:cad>
          </ns3:TrackPointExtension>
        </extensions>
      </trkpt>
      <trkpt lat="35.56313901208341121673583984375" lon="134.811088331043720245361328125">
        <ele>3.7999999523162841796875</ele>
        <time>2026-08-01T08:49:25.000Z</time>
        <extensions>
          <ns3:TrackPointExtension>
            <ns3:atemp>34.0</ns3:atemp>
            <ns3:hr>164</ns3:hr>
            <ns3:cad>83</ns3:cad>
          </ns3:TrackPointExtension>
        </extensions>
      </trkpt>
      <trkpt lat="35.56311939842998981475830078125" lon="134.81110601685941219329833984375">
        <ele>3.7999999523162841796875</ele>
        <time>2026-08-01T08:49:26.000Z</time>
        <extensions>
          <ns3:TrackPointExtension>
            <ns3:atemp>34.0</ns3:atemp>
            <ns3:hr>164</ns3:hr>
            <ns3:cad>83</ns3:cad>
          </ns3:TrackPointExtension>
        </extensions>
      </trkpt>
      <trkpt lat="35.5630953423678874969482421875" lon="134.81112445704638957977294921875">
        <ele>3.7999999523162841796875</ele>
        <time>2026-08-01T08:49:27.000Z</time>
        <extensions>
          <ns3:TrackPointExtension>
            <ns3:atemp>34.0</ns3:atemp>
            <ns3:hr>164</ns3:hr>
            <ns3:cad>82</ns3:cad>
          </ns3:TrackPointExtension>
        </extensions>
      </trkpt>
      <trkpt lat="35.56308184750378131866455078125" lon="134.811133928596973419189453125">
        <ele>3.7999999523162841796875</ele>
        <time>2026-08-01T08:49:28.000Z</time>
        <extensions>
          <ns3:TrackPointExtension>
            <ns3:atemp>34.0</ns3:atemp>
            <ns3:hr>164</ns3:hr>
            <ns3:cad>82</ns3:cad>
          </ns3:TrackPointExtension>
        </extensions>
      </trkpt>
      <trkpt lat="35.56305418722331523895263671875" lon="134.8111481778323650360107421875">
        <ele>3.7999999523162841796875</ele>
        <time>2026-08-01T08:49:29.000Z</time>
        <extensions>
          <ns3:TrackPointExtension>
            <ns3:atemp>34.0</ns3:atemp>
            <ns3:hr>164</ns3:hr>
            <ns3:cad>82</ns3:cad>
          </ns3:TrackPointExtension>
        </extensions>
      </trkpt>
      <trkpt lat="35.56303205899894237518310546875" lon="134.81115974485874176025390625">
        <ele>3.7999999523162841796875</ele>
        <time>2026-08-01T08:49:30.000Z</time>
        <extensions>
          <ns3:TrackPointExtension>
            <ns3:atemp>34.0</ns3:atemp>
            <ns3:hr>164</ns3:hr>
            <ns3:cad>83</ns3:cad>
          </ns3:TrackPointExtension>
        </extensions>
      </trkpt>
      <trkpt lat="35.56301479227840900421142578125" lon="134.81117575429379940032958984375">
        <ele>3.7999999523162841796875</ele>
        <time>2026-08-01T08:49:31.000Z</time>
        <extensions>
          <ns3:TrackPointExtension>
            <ns3:atemp>34.0</ns3:atemp>
            <ns3:hr>163</ns3:hr>
            <ns3:cad>83</ns3:cad>
          </ns3:TrackPointExtension>
        </extensions>
      </trkpt>
      <trkpt lat="35.5629887245595455169677734375" lon="134.81119318865239620208740234375">
        <ele>3.7999999523162841796875</ele>
        <time>2026-08-01T08:49:32.000Z</time>
        <extensions>
          <ns3:TrackPointExtension>
            <ns3:atemp>34.0</ns3:atemp>
            <ns3:hr>164</ns3:hr>
            <ns3:cad>83</ns3:cad>
          </ns3:TrackPointExtension>
        </extensions>
      </trkpt>
      <trkpt lat="35.56297673843801021575927734375" lon="134.81120810844004154205322265625">
        <ele>3.7999999523162841796875</ele>
        <time>2026-08-01T08:49:33.000Z</time>
        <extensions>
          <ns3:TrackPointExtension>
            <ns3:atemp>34.0</ns3:atemp>
            <ns3:hr>164</ns3:hr>
            <ns3:cad>83</ns3:cad>
          </ns3:TrackPointExtension>
        </extensions>
      </trkpt>
      <trkpt lat="35.5629575438797473907470703125" lon="134.811227135360240936279296875">
        <ele>3.7999999523162841796875</ele>
        <time>2026-08-01T08:49:34.000Z</time>
        <extensions>
          <ns3:TrackPointExtension>
            <ns3:atemp>34.0</ns3:atemp>
            <ns3:hr>164</ns3:hr>
            <ns3:cad>82</ns3:cad>
          </ns3:TrackPointExtension>
        </extensions>
      </trkpt>
      <trkpt lat="35.56292929686605930328369140625" lon="134.81124222278594970703125">
        <ele>3.7999999523162841796875</ele>
        <time>2026-08-01T08:49:35.000Z</time>
        <extensions>
          <ns3:TrackPointExtension>
            <ns3:atemp>34.0</ns3:atemp>
            <ns3:hr>165</ns3:hr>
            <ns3:cad>82</ns3:cad>
          </ns3:TrackPointExtension>
        </extensions>
      </trkpt>
      <trkpt lat="35.5629139579832553863525390625" lon="134.81125496327877044677734375">
        <ele>3.599999904632568359375</ele>
        <time>2026-08-01T08:49:36.000Z</time>
        <extensions>
          <ns3:TrackPointExtension>
            <ns3:atemp>34.0</ns3:atemp>
            <ns3:hr>165</ns3:hr>
            <ns3:cad>82</ns3:cad>
          </ns3:TrackPointExtension>
        </extensions>
      </trkpt>
      <trkpt lat="35.5628901533782482147216796875" lon="134.811269380152225494384765625">
        <ele>3.7999999523162841796875</ele>
        <time>2026-08-01T08:49:37.000Z</time>
        <extensions>
          <ns3:TrackPointExtension>
            <ns3:atemp>34.0</ns3:atemp>
            <ns3:hr>165</ns3:hr>
            <ns3:cad>82</ns3:cad>
          </ns3:TrackPointExtension>
        </extensions>
      </trkpt>
      <trkpt lat="35.5628633312880992889404296875" lon="134.81128002516925334930419921875">
        <ele>3.7999999523162841796875</ele>
        <time>2026-08-01T08:49:38.000Z</time>
        <extensions>
          <ns3:TrackPointExtension>
            <ns3:atemp>34.0</ns3:atemp>
            <ns3:hr>165</ns3:hr>
            <ns3:cad>82</ns3:cad>
          </ns3:TrackPointExtension>
        </extensions>
      </trkpt>
      <trkpt lat="35.562846399843692779541015625" lon="134.8112956993281841278076171875">
        <ele>3.7999999523162841796875</ele>
        <time>2026-08-01T08:49:39.000Z</time>
        <extensions>
          <ns3:TrackPointExtension>
            <ns3:atemp>34.0</ns3:atemp>
            <ns3:hr>164</ns3:hr>
            <ns3:cad>82</ns3:cad>
          </ns3:TrackPointExtension>
        </extensions>
      </trkpt>
      <trkpt lat="35.56282049976289272308349609375" lon="134.8113121278584003448486328125">
        <ele>3.7999999523162841796875</ele>
        <time>2026-08-01T08:49:40.000Z</time>
        <extensions>
          <ns3:TrackPointExtension>
            <ns3:atemp>34.0</ns3:atemp>
            <ns3:hr>164</ns3:hr>
            <ns3:cad>82</ns3:cad>
          </ns3:TrackPointExtension>
        </extensions>
      </trkpt>
      <trkpt lat="35.5628071725368499755859375" lon="134.8113215155899524688720703125">
        <ele>3.7999999523162841796875</ele>
        <time>2026-08-01T08:49:41.000Z</time>
        <extensions>
          <ns3:TrackPointExtension>
            <ns3:atemp>34.0</ns3:atemp>
            <ns3:hr>164</ns3:hr>
            <ns3:cad>81</ns3:cad>
          </ns3:TrackPointExtension>
        </extensions>
      </trkpt>
      <trkpt lat="35.5627862177789211273193359375" lon="134.81133501045405864715576171875">
        <ele>3.7999999523162841796875</ele>
        <time>2026-08-01T08:49:42.000Z</time>
        <extensions>
          <ns3:TrackPointExtension>
            <ns3:atemp>34.0</ns3:atemp>
            <ns3:hr>164</ns3:hr>
            <ns3:cad>81</ns3:cad>
          </ns3:TrackPointExtension>
        </extensions>
      </trkpt>
      <trkpt lat="35.56276283226907253265380859375" lon="134.811351858079433441162109375">
        <ele>3.7999999523162841796875</ele>
        <time>2026-08-01T08:49:43.000Z</time>
        <extensions>
          <ns3:TrackPointExtension>
            <ns3:atemp>34.0</ns3:atemp>
            <ns3:hr>164</ns3:hr>
            <ns3:cad>82</ns3:cad>
          </ns3:TrackPointExtension>
        </extensions>
      </trkpt>
      <trkpt lat="35.56275310926139354705810546875" lon="134.811366610229015350341796875">
        <ele>3.7999999523162841796875</ele>
        <time>2026-08-01T08:49:44.000Z</time>
        <extensions>
          <ns3:TrackPointExtension>
            <ns3:atemp>34.0</ns3:atemp>
            <ns3:hr>164</ns3:hr>
            <ns3:cad>82</ns3:cad>
          </ns3:TrackPointExtension>
        </extensions>
      </trkpt>
      <trkpt lat="35.562730394303798675537109375" lon="134.81138748116791248321533203125">
        <ele>3.7999999523162841796875</ele>
        <time>2026-08-01T08:49:45.000Z</time>
        <extensions>
          <ns3:TrackPointExtension>
            <ns3:atemp>34.0</ns3:atemp>
            <ns3:hr>163</ns3:hr>
            <ns3:cad>82</ns3:cad>
          </ns3:TrackPointExtension>
        </extensions>
      </trkpt>
      <trkpt lat="35.56270726025104522705078125" lon="134.81140307150781154632568359375">
        <ele>3.7999999523162841796875</ele>
        <time>2026-08-01T08:49:46.000Z</time>
        <extensions>
          <ns3:TrackPointExtension>
            <ns3:atemp>34.0</ns3:atemp>
            <ns3:hr>164</ns3:hr>
            <ns3:cad>82</ns3:cad>
          </ns3:TrackPointExtension>
        </extensions>
      </trkpt>
      <trkpt lat="35.56268806569278240203857421875" lon="134.81141799129545688629150390625">
        <ele>3.7999999523162841796875</ele>
        <time>2026-08-01T08:49:47.000Z</time>
        <extensions>
          <ns3:TrackPointExtension>
            <ns3:atemp>34.0</ns3:atemp>
            <ns3:hr>164</ns3:hr>
            <ns3:cad>81</ns3:cad>
          </ns3:TrackPointExtension>
        </extensions>
      </trkpt>
      <trkpt lat="35.562657304108142852783203125" lon="134.8114321567118167877197265625">
        <ele>3.7999999523162841796875</ele>
        <time>2026-08-01T08:49:48.000Z</time>
        <extensions>
          <ns3:TrackPointExtension>
            <ns3:atemp>34.0</ns3:atemp>
            <ns3:hr>164</ns3:hr>
            <ns3:cad>81</ns3:cad>
          </ns3:TrackPointExtension>
        </extensions>
      </trkpt>
      <trkpt lat="35.5626403726637363433837890625" lon="134.8114415444433689117431640625">
        <ele>3.7999999523162841796875</ele>
        <time>2026-08-01T08:49:49.000Z</time>
        <extensions>
          <ns3:TrackPointExtension>
            <ns3:atemp>34.0</ns3:atemp>
            <ns3:hr>164</ns3:hr>
            <ns3:cad>81</ns3:cad>
          </ns3:TrackPointExtension>
        </extensions>
      </trkpt>
      <trkpt lat="35.56261849589645862579345703125" lon="134.81145990081131458282470703125">
        <ele>4</ele>
        <time>2026-08-01T08:49:50.000Z</time>
        <extensions>
          <ns3:TrackPointExtension>
            <ns3:atemp>34.0</ns3:atemp>
            <ns3:hr>164</ns3:hr>
            <ns3:cad>83</ns3:cad>
          </ns3:TrackPointExtension>
        </extensions>
      </trkpt>
      <trkpt lat="35.56259100325405597686767578125" lon="134.81147892773151397705078125">
        <ele>4</ele>
        <time>2026-08-01T08:49:51.000Z</time>
        <extensions>
          <ns3:TrackPointExtension>
            <ns3:atemp>34.0</ns3:atemp>
            <ns3:hr>164</ns3:hr>
            <ns3:cad>82</ns3:cad>
          </ns3:TrackPointExtension>
        </extensions>
      </trkpt>
      <trkpt lat="35.56257574819028377532958984375" lon="134.81149527244269847869873046875">
        <ele>4</ele>
        <time>2026-08-01T08:49:52.000Z</time>
        <extensions>
          <ns3:TrackPointExtension>
            <ns3:atemp>34.0</ns3:atemp>
            <ns3:hr>164</ns3:hr>
            <ns3:cad>82</ns3:cad>
          </ns3:TrackPointExtension>
        </extensions>
      </trkpt>
      <trkpt lat="35.56255412288010120391845703125" lon="134.81150918640196323394775390625">
        <ele>4</ele>
        <time>2026-08-01T08:49:53.000Z</time>
        <extensions>
          <ns3:TrackPointExtension>
            <ns3:atemp>34.0</ns3:atemp>
            <ns3:hr>165</ns3:hr>
            <ns3:cad>82</ns3:cad>
          </ns3:TrackPointExtension>
        </extensions>
      </trkpt>
      <trkpt lat="35.56252948008477687835693359375" lon="134.811523854732513427734375">
        <ele>4</ele>
        <time>2026-08-01T08:49:54.000Z</time>
        <extensions>
          <ns3:TrackPointExtension>
            <ns3:atemp>34.0</ns3:atemp>
            <ns3:hr>164</ns3:hr>
            <ns3:cad>82</ns3:cad>
          </ns3:TrackPointExtension>
        </extensions>
      </trkpt>
      <trkpt lat="35.56251204572618007659912109375" lon="134.811541624367237091064453125">
        <ele>4</ele>
        <time>2026-08-01T08:49:55.000Z</time>
        <extensions>
          <ns3:TrackPointExtension>
            <ns3:atemp>34.0</ns3:atemp>
            <ns3:hr>164</ns3:hr>
            <ns3:cad>82</ns3:cad>
          </ns3:TrackPointExtension>
        </extensions>
      </trkpt>
      <trkpt lat="35.56248606182634830474853515625" lon="134.8115572147071361541748046875">
        <ele>4</ele>
        <time>2026-08-01T08:49:56.000Z</time>
        <extensions>
          <ns3:TrackPointExtension>
            <ns3:atemp>34.0</ns3:atemp>
            <ns3:hr>164</ns3:hr>
            <ns3:cad>82</ns3:cad>
          </ns3:TrackPointExtension>
        </extensions>
      </trkpt>
      <trkpt lat="35.56246577762067317962646484375" lon="134.81156752444803714752197265625">
        <ele>4</ele>
        <time>2026-08-01T08:49:57.000Z</time>
        <extensions>
          <ns3:TrackPointExtension>
            <ns3:atemp>34.0</ns3:atemp>
            <ns3:hr>164</ns3:hr>
            <ns3:cad>82</ns3:cad>
          </ns3:TrackPointExtension>
        </extensions>
      </trkpt>
      <trkpt lat="35.56244842708110809326171875" lon="134.81158210895955562591552734375">
        <ele>4</ele>
        <time>2026-08-01T08:49:58.000Z</time>
        <extensions>
          <ns3:TrackPointExtension>
            <ns3:atemp>34.0</ns3:atemp>
            <ns3:hr>164</ns3:hr>
            <ns3:cad>82</ns3:cad>
          </ns3:TrackPointExtension>
        </extensions>
      </trkpt>
      <trkpt lat="35.56242235936224460601806640625" lon="134.8116021417081356048583984375">
        <ele>4</ele>
        <time>2026-08-01T08:49:59.000Z</time>
        <extensions>
          <ns3:TrackPointExtension>
            <ns3:atemp>34.0</ns3:atemp>
            <ns3:hr>164</ns3:hr>
            <ns3:cad>82</ns3:cad>
          </ns3:TrackPointExtension>
        </extensions>
      </trkpt>
      <trkpt lat="35.562409870326519012451171875" lon="134.81161613948643207550048828125">
        <ele>4</ele>
        <time>2026-08-01T08:50:00.000Z</time>
        <extensions>
          <ns3:TrackPointExtension>
            <ns3:atemp>34.0</ns3:atemp>
            <ns3:hr>164</ns3:hr>
            <ns3:cad>82</ns3:cad>
          </ns3:TrackPointExtension>
        </extensions>
      </trkpt>
      <trkpt lat="35.56238531135022640228271484375" lon="134.8116296343505382537841796875">
        <ele>4</ele>
        <time>2026-08-01T08:50:01.000Z</time>
        <extensions>
          <ns3:TrackPointExtension>
            <ns3:atemp>34.0</ns3:atemp>
            <ns3:hr>164</ns3:hr>
            <ns3:cad>82</ns3:cad>
          </ns3:TrackPointExtension>
        </extensions>
      </trkpt>
      <trkpt lat="35.562359578907489776611328125" lon="134.81164094991981983184814453125">
        <ele>4</ele>
        <time>2026-08-01T08:50:02.000Z</time>
        <extensions>
          <ns3:TrackPointExtension>
            <ns3:atemp>34.0</ns3:atemp>
            <ns3:hr>164</ns3:hr>
            <ns3:cad>82</ns3:cad>
          </ns3:TrackPointExtension>
        </extensions>
      </trkpt>
      <trkpt lat="35.5623433180153369903564453125" lon="134.811656959354877471923828125">
        <ele>3.7999999523162841796875</ele>
        <time>2026-08-01T08:50:03.000Z</time>
        <extensions>
          <ns3:TrackPointExtension>
            <ns3:atemp>34.0</ns3:atemp>
            <ns3:hr>164</ns3:hr>
            <ns3:cad>81</ns3:cad>
          </ns3:TrackPointExtension>
        </extensions>
      </trkpt>
      <trkpt lat="35.56231691502034664154052734375" lon="134.81167028658092021942138671875">
        <ele>3.7999999523162841796875</ele>
        <time>2026-08-01T08:50:04.000Z</time>
        <extensions>
          <ns3:TrackPointExtension>
            <ns3:atemp>34.0</ns3:atemp>
            <ns3:hr>164</ns3:hr>
            <ns3:cad>82</ns3:cad>
          </ns3:TrackPointExtension>
        </extensions>
      </trkpt>
      <trkpt lat="35.56229629553854465484619140625" lon="134.8116805963218212127685546875">
        <ele>3.7999999523162841796875</ele>
        <time>2026-08-01T08:50:05.000Z</time>
        <extensions>
          <ns3:TrackPointExtension>
            <ns3:atemp>34.0</ns3:atemp>
            <ns3:hr>163</ns3:hr>
            <ns3:cad>82</ns3:cad>
          </ns3:TrackPointExtension>
        </extensions>
      </trkpt>
      <trkpt lat="35.5622762627899646759033203125" lon="134.81169593520462512969970703125">
        <ele>4</ele>
        <time>2026-08-01T08:50:06.000Z</time>
        <extensions>
          <ns3:TrackPointExtension>
            <ns3:atemp>34.0</ns3:atemp>
            <ns3:hr>163</ns3:hr>
            <ns3:cad>82</ns3:cad>
          </ns3:TrackPointExtension>
        </extensions>
      </trkpt>
      <trkpt lat="35.56224835105240345001220703125" lon="134.81171286664903163909912109375">
        <ele>4</ele>
        <time>2026-08-01T08:50:07.000Z</time>
        <extensions>
          <ns3:TrackPointExtension>
            <ns3:atemp>34.0</ns3:atemp>
            <ns3:hr>163</ns3:hr>
            <ns3:cad>83</ns3:cad>
          </ns3:TrackPointExtension>
        </extensions>
      </trkpt>
      <trkpt lat="35.56223091669380664825439453125" lon="134.81172694824635982513427734375">
        <ele>4</ele>
        <time>2026-08-01T08:50:08.000Z</time>
        <extensions>
          <ns3:TrackPointExtension>
            <ns3:atemp>34.0</ns3:atemp>
            <ns3:hr>163</ns3:hr>
            <ns3:cad>83</ns3:cad>
          </ns3:TrackPointExtension>
        </extensions>
      </trkpt>
      <trkpt lat="35.56220836937427520751953125" lon="134.81173868291079998016357421875">
        <ele>4</ele>
        <time>2026-08-01T08:50:09.000Z</time>
        <extensions>
          <ns3:TrackPointExtension>
            <ns3:atemp>34.0</ns3:atemp>
            <ns3:hr>164</ns3:hr>
            <ns3:cad>83</ns3:cad>
          </ns3:TrackPointExtension>
        </extensions>
      </trkpt>
      <trkpt lat="35.56218381039798259735107421875" lon="134.811751842498779296875">
        <ele>4</ele>
        <time>2026-08-01T08:50:10.000Z</time>
        <extensions>
          <ns3:TrackPointExtension>
            <ns3:atemp>34.0</ns3:atemp>
            <ns3:hr>163</ns3:hr>
            <ns3:cad>82</ns3:cad>
          </ns3:TrackPointExtension>
        </extensions>
      </trkpt>
      <trkpt lat="35.562165789306163787841796875" lon="134.81176986359059810638427734375">
        <ele>4</ele>
        <time>2026-08-01T08:50:11.000Z</time>
        <extensions>
          <ns3:TrackPointExtension>
            <ns3:atemp>34.0</ns3:atemp>
            <ns3:hr>164</ns3:hr>
            <ns3:cad>82</ns3:cad>
          </ns3:TrackPointExtension>
        </extensions>
      </trkpt>
      <trkpt lat="35.562141649425029754638671875" lon="134.811787046492099761962890625">
        <ele>4</ele>
        <time>2026-08-01T08:50:12.000Z</time>
        <extensions>
          <ns3:TrackPointExtension>
            <ns3:atemp>34.0</ns3:atemp>
            <ns3:hr>164</ns3:hr>
            <ns3:cad>82</ns3:cad>
          </ns3:TrackPointExtension>
        </extensions>
      </trkpt>
      <trkpt lat="35.56212245486676692962646484375" lon="134.8117992840707302093505859375">
        <ele>4</ele>
        <time>2026-08-01T08:50:13.000Z</time>
        <extensions>
          <ns3:TrackPointExtension>
            <ns3:atemp>34.0</ns3:atemp>
            <ns3:hr>164</ns3:hr>
            <ns3:cad>83</ns3:cad>
          </ns3:TrackPointExtension>
        </extensions>
      </trkpt>
      <trkpt lat="35.5621002428233623504638671875" lon="134.81181479059159755706787109375">
        <ele>4</ele>
        <time>2026-08-01T08:50:14.000Z</time>
        <extensions>
          <ns3:TrackPointExtension>
            <ns3:atemp>34.0</ns3:atemp>
            <ns3:hr>164</ns3:hr>
            <ns3:cad>83</ns3:cad>
          </ns3:TrackPointExtension>
        </extensions>
      </trkpt>
      <trkpt lat="35.5620767734944820404052734375" lon="134.8118336498737335205078125">
        <ele>4</ele>
        <time>2026-08-01T08:50:15.000Z</time>
        <extensions>
          <ns3:TrackPointExtension>
            <ns3:atemp>34.0</ns3:atemp>
            <ns3:hr>164</ns3:hr>
            <ns3:cad>83</ns3:cad>
          </ns3:TrackPointExtension>
        </extensions>
      </trkpt>
      <trkpt lat="35.562059171497821807861328125" lon="134.81184697709977626800537109375">
        <ele>4</ele>
        <time>2026-08-01T08:50:16.000Z</time>
        <extensions>
          <ns3:TrackPointExtension>
            <ns3:atemp>34.0</ns3:atemp>
            <ns3:hr>164</ns3:hr>
            <ns3:cad>82</ns3:cad>
          </ns3:TrackPointExtension>
        </extensions>
      </trkpt>
      <trkpt lat="35.562035031616687774658203125" lon="134.81185837648808956146240234375">
        <ele>4</ele>
        <time>2026-08-01T08:50:17.000Z</time>
        <extensions>
          <ns3:TrackPointExtension>
            <ns3:atemp>34.0</ns3:atemp>
            <ns3:hr>165</ns3:hr>
            <ns3:cad>82</ns3:cad>
          </ns3:TrackPointExtension>
        </extensions>
      </trkpt>
      <trkpt lat="35.562014915049076080322265625" lon="134.81186826713383197784423828125">
        <ele>4</ele>
        <time>2026-08-01T08:50:18.000Z</time>
        <extensions>
          <ns3:TrackPointExtension>
            <ns3:atemp>34.0</ns3:atemp>
            <ns3:hr>165</ns3:hr>
            <ns3:cad>82</ns3:cad>
          </ns3:TrackPointExtension>
        </extensions>
      </trkpt>
      <trkpt lat="35.56199672631919384002685546875" lon="134.81188452802598476409912109375">
        <ele>4</ele>
        <time>2026-08-01T08:50:19.000Z</time>
        <extensions>
          <ns3:TrackPointExtension>
            <ns3:atemp>34.0</ns3:atemp>
            <ns3:hr>165</ns3:hr>
            <ns3:cad>83</ns3:cad>
          </ns3:TrackPointExtension>
        </extensions>
      </trkpt>
      <trkpt lat="35.5619728378951549530029296875" lon="134.81190137565135955810546875">
        <ele>4</ele>
        <time>2026-08-01T08:50:20.000Z</time>
        <extensions>
          <ns3:TrackPointExtension>
            <ns3:atemp>34.0</ns3:atemp>
            <ns3:hr>165</ns3:hr>
            <ns3:cad>83</ns3:cad>
          </ns3:TrackPointExtension>
        </extensions>
      </trkpt>
      <trkpt lat="35.56196135468780994415283203125" lon="134.81191185303032398223876953125">
        <ele>4</ele>
        <time>2026-08-01T08:50:21.000Z</time>
        <extensions>
          <ns3:TrackPointExtension>
            <ns3:atemp>34.0</ns3:atemp>
            <ns3:hr>165</ns3:hr>
            <ns3:cad>83</ns3:cad>
          </ns3:TrackPointExtension>
        </extensions>
      </trkpt>
      <trkpt lat="35.5619406513869762420654296875" lon="134.81192576698958873748779296875">
        <ele>4</ele>
        <time>2026-08-01T08:50:22.000Z</time>
        <extensions>
          <ns3:TrackPointExtension>
            <ns3:atemp>34.0</ns3:atemp>
            <ns3:hr>165</ns3:hr>
            <ns3:cad>83</ns3:cad>
          </ns3:TrackPointExtension>
        </extensions>
      </trkpt>
      <trkpt lat="35.56191793642938137054443359375" lon="134.8119364120066165924072265625">
        <ele>4</ele>
        <time>2026-08-01T08:50:23.000Z</time>
        <extensions>
          <ns3:TrackPointExtension>
            <ns3:atemp>34.0</ns3:atemp>
            <ns3:hr>165</ns3:hr>
            <ns3:cad>82</ns3:cad>
          </ns3:TrackPointExtension>
        </extensions>
      </trkpt>
      <trkpt lat="35.56190201081335544586181640625" lon="134.81195359490811824798583984375">
        <ele>4</ele>
        <time>2026-08-01T08:50:24.000Z</time>
        <extensions>
          <ns3:TrackPointExtension>
            <ns3:atemp>34.0</ns3:atemp>
            <ns3:hr>165</ns3:hr>
            <ns3:cad>82</ns3:cad>
          </ns3:TrackPointExtension>
        </extensions>
      </trkpt>
      <trkpt lat="35.56187619455158710479736328125" lon="134.81196566484868526458740234375">
        <ele>4</ele>
        <time>2026-08-01T08:50:25.000Z</time>
        <extensions>
          <ns3:TrackPointExtension>
            <ns3:atemp>34.0</ns3:atemp>
            <ns3:hr>165</ns3:hr>
            <ns3:cad>82</ns3:cad>
          </ns3:TrackPointExtension>
        </extensions>
      </trkpt>
      <trkpt lat="35.5618575029075145721435546875" lon="134.81197756715118885040283203125">
        <ele>4</ele>
        <time>2026-08-01T08:50:26.000Z</time>
        <extensions>
          <ns3:TrackPointExtension>
            <ns3:atemp>34.0</ns3:atemp>
            <ns3:hr>165</ns3:hr>
            <ns3:cad>83</ns3:cad>
          </ns3:TrackPointExtension>
        </extensions>
      </trkpt>
      <trkpt lat="35.56183948181569576263427734375" lon="134.8119944147765636444091796875">
        <ele>4</ele>
        <time>2026-08-01T08:50:27.000Z</time>
        <extensions>
          <ns3:TrackPointExtension>
            <ns3:atemp>34.0</ns3:atemp>
            <ns3:hr>165</ns3:hr>
            <ns3:cad>83</ns3:cad>
          </ns3:TrackPointExtension>
        </extensions>
      </trkpt>
      <trkpt lat="35.56181182153522968292236328125" lon="134.8120111785829067230224609375">
        <ele>4</ele>
        <time>2026-08-01T08:50:28.000Z</time>
        <extensions>
          <ns3:TrackPointExtension>
            <ns3:atemp>34.0</ns3:atemp>
            <ns3:hr>165</ns3:hr>
            <ns3:cad>83</ns3:cad>
          </ns3:TrackPointExtension>
        </extensions>
      </trkpt>
      <trkpt lat="35.561794303357601165771484375" lon="134.812022745609283447265625">
        <ele>4</ele>
        <time>2026-08-01T08:50:29.000Z</time>
        <extensions>
          <ns3:TrackPointExtension>
            <ns3:atemp>34.0</ns3:atemp>
            <ns3:hr>165</ns3:hr>
            <ns3:cad>83</ns3:cad>
          </ns3:TrackPointExtension>
        </extensions>
      </trkpt>
      <trkpt lat="35.56176773272454738616943359375" lon="134.81203389354050159454345703125">
        <ele>4</ele>
        <time>2026-08-01T08:50:30.000Z</time>
        <extensions>
          <ns3:TrackPointExtension>
            <ns3:atemp>34.0</ns3:atemp>
            <ns3:hr>165</ns3:hr>
            <ns3:cad>83</ns3:cad>
          </ns3:TrackPointExtension>
        </extensions>
      </trkpt>
      <trkpt lat="35.5617461912333965301513671875" lon="134.81204730458557605743408203125">
        <ele>4</ele>
        <time>2026-08-01T08:50:31.000Z</time>
        <extensions>
          <ns3:TrackPointExtension>
            <ns3:atemp>34.0</ns3:atemp>
            <ns3:hr>165</ns3:hr>
            <ns3:cad>83</ns3:cad>
          </ns3:TrackPointExtension>
        </extensions>
      </trkpt>
      <trkpt lat="35.56172783486545085906982421875" lon="134.8120661638677120208740234375">
        <ele>4</ele>
        <time>2026-08-01T08:50:32.000Z</time>
        <extensions>
          <ns3:TrackPointExtension>
            <ns3:atemp>34.0</ns3:atemp>
            <ns3:hr>165</ns3:hr>
            <ns3:cad>82</ns3:cad>
          </ns3:TrackPointExtension>
        </extensions>
      </trkpt>
      <trkpt lat="35.561703778803348541259765625" lon="134.81208502314984798431396484375">
        <ele>4</ele>
        <time>2026-08-01T08:50:33.000Z</time>
        <extensions>
          <ns3:TrackPointExtension>
            <ns3:atemp>34.0</ns3:atemp>
            <ns3:hr>166</ns3:hr>
            <ns3:cad>82</ns3:cad>
          </ns3:TrackPointExtension>
        </extensions>
      </trkpt>
      <trkpt lat="35.561680980026721954345703125" lon="134.8121003620326519012451171875">
        <ele>4</ele>
        <time>2026-08-01T08:50:34.000Z</time>
        <extensions>
          <ns3:TrackPointExtension>
            <ns3:atemp>34.0</ns3:atemp>
            <ns3:hr>166</ns3:hr>
            <ns3:cad>82</ns3:cad>
          </ns3:TrackPointExtension>
        </extensions>
      </trkpt>
      <trkpt lat="35.56165960617363452911376953125" lon="134.81211301870644092559814453125">
        <ele>4</ele>
        <time>2026-08-01T08:50:35.000Z</time>
        <extensions>
          <ns3:TrackPointExtension>
            <ns3:atemp>34.0</ns3:atemp>
            <ns3:hr>165</ns3:hr>
            <ns3:cad>82</ns3:cad>
          </ns3:TrackPointExtension>
        </extensions>
      </trkpt>
      <trkpt lat="35.561630688607692718505859375" lon="134.8121295310556888580322265625">
        <ele>4</ele>
        <time>2026-08-01T08:50:36.000Z</time>
        <extensions>
          <ns3:TrackPointExtension>
            <ns3:atemp>34.0</ns3:atemp>
            <ns3:hr>165</ns3:hr>
            <ns3:cad>82</ns3:cad>
          </ns3:TrackPointExtension>
        </extensions>
      </trkpt>
      <trkpt lat="35.561615936458110809326171875" lon="134.8121405951678752899169921875">
        <ele>4.19999980926513671875</ele>
        <time>2026-08-01T08:50:37.000Z</time>
        <extensions>
          <ns3:TrackPointExtension>
            <ns3:atemp>34.0</ns3:atemp>
            <ns3:hr>165</ns3:hr>
            <ns3:cad>82</ns3:cad>
          </ns3:TrackPointExtension>
        </extensions>
      </trkpt>
      <trkpt lat="35.56159079074859619140625" lon="134.81215207837522029876708984375">
        <ele>4.19999980926513671875</ele>
        <time>2026-08-01T08:50:38.000Z</time>
        <extensions>
          <ns3:TrackPointExtension>
            <ns3:atemp>34.0</ns3:atemp>
            <ns3:hr>165</ns3:hr>
            <ns3:cad>82</ns3:cad>
          </ns3:TrackPointExtension>
        </extensions>
      </trkpt>
      <trkpt lat="35.56157142855226993560791015625" lon="134.81216699816286563873291015625">
        <ele>4.19999980926513671875</ele>
        <time>2026-08-01T08:50:39.000Z</time>
        <extensions>
          <ns3:TrackPointExtension>
            <ns3:atemp>34.0</ns3:atemp>
            <ns3:hr>164</ns3:hr>
            <ns3:cad>82</ns3:cad>
          </ns3:TrackPointExtension>
        </extensions>
      </trkpt>
      <trkpt lat="35.56155583821237087249755859375" lon="134.812188036739826202392578125">
        <ele>4.400000095367431640625</ele>
        <time>2026-08-01T08:50:40.000Z</time>
        <extensions>
          <ns3:TrackPointExtension>
            <ns3:atemp>34.0</ns3:atemp>
            <ns3:hr>164</ns3:hr>
            <ns3:cad>82</ns3:cad>
          </ns3:TrackPointExtension>
        </extensions>
      </trkpt>
      <trkpt lat="35.56153790093958377838134765625" lon="134.81220823712646961212158203125">
        <ele>4.400000095367431640625</ele>
        <time>2026-08-01T08:50:41.000Z</time>
        <extensions>
          <ns3:TrackPointExtension>
            <ns3:atemp>34.0</ns3:atemp>
            <ns3:hr>163</ns3:hr>
            <ns3:cad>82</ns3:cad>
          </ns3:TrackPointExtension>
        </extensions>
      </trkpt>
      <trkpt lat="35.5615265853703022003173828125" lon="134.8122279345989227294921875">
        <ele>4.400000095367431640625</ele>
        <time>2026-08-01T08:50:42.000Z</time>
        <extensions>
          <ns3:TrackPointExtension>
            <ns3:atemp>34.0</ns3:atemp>
            <ns3:hr>163</ns3:hr>
            <ns3:cad>83</ns3:cad>
          </ns3:TrackPointExtension>
        </extensions>
      </trkpt>
      <trkpt lat="35.561508648097515106201171875" lon="134.812251068651676177978515625">
        <ele>4.400000095367431640625</ele>
        <time>2026-08-01T08:50:43.000Z</time>
        <extensions>
          <ns3:TrackPointExtension>
            <ns3:atemp>34.0</ns3:atemp>
            <ns3:hr>163</ns3:hr>
            <ns3:cad>83</ns3:cad>
          </ns3:TrackPointExtension>
        </extensions>
      </trkpt>
      <trkpt lat="35.5614860169589519500732421875" lon="134.81226749718189239501953125">
        <ele>4.400000095367431640625</ele>
        <time>2026-08-01T08:50:44.000Z</time>
        <extensions>
          <ns3:TrackPointExtension>
            <ns3:atemp>34.0</ns3:atemp>
            <ns3:hr>163</ns3:hr>
            <ns3:cad>83</ns3:cad>
          </ns3:TrackPointExtension>
        </extensions>
      </trkpt>
      <trkpt lat="35.5614702589809894561767578125" lon="134.81228518299758434295654296875">
        <ele>4.400000095367431640625</ele>
        <time>2026-08-01T08:50:45.000Z</time>
        <extensions>
          <ns3:TrackPointExtension>
            <ns3:atemp>34.0</ns3:atemp>
            <ns3:hr>163</ns3:hr>
            <ns3:cad>82</ns3:cad>
          </ns3:TrackPointExtension>
        </extensions>
      </trkpt>
      <trkpt lat="35.56144150905311107635498046875" lon="134.812294654548168182373046875">
        <ele>4.400000095367431640625</ele>
        <time>2026-08-01T08:50:46.000Z</time>
        <extensions>
          <ns3:TrackPointExtension>
            <ns3:atemp>34.0</ns3:atemp>
            <ns3:hr>164</ns3:hr>
            <ns3:cad>82</ns3:cad>
          </ns3:TrackPointExtension>
        </extensions>
      </trkpt>
      <trkpt lat="35.561418794095516204833984375" lon="134.81230714358389377593994140625">
        <ele>4.400000095367431640625</ele>
        <time>2026-08-01T08:50:47.000Z</time>
        <extensions>
          <ns3:TrackPointExtension>
            <ns3:atemp>34.0</ns3:atemp>
            <ns3:hr>165</ns3:hr>
            <ns3:cad>82</ns3:cad>
          </ns3:TrackPointExtension>
        </extensions>
      </trkpt>
      <trkpt lat="35.5613968335092067718505859375" lon="134.812315441668033599853515625">
        <ele>4.599999904632568359375</ele>
        <time>2026-08-01T08:50:48.000Z</time>
        <extensions>
          <ns3:TrackPointExtension>
            <ns3:atemp>34.0</ns3:atemp>
            <ns3:hr>165</ns3:hr>
            <ns3:cad>82</ns3:cad>
          </ns3:TrackPointExtension>
        </extensions>
      </trkpt>
      <trkpt lat="35.5613703466951847076416015625" lon="134.8123293556272983551025390625">
        <ele>4.599999904632568359375</ele>
        <time>2026-08-01T08:50:49.000Z</time>
        <extensions>
          <ns3:TrackPointExtension>
            <ns3:atemp>34.0</ns3:atemp>
            <ns3:hr>165</ns3:hr>
            <ns3:cad>83</ns3:cad>
          </ns3:TrackPointExtension>
        </extensions>
      </trkpt>
      <trkpt lat="35.56134830228984355926513671875" lon="134.81234000064432621002197265625">
        <ele>4.599999904632568359375</ele>
        <time>2026-08-01T08:50:50.000Z</time>
        <extensions>
          <ns3:TrackPointExtension>
            <ns3:atemp>34.0</ns3:atemp>
            <ns3:hr>166</ns3:hr>
            <ns3:cad>83</ns3:cad>
          </ns3:TrackPointExtension>
        </extensions>
      </trkpt>
      <trkpt lat="35.5613237433135509490966796875" lon="134.8123508132994174957275390625">
        <ele>4.400000095367431640625</ele>
        <time>2026-08-01T08:50:51.000Z</time>
        <extensions>
          <ns3:TrackPointExtension>
            <ns3:atemp>34.0</ns3:atemp>
            <ns3:hr>165</ns3:hr>
            <ns3:cad>82</ns3:cad>
          </ns3:TrackPointExtension>
        </extensions>
      </trkpt>
      <trkpt lat="35.5612965859472751617431640625" lon="134.812367744743824005126953125">
        <ele>4.400000095367431640625</ele>
        <time>2026-08-01T08:50:52.000Z</time>
        <extensions>
          <ns3:TrackPointExtension>
            <ns3:atemp>34.0</ns3:atemp>
            <ns3:hr>164</ns3:hr>
            <ns3:cad>82</ns3:cad>
          </ns3:TrackPointExtension>
        </extensions>
      </trkpt>
      <trkpt lat="35.56128057651221752166748046875" lon="134.81238014996051788330078125">
        <ele>4.19999980926513671875</ele>
        <time>2026-08-01T08:50:53.000Z</time>
        <extensions>
          <ns3:TrackPointExtension>
            <ns3:atemp>34.0</ns3:atemp>
            <ns3:hr>164</ns3:hr>
            <ns3:cad>82</ns3:cad>
          </ns3:TrackPointExtension>
        </extensions>
      </trkpt>
      <trkpt lat="35.56125325150787830352783203125" lon="134.81239465065300464630126953125">
        <ele>4.19999980926513671875</ele>
        <time>2026-08-01T08:50:54.000Z</time>
        <extensions>
          <ns3:TrackPointExtension>
            <ns3:atemp>34.0</ns3:atemp>
            <ns3:hr>162</ns3:hr>
            <ns3:cad>82</ns3:cad>
          </ns3:TrackPointExtension>
        </extensions>
      </trkpt>
      <trkpt lat="35.561233721673488616943359375" lon="134.81240202672779560089111328125">
        <ele>4.19999980926513671875</ele>
        <time>2026-08-01T08:50:55.000Z</time>
        <extensions>
          <ns3:TrackPointExtension>
            <ns3:atemp>34.0</ns3:atemp>
            <ns3:hr>162</ns3:hr>
            <ns3:cad>82</ns3:cad>
          </ns3:TrackPointExtension>
        </extensions>
      </trkpt>
      <trkpt lat="35.561212599277496337890625" lon="134.81241744942963123321533203125">
        <ele>4.19999980926513671875</ele>
        <time>2026-08-01T08:50:56.000Z</time>
        <extensions>
          <ns3:TrackPointExtension>
            <ns3:atemp>34.0</ns3:atemp>
            <ns3:hr>161</ns3:hr>
            <ns3:cad>82</ns3:cad>
          </ns3:TrackPointExtension>
        </extensions>
      </trkpt>
      <trkpt lat="35.56118787266314029693603515625" lon="134.81243739835917949676513671875">
        <ele>4.19999980926513671875</ele>
        <time>2026-08-01T08:50:57.000Z</time>
        <extensions>
          <ns3:TrackPointExtension>
            <ns3:atemp>34.0</ns3:atemp>
            <ns3:hr>161</ns3:hr>
            <ns3:cad>82</ns3:cad>
          </ns3:TrackPointExtension>
        </extensions>
      </trkpt>
      <trkpt lat="35.561176054179668426513671875" lon="134.81245298869907855987548828125">
        <ele>4.400000095367431640625</ele>
        <time>2026-08-01T08:50:58.000Z</time>
        <extensions>
          <ns3:TrackPointExtension>
            <ns3:atemp>34.0</ns3:atemp>
            <ns3:hr>161</ns3:hr>
            <ns3:cad>82</ns3:cad>
          </ns3:TrackPointExtension>
        </extensions>
      </trkpt>
      <trkpt lat="35.56115434505045413970947265625" lon="134.8124644719064235687255859375">
        <ele>4.400000095367431640625</ele>
        <time>2026-08-01T08:50:59.000Z</time>
        <extensions>
          <ns3:TrackPointExtension>
            <ns3:atemp>34.0</ns3:atemp>
            <ns3:hr>162</ns3:hr>
            <ns3:cad>82</ns3:cad>
          </ns3:TrackPointExtension>
        </extensions>
      </trkpt>
      <trkpt lat="35.5611309595406055450439453125" lon="134.81247712858021259307861328125">
        <ele>4.400000095367431640625</ele>
        <time>2026-08-01T08:51:00.000Z</time>
        <extensions>
          <ns3:TrackPointExtension>
            <ns3:atemp>34.0</ns3:atemp>
            <ns3:hr>163</ns3:hr>
            <ns3:cad>82</ns3:cad>
          </ns3:TrackPointExtension>
        </extensions>
      </trkpt>
      <trkpt lat="35.561114363372325897216796875" lon="134.81248877942562103271484375">
        <ele>4.400000095367431640625</ele>
        <time>2026-08-01T08:51:01.000Z</time>
        <extensions>
          <ns3:TrackPointExtension>
            <ns3:atemp>34.0</ns3:atemp>
            <ns3:hr>163</ns3:hr>
            <ns3:cad>82</ns3:cad>
          </ns3:TrackPointExtension>
        </extensions>
      </trkpt>
      <trkpt lat="35.56108812801539897918701171875" lon="134.8124983347952365875244140625">
        <ele>4.400000095367431640625</ele>
        <time>2026-08-01T08:51:02.000Z</time>
        <extensions>
          <ns3:TrackPointExtension>
            <ns3:atemp>34.0</ns3:atemp>
            <ns3:hr>163</ns3:hr>
            <ns3:cad>82</ns3:cad>
          </ns3:TrackPointExtension>
        </extensions>
      </trkpt>
      <trkpt lat="35.5610739625990390777587890625" lon="134.81251048855483531951904296875">
        <ele>4.599999904632568359375</ele>
        <time>2026-08-01T08:51:03.000Z</time>
        <extensions>
          <ns3:TrackPointExtension>
            <ns3:atemp>34.0</ns3:atemp>
            <ns3:hr>163</ns3:hr>
            <ns3:cad>82</ns3:cad>
          </ns3:TrackPointExtension>
        </extensions>
      </trkpt>
      <trkpt lat="35.5610511638224124908447265625" lon="134.8125285096466541290283203125">
        <ele>4.80000019073486328125</ele>
        <time>2026-08-01T08:51:04.000Z</time>
        <extensions>
          <ns3:TrackPointExtension>
            <ns3:atemp>34.0</ns3:atemp>
            <ns3:hr>164</ns3:hr>
            <ns3:cad>82</ns3:cad>
          </ns3:TrackPointExtension>
        </extensions>
      </trkpt>
      <trkpt lat="35.56102626956999301910400390625" lon="134.81254803948104381561279296875">
        <ele>4.80000019073486328125</ele>
        <time>2026-08-01T08:51:05.000Z</time>
        <extensions>
          <ns3:TrackPointExtension>
            <ns3:atemp>34.0</ns3:atemp>
            <ns3:hr>164</ns3:hr>
            <ns3:cad>82</ns3:cad>
          </ns3:TrackPointExtension>
        </extensions>
      </trkpt>
      <trkpt lat="35.56100430898368358612060546875" lon="134.8125606961548328399658203125">
        <ele>4.80000019073486328125</ele>
        <time>2026-08-01T08:51:06.000Z</time>
        <extensions>
          <ns3:TrackPointExtension>
            <ns3:atemp>34.0</ns3:atemp>
            <ns3:hr>163</ns3:hr>
            <ns3:cad>82</ns3:cad>
          </ns3:TrackPointExtension>
        </extensions>
      </trkpt>
      <trkpt lat="35.56097513996064662933349609375" lon="134.81257326900959014892578125">
        <ele>4.80000019073486328125</ele>
        <time>2026-08-01T08:51:07.000Z</time>
        <extensions>
          <ns3:TrackPointExtension>
            <ns3:atemp>34.0</ns3:atemp>
            <ns3:hr>163</ns3:hr>
            <ns3:cad>82</ns3:cad>
          </ns3:TrackPointExtension>
        </extensions>
      </trkpt>
      <trkpt lat="35.5609549395740032196044921875" lon="134.8125846683979034423828125">
        <ele>4.80000019073486328125</ele>
        <time>2026-08-01T08:51:08.000Z</time>
        <extensions>
          <ns3:TrackPointExtension>
            <ns3:atemp>34.0</ns3:atemp>
            <ns3:hr>163</ns3:hr>
            <ns3:cad>82</ns3:cad>
          </ns3:TrackPointExtension>
        </extensions>
      </trkpt>
      <trkpt lat="35.5609368346631526947021484375" lon="134.8126032762229442596435546875">
        <ele>4.599999904632568359375</ele>
        <time>2026-08-01T08:51:09.000Z</time>
        <extensions>
          <ns3:TrackPointExtension>
            <ns3:atemp>34.0</ns3:atemp>
            <ns3:hr>163</ns3:hr>
            <ns3:cad>82</ns3:cad>
          </ns3:TrackPointExtension>
        </extensions>
      </trkpt>
      <trkpt lat="35.56090842001140117645263671875" lon="134.81262045912444591522216796875">
        <ele>4.599999904632568359375</ele>
        <time>2026-08-01T08:51:10.000Z</time>
        <extensions>
          <ns3:TrackPointExtension>
            <ns3:atemp>34.0</ns3:atemp>
            <ns3:hr>162</ns3:hr>
            <ns3:cad>82</ns3:cad>
          </ns3:TrackPointExtension>
        </extensions>
      </trkpt>
      <trkpt lat="35.56089500896632671356201171875" lon="134.812634624540805816650390625">
        <ele>4.80000019073486328125</ele>
        <time>2026-08-01T08:51:11.000Z</time>
        <extensions>
          <ns3:TrackPointExtension>
            <ns3:atemp>34.0</ns3:atemp>
            <ns3:hr>163</ns3:hr>
            <ns3:cad>82</ns3:cad>
          </ns3:TrackPointExtension>
        </extensions>
      </trkpt>
      <trkpt lat="35.56087254546582698822021484375" lon="134.81265314854681491851806640625">
        <ele>4.80000019073486328125</ele>
        <time>2026-08-01T08:51:12.000Z</time>
        <extensions>
          <ns3:TrackPointExtension>
            <ns3:atemp>34.0</ns3:atemp>
            <ns3:hr>163</ns3:hr>
            <ns3:cad>82</ns3:cad>
          </ns3:TrackPointExtension>
        </extensions>
      </trkpt>
      <trkpt lat="35.56085075251758098602294921875" lon="134.81267058290541172027587890625">
        <ele>4.599999904632568359375</ele>
        <time>2026-08-01T08:51:13.000Z</time>
        <extensions>
          <ns3:TrackPointExtension>
            <ns3:atemp>34.0</ns3:atemp>
            <ns3:hr>162</ns3:hr>
            <ns3:cad>83</ns3:cad>
          </ns3:TrackPointExtension>
        </extensions>
      </trkpt>
      <trkpt lat="35.56083465926349163055419921875" lon="134.812687933444976806640625">
        <ele>4.599999904632568359375</ele>
        <time>2026-08-01T08:51:14.000Z</time>
        <extensions>
          <ns3:TrackPointExtension>
            <ns3:atemp>34.0</ns3:atemp>
            <ns3:hr>163</ns3:hr>
            <ns3:cad>83</ns3:cad>
          </ns3:TrackPointExtension>
        </extensions>
      </trkpt>
      <trkpt lat="35.56080834008753299713134765625" lon="134.81270997785031795501708984375">
        <ele>4.80000019073486328125</ele>
        <time>2026-08-01T08:51:15.000Z</time>
        <extensions>
          <ns3:TrackPointExtension>
            <ns3:atemp>34.0</ns3:atemp>
            <ns3:hr>163</ns3:hr>
            <ns3:cad>83</ns3:cad>
          </ns3:TrackPointExtension>
        </extensions>
      </trkpt>
      <trkpt lat="35.56078788824379444122314453125" lon="134.8127283342182636260986328125">
        <ele>4.80000019073486328125</ele>
        <time>2026-08-01T08:51:16.000Z</time>
        <extensions>
          <ns3:TrackPointExtension>
            <ns3:atemp>34.0</ns3:atemp>
            <ns3:hr>162</ns3:hr>
            <ns3:cad>83</ns3:cad>
          </ns3:TrackPointExtension>
        </extensions>
      </trkpt>
      <trkpt lat="35.56076844222843647003173828125" lon="134.812745265662670135498046875">
        <ele>4.80000019073486328125</ele>
        <time>2026-08-01T08:51:17.000Z</time>
        <extensions>
          <ns3:TrackPointExtension>
            <ns3:atemp>34.0</ns3:atemp>
            <ns3:hr>163</ns3:hr>
            <ns3:cad>83</ns3:cad>
          </ns3:TrackPointExtension>
        </extensions>
      </trkpt>
      <trkpt lat="35.5607420392334461212158203125" lon="134.8127621971070766448974609375">
        <ele>4.80000019073486328125</ele>
        <time>2026-08-01T08:51:18.000Z</time>
        <extensions>
          <ns3:TrackPointExtension>
            <ns3:atemp>34.0</ns3:atemp>
            <ns3:hr>163</ns3:hr>
            <ns3:cad>83</ns3:cad>
          </ns3:TrackPointExtension>
        </extensions>
      </trkpt>
      <trkpt lat="35.56072887964546680450439453125" lon="134.81277845799922943115234375">
        <ele>4.80000019073486328125</ele>
        <time>2026-08-01T08:51:19.000Z</time>
        <extensions>
          <ns3:TrackPointExtension>
            <ns3:atemp>34.0</ns3:atemp>
            <ns3:hr>164</ns3:hr>
            <ns3:cad>83</ns3:cad>
          </ns3:TrackPointExtension>
        </extensions>
      </trkpt>
      <trkpt lat="35.5607054941356182098388671875" lon="134.812791533768177032470703125">
        <ele>4.80000019073486328125</ele>
        <time>2026-08-01T08:51:20.000Z</time>
        <extensions>
          <ns3:TrackPointExtension>
            <ns3:atemp>34.0</ns3:atemp>
            <ns3:hr>164</ns3:hr>
            <ns3:cad>83</ns3:cad>
          </ns3:TrackPointExtension>
        </extensions>
      </trkpt>
      <trkpt lat="35.56068512611091136932373046875" lon="134.812805950641632080078125">
        <ele>4.80000019073486328125</ele>
        <time>2026-08-01T08:51:21.000Z</time>
        <extensions>
          <ns3:TrackPointExtension>
            <ns3:atemp>34.0</ns3:atemp>
            <ns3:hr>164</ns3:hr>
            <ns3:cad>82</ns3:cad>
          </ns3:TrackPointExtension>
        </extensions>
      </trkpt>
      <trkpt lat="35.56067020632326602935791015625" lon="134.81282648630440235137939453125">
        <ele>4.80000019073486328125</ele>
        <time>2026-08-01T08:51:22.000Z</time>
        <extensions>
          <ns3:TrackPointExtension>
            <ns3:atemp>34.0</ns3:atemp>
            <ns3:hr>164</ns3:hr>
            <ns3:cad>82</ns3:cad>
          </ns3:TrackPointExtension>
        </extensions>
      </trkpt>
      <trkpt lat="35.560649000108242034912109375" lon="134.8128500394523143768310546875">
        <ele>4.80000019073486328125</ele>
        <time>2026-08-01T08:51:23.000Z</time>
        <extensions>
          <ns3:TrackPointExtension>
            <ns3:atemp>34.0</ns3:atemp>
            <ns3:hr>164</ns3:hr>
            <ns3:cad>82</ns3:cad>
          </ns3:TrackPointExtension>
        </extensions>
      </trkpt>
      <trkpt lat="35.5606324039399623870849609375" lon="134.81286286376416683197021484375">
        <ele>4.80000019073486328125</ele>
        <time>2026-08-01T08:51:24.000Z</time>
        <extensions>
          <ns3:TrackPointExtension>
            <ns3:atemp>34.0</ns3:atemp>
            <ns3:hr>164</ns3:hr>
            <ns3:cad>82</ns3:cad>
          </ns3:TrackPointExtension>
        </extensions>
      </trkpt>
      <trkpt lat="35.5606069229543209075927734375" lon="134.81287300586700439453125">
        <ele>4.80000019073486328125</ele>
        <time>2026-08-01T08:51:25.000Z</time>
        <extensions>
          <ns3:TrackPointExtension>
            <ns3:atemp>34.0</ns3:atemp>
            <ns3:hr>164</ns3:hr>
            <ns3:cad>82</ns3:cad>
          </ns3:TrackPointExtension>
        </extensions>
      </trkpt>
      <trkpt lat="35.56057758629322052001953125" lon="134.8128835670650005340576171875">
        <ele>4.80000019073486328125</ele>
        <time>2026-08-01T08:51:26.000Z</time>
        <extensions>
          <ns3:TrackPointExtension>
            <ns3:atemp>34.0</ns3:atemp>
            <ns3:hr>164</ns3:hr>
            <ns3:cad>83</ns3:cad>
          </ns3:TrackPointExtension>
        </extensions>
      </trkpt>
      <trkpt lat="35.5605623312294483184814453125" lon="134.81289572082459926605224609375">
        <ele>5</ele>
        <time>2026-08-01T08:51:27.000Z</time>
        <extensions>
          <ns3:TrackPointExtension>
            <ns3:atemp>34.0</ns3:atemp>
            <ns3:hr>164</ns3:hr>
            <ns3:cad>82</ns3:cad>
          </ns3:TrackPointExtension>
        </extensions>
      </trkpt>
      <trkpt lat="35.56054146029055118560791015625" lon="134.81291114352643489837646484375">
        <ele>5</ele>
        <time>2026-08-01T08:51:28.000Z</time>
        <extensions>
          <ns3:TrackPointExtension>
            <ns3:atemp>34.0</ns3:atemp>
            <ns3:hr>164</ns3:hr>
            <ns3:cad>82</ns3:cad>
          </ns3:TrackPointExtension>
        </extensions>
      </trkpt>
      <trkpt lat="35.5605227686464786529541015625" lon="134.81292732059955596923828125">
        <ele>5.19999980926513671875</ele>
        <time>2026-08-01T08:51:29.000Z</time>
        <extensions>
          <ns3:TrackPointExtension>
            <ns3:atemp>34.0</ns3:atemp>
            <ns3:hr>164</ns3:hr>
            <ns3:cad>82</ns3:cad>
          </ns3:TrackPointExtension>
        </extensions>
      </trkpt>
      <trkpt lat="35.560506843030452728271484375" lon="134.812944419682025909423828125">
        <ele>5.400000095367431640625</ele>
        <time>2026-08-01T08:51:30.000Z</time>
        <extensions>
          <ns3:TrackPointExtension>
            <ns3:atemp>34.0</ns3:atemp>
            <ns3:hr>165</ns3:hr>
            <ns3:cad>82</ns3:cad>
          </ns3:TrackPointExtension>
        </extensions>
      </trkpt>
      <trkpt lat="35.56048211641609668731689453125" lon="134.8129655420780181884765625">
        <ele>5.599999904632568359375</ele>
        <time>2026-08-01T08:51:31.000Z</time>
        <extensions>
          <ns3:TrackPointExtension>
            <ns3:atemp>34.0</ns3:atemp>
            <ns3:hr>165</ns3:hr>
            <ns3:cad>82</ns3:cad>
          </ns3:TrackPointExtension>
        </extensions>
      </trkpt>
      <trkpt lat="35.56047004647552967071533203125" lon="134.81298272497951984405517578125">
        <ele>5.599999904632568359375</ele>
        <time>2026-08-01T08:51:32.000Z</time>
        <extensions>
          <ns3:TrackPointExtension>
            <ns3:atemp>34.0</ns3:atemp>
            <ns3:hr>167</ns3:hr>
            <ns3:cad>82</ns3:cad>
          </ns3:TrackPointExtension>
        </extensions>
      </trkpt>
      <trkpt lat="35.5604520253837108612060546875" lon="134.81300200335681438446044921875">
        <ele>5.599999904632568359375</ele>
        <time>2026-08-01T08:51:33.000Z</time>
        <extensions>
          <ns3:TrackPointExtension>
            <ns3:atemp>34.0</ns3:atemp>
            <ns3:hr>168</ns3:hr>
            <ns3:cad>82</ns3:cad>
          </ns3:TrackPointExtension>
        </extensions>
      </trkpt>
      <trkpt lat="35.56042394600808620452880859375" lon="134.81301792897284030914306640625">
        <ele>5.400000095367431640625</ele>
        <time>2026-08-01T08:51:34.000Z</time>
        <extensions>
          <ns3:TrackPointExtension>
            <ns3:atemp>34.0</ns3:atemp>
            <ns3:hr>168</ns3:hr>
            <ns3:cad>82</ns3:cad>
          </ns3:TrackPointExtension>
        </extensions>
      </trkpt>
      <trkpt lat="35.5604101158678531646728515625" lon="134.8130324296653270721435546875">
        <ele>5.19999980926513671875</ele>
        <time>2026-08-01T08:51:35.000Z</time>
        <extensions>
          <ns3:TrackPointExtension>
            <ns3:atemp>34.0</ns3:atemp>
            <ns3:hr>168</ns3:hr>
            <ns3:cad>82</ns3:cad>
          </ns3:TrackPointExtension>
        </extensions>
      </trkpt>
      <trkpt lat="35.5603866465389728546142578125" lon="134.81304776854813098907470703125">
        <ele>5</ele>
        <time>2026-08-01T08:51:36.000Z</time>
        <extensions>
          <ns3:TrackPointExtension>
            <ns3:atemp>34.0</ns3:atemp>
            <ns3:hr>168</ns3:hr>
            <ns3:cad>81</ns3:cad>
          </ns3:TrackPointExtension>
        </extensions>
      </trkpt>
      <trkpt lat="35.56036460213363170623779296875" lon="134.8130649514496326446533203125">
        <ele>5</ele>
        <time>2026-08-01T08:51:37.000Z</time>
        <extensions>
          <ns3:TrackPointExtension>
            <ns3:atemp>34.0</ns3:atemp>
            <ns3:hr>168</ns3:hr>
            <ns3:cad>82</ns3:cad>
          </ns3:TrackPointExtension>
        </extensions>
      </trkpt>
      <trkpt lat="35.56034314446151256561279296875" lon="134.813082553446292877197265625">
        <ele>4.80000019073486328125</ele>
        <time>2026-08-01T08:51:38.000Z</time>
        <extensions>
          <ns3:TrackPointExtension>
            <ns3:atemp>34.0</ns3:atemp>
            <ns3:hr>168</ns3:hr>
            <ns3:cad>82</ns3:cad>
          </ns3:TrackPointExtension>
        </extensions>
      </trkpt>
      <trkpt lat="35.5603192560374736785888671875" lon="134.813099317252635955810546875">
        <ele>4.80000019073486328125</ele>
        <time>2026-08-01T08:51:39.000Z</time>
        <extensions>
          <ns3:TrackPointExtension>
            <ns3:atemp>34.0</ns3:atemp>
            <ns3:hr>168</ns3:hr>
            <ns3:cad>82</ns3:cad>
          </ns3:TrackPointExtension>
        </extensions>
      </trkpt>
      <trkpt lat="35.56030400097370147705078125" lon="134.8131162486970424652099609375">
        <ele>5</ele>
        <time>2026-08-01T08:51:40.000Z</time>
        <extensions>
          <ns3:TrackPointExtension>
            <ns3:atemp>34.0</ns3:atemp>
            <ns3:hr>167</ns3:hr>
            <ns3:cad>82</ns3:cad>
          </ns3:TrackPointExtension>
        </extensions>
      </trkpt>
      <trkpt lat="35.560284554958343505859375" lon="134.813132844865322113037109375">
        <ele>5</ele>
        <time>2026-08-01T08:51:41.000Z</time>
        <extensions>
          <ns3:TrackPointExtension>
            <ns3:atemp>34.0</ns3:atemp>
            <ns3:hr>167</ns3:hr>
            <ns3:cad>82</ns3:cad>
          </ns3:TrackPointExtension>
        </extensions>
      </trkpt>
      <trkpt lat="35.56026033125817775726318359375" lon="134.813154637813568115234375">
        <ele>5</ele>
        <time>2026-08-01T08:51:42.000Z</time>
        <extensions>
          <ns3:TrackPointExtension>
            <ns3:atemp>34.0</ns3:atemp>
            <ns3:hr>167</ns3:hr>
            <ns3:cad>82</ns3:cad>
          </ns3:TrackPointExtension>
        </extensions>
      </trkpt>
      <trkpt lat="35.5602471716701984405517578125" lon="134.8131712339818477630615234375">
        <ele>5.19999980926513671875</ele>
        <time>2026-08-01T08:51:43.000Z</time>
        <extensions>
          <ns3:TrackPointExtension>
            <ns3:atemp>34.0</ns3:atemp>
            <ns3:hr>166</ns3:hr>
            <ns3:cad>82</ns3:cad>
          </ns3:TrackPointExtension>
        </extensions>
      </trkpt>
      <trkpt lat="35.56022345088422298431396484375" lon="134.81318808160722255706787109375">
        <ele>5</ele>
        <time>2026-08-01T08:51:44.000Z</time>
        <extensions>
          <ns3:TrackPointExtension>
            <ns3:atemp>34.0</ns3:atemp>
            <ns3:hr>166</ns3:hr>
            <ns3:cad>82</ns3:cad>
          </ns3:TrackPointExtension>
        </extensions>
      </trkpt>
      <trkpt lat="35.56019897572696208953857421875" lon="134.81320559978485107421875">
        <ele>5.19999980926513671875</ele>
        <time>2026-08-01T08:51:45.000Z</time>
        <extensions>
          <ns3:TrackPointExtension>
            <ns3:atemp>34.0</ns3:atemp>
            <ns3:hr>166</ns3:hr>
            <ns3:cad>82</ns3:cad>
          </ns3:TrackPointExtension>
        </extensions>
      </trkpt>
      <trkpt lat="35.56018372066318988800048828125" lon="134.8132257163524627685546875">
        <ele>5.19999980926513671875</ele>
        <time>2026-08-01T08:51:46.000Z</time>
        <extensions>
          <ns3:TrackPointExtension>
            <ns3:atemp>34.0</ns3:atemp>
            <ns3:hr>167</ns3:hr>
            <ns3:cad>81</ns3:cad>
          </ns3:TrackPointExtension>
        </extensions>
      </trkpt>
      <trkpt lat="35.560163520276546478271484375" lon="134.81323904357850551605224609375">
        <ele>5.19999980926513671875</ele>
        <time>2026-08-01T08:51:47.000Z</time>
        <extensions>
          <ns3:TrackPointExtension>
            <ns3:atemp>34.0</ns3:atemp>
            <ns3:hr>167</ns3:hr>
            <ns3:cad>82</ns3:cad>
          </ns3:TrackPointExtension>
        </extensions>
      </trkpt>
      <trkpt lat="35.56014575064182281494140625" lon="134.81325589120388031005859375">
        <ele>5.19999980926513671875</ele>
        <time>2026-08-01T08:51:48.000Z</time>
        <extensions>
          <ns3:TrackPointExtension>
            <ns3:atemp>34.0</ns3:atemp>
            <ns3:hr>167</ns3:hr>
            <ns3:cad>82</ns3:cad>
          </ns3:TrackPointExtension>
        </extensions>
      </trkpt>
      <trkpt lat="35.5601261369884014129638671875" lon="134.813275001943111419677734375">
        <ele>5.19999980926513671875</ele>
        <time>2026-08-01T08:51:49.000Z</time>
        <extensions>
          <ns3:TrackPointExtension>
            <ns3:atemp>34.0</ns3:atemp>
            <ns3:hr>167</ns3:hr>
            <ns3:cad>83</ns3:cad>
          </ns3:TrackPointExtension>
        </extensions>
      </trkpt>
      <trkpt lat="35.56010090745985507965087890625" lon="134.81329084374010562896728515625">
        <ele>5.19999980926513671875</ele>
        <time>2026-08-01T08:51:50.000Z</time>
        <extensions>
          <ns3:TrackPointExtension>
            <ns3:atemp>34.0</ns3:atemp>
            <ns3:hr>167</ns3:hr>
            <ns3:cad>83</ns3:cad>
          </ns3:TrackPointExtension>
        </extensions>
      </trkpt>
      <trkpt lat="35.56008615531027317047119140625" lon="134.813307188451290130615234375">
        <ele>5</ele>
        <time>2026-08-01T08:51:51.000Z</time>
        <extensions>
          <ns3:TrackPointExtension>
            <ns3:atemp>34.0</ns3:atemp>
            <ns3:hr>167</ns3:hr>
            <ns3:cad>83</ns3:cad>
          </ns3:TrackPointExtension>
        </extensions>
      </trkpt>
      <trkpt lat="35.56006453000009059906005859375" lon="134.81332034803926944732666015625">
        <ele>5</ele>
        <time>2026-08-01T08:51:52.000Z</time>
        <extensions>
          <ns3:TrackPointExtension>
            <ns3:atemp>34.0</ns3:atemp>
            <ns3:hr>167</ns3:hr>
            <ns3:cad>81</ns3:cad>
          </ns3:TrackPointExtension>
        </extensions>
      </trkpt>
      <trkpt lat="35.56004189886152744293212890625" lon="134.8133383691310882568359375">
        <ele>5</ele>
        <time>2026-08-01T08:51:53.000Z</time>
        <extensions>
          <ns3:TrackPointExtension>
            <ns3:atemp>34.0</ns3:atemp>
            <ns3:hr>166</ns3:hr>
            <ns3:cad>81</ns3:cad>
          </ns3:TrackPointExtension>
        </extensions>
      </trkpt>
      <trkpt lat="35.560026727616786956787109375" lon="134.8133549652993679046630859375">
        <ele>4.80000019073486328125</ele>
        <time>2026-08-01T08:51:54.000Z</time>
        <extensions>
          <ns3:TrackPointExtension>
            <ns3:atemp>34.0</ns3:atemp>
            <ns3:hr>167</ns3:hr>
            <ns3:cad>81</ns3:cad>
          </ns3:TrackPointExtension>
        </extensions>
      </trkpt>
      <trkpt lat="35.5599994026124477386474609375" lon="134.81337164528667926788330078125">
        <ele>4.80000019073486328125</ele>
        <time>2026-08-01T08:51:55.000Z</time>
        <extensions>
          <ns3:TrackPointExtension>
            <ns3:atemp>34.0</ns3:atemp>
            <ns3:hr>167</ns3:hr>
            <ns3:cad>82</ns3:cad>
          </ns3:TrackPointExtension>
        </extensions>
      </trkpt>
      <trkpt lat="35.5599829740822315216064453125" lon="134.81339159421622753143310546875">
        <ele>4.80000019073486328125</ele>
        <time>2026-08-01T08:51:56.000Z</time>
        <extensions>
          <ns3:TrackPointExtension>
            <ns3:atemp>34.0</ns3:atemp>
            <ns3:hr>166</ns3:hr>
            <ns3:cad>83</ns3:cad>
          </ns3:TrackPointExtension>
        </extensions>
      </trkpt>
      <trkpt lat="35.5599638633430004119873046875" lon="134.8134134709835052490234375">
        <ele>5</ele>
        <time>2026-08-01T08:51:57.000Z</time>
        <extensions>
          <ns3:TrackPointExtension>
            <ns3:atemp>34.0</ns3:atemp>
            <ns3:hr>167</ns3:hr>
            <ns3:cad>83</ns3:cad>
          </ns3:TrackPointExtension>
        </extensions>
      </trkpt>
      <trkpt lat="35.559940226376056671142578125" lon="134.81343585066497325897216796875">
        <ele>5</ele>
        <time>2026-08-01T08:51:58.000Z</time>
        <extensions>
          <ns3:TrackPointExtension>
            <ns3:atemp>34.0</ns3:atemp>
            <ns3:hr>167</ns3:hr>
            <ns3:cad>83</ns3:cad>
          </ns3:TrackPointExtension>
        </extensions>
      </trkpt>
      <trkpt lat="35.55992740206420421600341796875" lon="134.813456721603870391845703125">
        <ele>5</ele>
        <time>2026-08-01T08:51:59.000Z</time>
        <extensions>
          <ns3:TrackPointExtension>
            <ns3:atemp>34.0</ns3:atemp>
            <ns3:hr>167</ns3:hr>
            <ns3:cad>82</ns3:cad>
          </ns3:TrackPointExtension>
        </extensions>
      </trkpt>
      <trkpt lat="35.55990728549659252166748046875" lon="134.81347046792507171630859375">
        <ele>4.80000019073486328125</ele>
        <time>2026-08-01T08:52:00.000Z</time>
        <extensions>
          <ns3:TrackPointExtension>
            <ns3:atemp>34.0</ns3:atemp>
            <ns3:hr>166</ns3:hr>
            <ns3:cad>83</ns3:cad>
          </ns3:TrackPointExtension>
        </extensions>
      </trkpt>
      <trkpt lat="35.55988180451095104217529296875" lon="134.81348614208400249481201171875">
        <ele>4.80000019073486328125</ele>
        <time>2026-08-01T08:52:01.000Z</time>
        <extensions>
          <ns3:TrackPointExtension>
            <ns3:atemp>34.0</ns3:atemp>
            <ns3:hr>166</ns3:hr>
            <ns3:cad>83</ns3:cad>
          </ns3:TrackPointExtension>
        </extensions>
      </trkpt>
      <trkpt lat="35.55986319668591022491455078125" lon="134.81350290589034557342529296875">
        <ele>4.80000019073486328125</ele>
        <time>2026-08-01T08:52:02.000Z</time>
        <extensions>
          <ns3:TrackPointExtension>
            <ns3:atemp>34.0</ns3:atemp>
            <ns3:hr>166</ns3:hr>
            <ns3:cad>82</ns3:cad>
          </ns3:TrackPointExtension>
        </extensions>
      </trkpt>
      <trkpt lat="35.5598381347954273223876953125" lon="134.8135279677808284759521484375">
        <ele>5</ele>
        <time>2026-08-01T08:52:03.000Z</time>
        <extensions>
          <ns3:TrackPointExtension>
            <ns3:atemp>34.0</ns3:atemp>
            <ns3:hr>165</ns3:hr>
            <ns3:cad>82</ns3:cad>
          </ns3:TrackPointExtension>
        </extensions>
      </trkpt>
      <trkpt lat="35.55982463993132114410400390625" lon="134.81354422867298126220703125">
        <ele>5</ele>
        <time>2026-08-01T08:52:04.000Z</time>
        <extensions>
          <ns3:TrackPointExtension>
            <ns3:atemp>34.0</ns3:atemp>
            <ns3:hr>165</ns3:hr>
            <ns3:cad>82</ns3:cad>
          </ns3:TrackPointExtension>
        </extensions>
      </trkpt>
      <trkpt lat="35.5598066188395023345947265625" lon="134.81356275267899036407470703125">
        <ele>5</ele>
        <time>2026-08-01T08:52:05.000Z</time>
        <extensions>
          <ns3:TrackPointExtension>
            <ns3:atemp>34.0</ns3:atemp>
            <ns3:hr>164</ns3:hr>
            <ns3:cad>82</ns3:cad>
          </ns3:TrackPointExtension>
        </extensions>
      </trkpt>
      <trkpt lat="35.55978558026254177093505859375" lon="134.813587479293346405029296875">
        <ele>5.19999980926513671875</ele>
        <time>2026-08-01T08:52:06.000Z</time>
        <extensions>
          <ns3:TrackPointExtension>
            <ns3:atemp>34.0</ns3:atemp>
            <ns3:hr>161</ns3:hr>
            <ns3:cad>82</ns3:cad>
          </ns3:TrackPointExtension>
        </extensions>
      </trkpt>
      <trkpt lat="35.55977426469326019287109375" lon="134.81360197998583316802978515625">
        <ele>5.19999980926513671875</ele>
        <time>2026-08-01T08:52:07.000Z</time>
        <extensions>
          <ns3:TrackPointExtension>
            <ns3:atemp>34.0</ns3:atemp>
            <ns3:hr>160</ns3:hr>
            <ns3:cad>82</ns3:cad>
          </ns3:TrackPointExtension>
        </extensions>
      </trkpt>
      <trkpt lat="35.5597507953643798828125" lon="134.81362075544893741607666015625">
        <ele>5.19999980926513671875</ele>
        <time>2026-08-01T08:52:08.000Z</time>
        <extensions>
          <ns3:TrackPointExtension>
            <ns3:atemp>34.0</ns3:atemp>
            <ns3:hr>158</ns3:hr>
            <ns3:cad>82</ns3:cad>
          </ns3:TrackPointExtension>
        </extensions>
      </trkpt>
      <trkpt lat="35.55972606875002384185791015625" lon="134.81363751925528049468994140625">
        <ele>5.19999980926513671875</ele>
        <time>2026-08-01T08:52:09.000Z</time>
        <extensions>
          <ns3:TrackPointExtension>
            <ns3:atemp>34.0</ns3:atemp>
            <ns3:hr>158</ns3:hr>
            <ns3:cad>82</ns3:cad>
          </ns3:TrackPointExtension>
        </extensions>
      </trkpt>
      <trkpt lat="35.55971114896237850189208984375" lon="134.81365160085260868072509765625">
        <ele>5.19999980926513671875</ele>
        <time>2026-08-01T08:52:10.000Z</time>
        <extensions>
          <ns3:TrackPointExtension>
            <ns3:atemp>34.0</ns3:atemp>
            <ns3:hr>158</ns3:hr>
            <ns3:cad>82</ns3:cad>
          </ns3:TrackPointExtension>
        </extensions>
      </trkpt>
      <trkpt lat="35.5596882663667201995849609375" lon="134.81366501189768314361572265625">
        <ele>5</ele>
        <time>2026-08-01T08:52:11.000Z</time>
        <extensions>
          <ns3:TrackPointExtension>
            <ns3:atemp>34.0</ns3:atemp>
            <ns3:hr>158</ns3:hr>
            <ns3:cad>82</ns3:cad>
          </ns3:TrackPointExtension>
        </extensions>
      </trkpt>
      <trkpt lat="35.5596701614558696746826171875" lon="134.81368236243724822998046875">
        <ele>5</ele>
        <time>2026-08-01T08:52:12.000Z</time>
        <extensions>
          <ns3:TrackPointExtension>
            <ns3:atemp>34.0</ns3:atemp>
            <ns3:hr>159</ns3:hr>
            <ns3:cad>82</ns3:cad>
          </ns3:TrackPointExtension>
        </extensions>
      </trkpt>
      <trkpt lat="35.55965758860111236572265625" lon="134.81369585730135440826416015625">
        <ele>5</ele>
        <time>2026-08-01T08:52:13.000Z</time>
        <extensions>
          <ns3:TrackPointExtension>
            <ns3:atemp>34.0</ns3:atemp>
            <ns3:hr>159</ns3:hr>
            <ns3:cad>82</ns3:cad>
          </ns3:TrackPointExtension>
        </extensions>
      </trkpt>
      <trkpt lat="35.55963202379643917083740234375" lon="134.81371345929801464080810546875">
        <ele>5</ele>
        <time>2026-08-01T08:52:14.000Z</time>
        <extensions>
          <ns3:TrackPointExtension>
            <ns3:atemp>34.0</ns3:atemp>
            <ns3:hr>159</ns3:hr>
            <ns3:cad>82</ns3:cad>
          </ns3:TrackPointExtension>
        </extensions>
      </trkpt>
      <trkpt lat="35.55961391888558864593505859375" lon="134.8137272894382476806640625">
        <ele>5.19999980926513671875</ele>
        <time>2026-08-01T08:52:15.000Z</time>
        <extensions>
          <ns3:TrackPointExtension>
            <ns3:atemp>34.0</ns3:atemp>
            <ns3:hr>159</ns3:hr>
            <ns3:cad>82</ns3:cad>
          </ns3:TrackPointExtension>
        </extensions>
      </trkpt>
      <trkpt lat="35.55959447287023067474365234375" lon="134.81374564580619335174560546875">
        <ele>5.19999980926513671875</ele>
        <time>2026-08-01T08:52:16.000Z</time>
        <extensions>
          <ns3:TrackPointExtension>
            <ns3:atemp>34.0</ns3:atemp>
            <ns3:hr>159</ns3:hr>
            <ns3:cad>82</ns3:cad>
          </ns3:TrackPointExtension>
        </extensions>
      </trkpt>
      <trkpt lat="35.55957117117941379547119140625" lon="134.81376240961253643035888671875">
        <ele>5.19999980926513671875</ele>
        <time>2026-08-01T08:52:17.000Z</time>
        <extensions>
          <ns3:TrackPointExtension>
            <ns3:atemp>34.0</ns3:atemp>
            <ns3:hr>159</ns3:hr>
            <ns3:cad>82</ns3:cad>
          </ns3:TrackPointExtension>
        </extensions>
      </trkpt>
      <trkpt lat="35.55955960415303707122802734375" lon="134.81377565301954746246337890625">
        <ele>5.19999980926513671875</ele>
        <time>2026-08-01T08:52:18.000Z</time>
        <extensions>
          <ns3:TrackPointExtension>
            <ns3:atemp>34.0</ns3:atemp>
            <ns3:hr>159</ns3:hr>
            <ns3:cad>82</ns3:cad>
          </ns3:TrackPointExtension>
        </extensions>
      </trkpt>
      <trkpt lat="35.55953764356672763824462890625" lon="134.81379090808331966400146484375">
        <ele>5.19999980926513671875</ele>
        <time>2026-08-01T08:52:19.000Z</time>
        <extensions>
          <ns3:TrackPointExtension>
            <ns3:atemp>34.0</ns3:atemp>
            <ns3:hr>160</ns3:hr>
            <ns3:cad>82</ns3:cad>
          </ns3:TrackPointExtension>
        </extensions>
      </trkpt>
      <trkpt lat="35.55951652117073535919189453125" lon="134.813806749880313873291015625">
        <ele>5.19999980926513671875</ele>
        <time>2026-08-01T08:52:20.000Z</time>
        <extensions>
          <ns3:TrackPointExtension>
            <ns3:atemp>34.0</ns3:atemp>
            <ns3:hr>160</ns3:hr>
            <ns3:cad>82</ns3:cad>
          </ns3:TrackPointExtension>
        </extensions>
      </trkpt>
      <trkpt lat="35.5594985000789165496826171875" lon="134.81383030302822589874267578125">
        <ele>5.19999980926513671875</ele>
        <time>2026-08-01T08:52:21.000Z</time>
        <extensions>
          <ns3:TrackPointExtension>
            <ns3:atemp>34.0</ns3:atemp>
            <ns3:hr>162</ns3:hr>
            <ns3:cad>82</ns3:cad>
          </ns3:TrackPointExtension>
        </extensions>
      </trkpt>
      <trkpt lat="35.5594783835113048553466796875" lon="134.81384731829166412353515625">
        <ele>5.19999980926513671875</ele>
        <time>2026-08-01T08:52:22.000Z</time>
        <extensions>
          <ns3:TrackPointExtension>
            <ns3:atemp>34.0</ns3:atemp>
            <ns3:hr>164</ns3:hr>
            <ns3:cad>82</ns3:cad>
          </ns3:TrackPointExtension>
        </extensions>
      </trkpt>
      <trkpt lat="35.559462793171405792236328125" lon="134.8138635791838169097900390625">
        <ele>5.19999980926513671875</ele>
        <time>2026-08-01T08:52:23.000Z</time>
        <extensions>
          <ns3:TrackPointExtension>
            <ns3:atemp>34.0</ns3:atemp>
            <ns3:hr>165</ns3:hr>
            <ns3:cad>82</ns3:cad>
          </ns3:TrackPointExtension>
        </extensions>
      </trkpt>
      <trkpt lat="35.5594465322792530059814453125" lon="134.81388310901820659637451171875">
        <ele>5.400000095367431640625</ele>
        <time>2026-08-01T08:52:24.000Z</time>
        <extensions>
          <ns3:TrackPointExtension>
            <ns3:atemp>34.0</ns3:atemp>
            <ns3:hr>165</ns3:hr>
            <ns3:cad>82</ns3:cad>
          </ns3:TrackPointExtension>
        </extensions>
      </trkpt>
      <trkpt lat="35.55942314676940441131591796875" lon="134.81390708126127719879150390625">
        <ele>5.400000095367431640625</ele>
        <time>2026-08-01T08:52:25.000Z</time>
        <extensions>
          <ns3:TrackPointExtension>
            <ns3:atemp>34.0</ns3:atemp>
            <ns3:hr>166</ns3:hr>
            <ns3:cad>82</ns3:cad>
          </ns3:TrackPointExtension>
        </extensions>
      </trkpt>
      <trkpt lat="35.5594109930098056793212890625" lon="134.8139192350208759307861328125">
        <ele>5.400000095367431640625</ele>
        <time>2026-08-01T08:52:26.000Z</time>
        <extensions>
          <ns3:TrackPointExtension>
            <ns3:atemp>34.0</ns3:atemp>
            <ns3:hr>166</ns3:hr>
            <ns3:cad>82</ns3:cad>
          </ns3:TrackPointExtension>
        </extensions>
      </trkpt>
      <trkpt lat="35.55939096026122570037841796875" lon="134.81393524445593357086181640625">
        <ele>5.19999980926513671875</ele>
        <time>2026-08-01T08:52:27.000Z</time>
        <extensions>
          <ns3:TrackPointExtension>
            <ns3:atemp>34.0</ns3:atemp>
            <ns3:hr>166</ns3:hr>
            <ns3:cad>82</ns3:cad>
          </ns3:TrackPointExtension>
        </extensions>
      </trkpt>
      <trkpt lat="35.5593687482178211212158203125" lon="134.813952259719371795654296875">
        <ele>5.19999980926513671875</ele>
        <time>2026-08-01T08:52:28.000Z</time>
        <extensions>
          <ns3:TrackPointExtension>
            <ns3:atemp>34.0</ns3:atemp>
            <ns3:hr>166</ns3:hr>
            <ns3:cad>82</ns3:cad>
          </ns3:TrackPointExtension>
        </extensions>
      </trkpt>
      <trkpt lat="35.55935642682015895843505859375" lon="134.813966341316699981689453125">
        <ele>5.19999980926513671875</ele>
        <time>2026-08-01T08:52:29.000Z</time>
        <extensions>
          <ns3:TrackPointExtension>
            <ns3:atemp>34.0</ns3:atemp>
            <ns3:hr>166</ns3:hr>
            <ns3:cad>82</ns3:cad>
          </ns3:TrackPointExtension>
        </extensions>
      </trkpt>
      <trkpt lat="35.55933161638677120208740234375" lon="134.8139862902462482452392578125">
        <ele>5.19999980926513671875</ele>
        <time>2026-08-01T08:52:30.000Z</time>
        <extensions>
          <ns3:TrackPointExtension>
            <ns3:atemp>34.0</ns3:atemp>
            <ns3:hr>166</ns3:hr>
            <ns3:cad>82</ns3:cad>
          </ns3:TrackPointExtension>
        </extensions>
      </trkpt>
      <trkpt lat="35.55931250564754009246826171875" lon="134.81399978511035442352294921875">
        <ele>5.19999980926513671875</ele>
        <time>2026-08-01T08:52:31.000Z</time>
        <extensions>
          <ns3:TrackPointExtension>
            <ns3:atemp>34.0</ns3:atemp>
            <ns3:hr>166</ns3:hr>
            <ns3:cad>83</ns3:cad>
          </ns3:TrackPointExtension>
        </extensions>
      </trkpt>
      <trkpt lat="35.55929507128894329071044921875" lon="134.81401939876377582550048828125">
        <ele>5.19999980926513671875</ele>
        <time>2026-08-01T08:52:32.000Z</time>
        <extensions>
          <ns3:TrackPointExtension>
            <ns3:atemp>34.0</ns3:atemp>
            <ns3:hr>166</ns3:hr>
            <ns3:cad>83</ns3:cad>
          </ns3:TrackPointExtension>
        </extensions>
      </trkpt>
      <trkpt lat="35.55927059613168239593505859375" lon="134.8140382580459117889404296875">
        <ele>5.400000095367431640625</ele>
        <time>2026-08-01T08:52:33.000Z</time>
        <extensions>
          <ns3:TrackPointExtension>
            <ns3:atemp>34.0</ns3:atemp>
            <ns3:hr>166</ns3:hr>
            <ns3:cad>83</ns3:cad>
          </ns3:TrackPointExtension>
        </extensions>
      </trkpt>
      <trkpt lat="35.55925684981048107147216796875" lon="134.8140566982328891754150390625">
        <ele>5.400000095367431640625</ele>
        <time>2026-08-01T08:52:34.000Z</time>
        <extensions>
          <ns3:TrackPointExtension>
            <ns3:atemp>34.0</ns3:atemp>
            <ns3:hr>166</ns3:hr>
            <ns3:cad>82</ns3:cad>
          </ns3:TrackPointExtension>
        </extensions>
      </trkpt>
      <trkpt lat="35.55923790670931339263916015625" lon="134.81407103128731250762939453125">
        <ele>5.400000095367431640625</ele>
        <time>2026-08-01T08:52:35.000Z</time>
        <extensions>
          <ns3:TrackPointExtension>
            <ns3:atemp>34.0</ns3:atemp>
            <ns3:hr>166</ns3:hr>
            <ns3:cad>82</ns3:cad>
          </ns3:TrackPointExtension>
        </extensions>
      </trkpt>
      <trkpt lat="35.559216700494289398193359375" lon="134.81408603489398956298828125">
        <ele>5.400000095367431640625</ele>
        <time>2026-08-01T08:52:36.000Z</time>
        <extensions>
          <ns3:TrackPointExtension>
            <ns3:atemp>34.0</ns3:atemp>
            <ns3:hr>166</ns3:hr>
            <ns3:cad>82</ns3:cad>
          </ns3:TrackPointExtension>
        </extensions>
      </trkpt>
      <trkpt lat="35.55919817648828029632568359375" lon="134.81410707347095012664794921875">
        <ele>5.400000095367431640625</ele>
        <time>2026-08-01T08:52:37.000Z</time>
        <extensions>
          <ns3:TrackPointExtension>
            <ns3:atemp>34.0</ns3:atemp>
            <ns3:hr>166</ns3:hr>
            <ns3:cad>83</ns3:cad>
          </ns3:TrackPointExtension>
        </extensions>
      </trkpt>
      <trkpt lat="35.5591714382171630859375" lon="134.8141261003911495208740234375">
        <ele>5.400000095367431640625</ele>
        <time>2026-08-01T08:52:38.000Z</time>
        <extensions>
          <ns3:TrackPointExtension>
            <ns3:atemp>34.0</ns3:atemp>
            <ns3:hr>166</ns3:hr>
            <ns3:cad>83</ns3:cad>
          </ns3:TrackPointExtension>
        </extensions>
      </trkpt>
      <trkpt lat="35.5591581948101520538330078125" lon="134.814142026007175445556640625">
        <ele>5.400000095367431640625</ele>
        <time>2026-08-01T08:52:39.000Z</time>
        <extensions>
          <ns3:TrackPointExtension>
            <ns3:atemp>34.0</ns3:atemp>
            <ns3:hr>166</ns3:hr>
            <ns3:cad>83</ns3:cad>
          </ns3:TrackPointExtension>
        </extensions>
      </trkpt>
      <trkpt lat="35.55913883261382579803466796875" lon="134.81415987946093082427978515625">
        <ele>5.400000095367431640625</ele>
        <time>2026-08-01T08:52:40.000Z</time>
        <extensions>
          <ns3:TrackPointExtension>
            <ns3:atemp>34.0</ns3:atemp>
            <ns3:hr>166</ns3:hr>
            <ns3:cad>82</ns3:cad>
          </ns3:TrackPointExtension>
        </extensions>
      </trkpt>
      <trkpt lat="35.55911620147526264190673828125" lon="134.81418167240917682647705078125">
        <ele>5.599999904632568359375</ele>
        <time>2026-08-01T08:52:41.000Z</time>
        <extensions>
          <ns3:TrackPointExtension>
            <ns3:atemp>34.0</ns3:atemp>
            <ns3:hr>166</ns3:hr>
            <ns3:cad>82</ns3:cad>
          </ns3:TrackPointExtension>
        </extensions>
      </trkpt>
      <trkpt lat="35.55910480208694934844970703125" lon="134.8142052255570888519287109375">
        <ele>5.599999904632568359375</ele>
        <time>2026-08-01T08:52:42.000Z</time>
        <extensions>
          <ns3:TrackPointExtension>
            <ns3:atemp>34.0</ns3:atemp>
            <ns3:hr>166</ns3:hr>
            <ns3:cad>82</ns3:cad>
          </ns3:TrackPointExtension>
        </extensions>
      </trkpt>
      <trkpt lat="35.55908166803419589996337890625" lon="134.8142216540873050689697265625">
        <ele>5.599999904632568359375</ele>
        <time>2026-08-01T08:52:43.000Z</time>
        <extensions>
          <ns3:TrackPointExtension>
            <ns3:atemp>34.0</ns3:atemp>
            <ns3:hr>166</ns3:hr>
            <ns3:cad>82</ns3:cad>
          </ns3:TrackPointExtension>
        </extensions>
      </trkpt>
      <trkpt lat="35.55906213819980621337890625" lon="134.81423649005591869354248046875">
        <ele>5.599999904632568359375</ele>
        <time>2026-08-01T08:52:44.000Z</time>
        <extensions>
          <ns3:TrackPointExtension>
            <ns3:atemp>34.0</ns3:atemp>
            <ns3:hr>166</ns3:hr>
            <ns3:cad>82</ns3:cad>
          </ns3:TrackPointExtension>
        </extensions>
      </trkpt>
      <trkpt lat="35.55904814042150974273681640625" lon="134.8142545111477375030517578125">
        <ele>5.599999904632568359375</ele>
        <time>2026-08-01T08:52:45.000Z</time>
        <extensions>
          <ns3:TrackPointExtension>
            <ns3:atemp>34.0</ns3:atemp>
            <ns3:hr>166</ns3:hr>
            <ns3:cad>82</ns3:cad>
          </ns3:TrackPointExtension>
        </extensions>
      </trkpt>
      <trkpt lat="35.5590220727026462554931640625" lon="134.8142756335437297821044921875">
        <ele>5.599999904632568359375</ele>
        <time>2026-08-01T08:52:46.000Z</time>
        <extensions>
          <ns3:TrackPointExtension>
            <ns3:atemp>34.0</ns3:atemp>
            <ns3:hr>166</ns3:hr>
            <ns3:cad>82</ns3:cad>
          </ns3:TrackPointExtension>
        </extensions>
      </trkpt>
      <trkpt lat="35.55900405161082744598388671875" lon="134.8142840154469013214111328125">
        <ele>5.599999904632568359375</ele>
        <time>2026-08-01T08:52:47.000Z</time>
        <extensions>
          <ns3:TrackPointExtension>
            <ns3:atemp>34.0</ns3:atemp>
            <ns3:hr>166</ns3:hr>
            <ns3:cad>82</ns3:cad>
          </ns3:TrackPointExtension>
        </extensions>
      </trkpt>
      <trkpt lat="35.55898762308061122894287109375" lon="134.81429365463554859161376953125">
        <ele>5.599999904632568359375</ele>
        <time>2026-08-01T08:52:48.000Z</time>
        <extensions>
          <ns3:TrackPointExtension>
            <ns3:atemp>34.0</ns3:atemp>
            <ns3:hr>166</ns3:hr>
            <ns3:cad>82</ns3:cad>
          </ns3:TrackPointExtension>
        </extensions>
      </trkpt>
      <trkpt lat="35.5589627288281917572021484375" lon="134.81431276537477970123291015625">
        <ele>5.599999904632568359375</ele>
        <time>2026-08-01T08:52:49.000Z</time>
        <extensions>
          <ns3:TrackPointExtension>
            <ns3:atemp>34.0</ns3:atemp>
            <ns3:hr>166</ns3:hr>
            <ns3:cad>82</ns3:cad>
          </ns3:TrackPointExtension>
        </extensions>
      </trkpt>
      <trkpt lat="35.55894772522151470184326171875" lon="134.814329445362091064453125">
        <ele>5.599999904632568359375</ele>
        <time>2026-08-01T08:52:50.000Z</time>
        <extensions>
          <ns3:TrackPointExtension>
            <ns3:atemp>34.0</ns3:atemp>
            <ns3:hr>166</ns3:hr>
            <ns3:cad>82</ns3:cad>
          </ns3:TrackPointExtension>
        </extensions>
      </trkpt>
      <trkpt lat="35.55892593227326869964599609375" lon="134.8143416829407215118408203125">
        <ele>5.599999904632568359375</ele>
        <time>2026-08-01T08:52:51.000Z</time>
        <extensions>
          <ns3:TrackPointExtension>
            <ns3:atemp>34.0</ns3:atemp>
            <ns3:hr>166</ns3:hr>
            <ns3:cad>82</ns3:cad>
          </ns3:TrackPointExtension>
        </extensions>
      </trkpt>
      <trkpt lat="35.55890162475407123565673828125" lon="134.81435786001384258270263671875">
        <ele>5.599999904632568359375</ele>
        <time>2026-08-01T08:52:52.000Z</time>
        <extensions>
          <ns3:TrackPointExtension>
            <ns3:atemp>34.0</ns3:atemp>
            <ns3:hr>166</ns3:hr>
            <ns3:cad>82</ns3:cad>
          </ns3:TrackPointExtension>
        </extensions>
      </trkpt>
      <trkpt lat="35.55888712406158447265625" lon="134.81437462382018566131591796875">
        <ele>5.599999904632568359375</ele>
        <time>2026-08-01T08:52:53.000Z</time>
        <extensions>
          <ns3:TrackPointExtension>
            <ns3:atemp>34.0</ns3:atemp>
            <ns3:hr>165</ns3:hr>
            <ns3:cad>82</ns3:cad>
          </ns3:TrackPointExtension>
        </extensions>
      </trkpt>
      <trkpt lat="35.55886357091367244720458984375" lon="134.8143933154642581939697265625">
        <ele>5.599999904632568359375</ele>
        <time>2026-08-01T08:52:54.000Z</time>
        <extensions>
          <ns3:TrackPointExtension>
            <ns3:atemp>34.0</ns3:atemp>
            <ns3:hr>164</ns3:hr>
            <ns3:cad>82</ns3:cad>
          </ns3:TrackPointExtension>
        </extensions>
      </trkpt>
      <trkpt lat="35.55884378962218761444091796875" lon="134.8144100792706012725830078125">
        <ele>5.599999904632568359375</ele>
        <time>2026-08-01T08:52:55.000Z</time>
        <extensions>
          <ns3:TrackPointExtension>
            <ns3:atemp>34.0</ns3:atemp>
            <ns3:hr>164</ns3:hr>
            <ns3:cad>82</ns3:cad>
          </ns3:TrackPointExtension>
        </extensions>
      </trkpt>
      <trkpt lat="35.5588292889297008514404296875" lon="134.81442726217210292816162109375">
        <ele>5.599999904632568359375</ele>
        <time>2026-08-01T08:52:56.000Z</time>
        <extensions>
          <ns3:TrackPointExtension>
            <ns3:atemp>34.0</ns3:atemp>
            <ns3:hr>164</ns3:hr>
            <ns3:cad>81</ns3:cad>
          </ns3:TrackPointExtension>
        </extensions>
      </trkpt>
      <trkpt lat="35.558804981410503387451171875" lon="134.81445039622485637664794921875">
        <ele>5.599999904632568359375</ele>
        <time>2026-08-01T08:52:57.000Z</time>
        <extensions>
          <ns3:TrackPointExtension>
            <ns3:atemp>34.0</ns3:atemp>
            <ns3:hr>163</ns3:hr>
            <ns3:cad>81</ns3:cad>
          </ns3:TrackPointExtension>
        </extensions>
      </trkpt>
      <trkpt lat="35.5587920732796192169189453125" lon="134.81446716003119945526123046875">
        <ele>5.599999904632568359375</ele>
        <time>2026-08-01T08:52:58.000Z</time>
        <extensions>
          <ns3:TrackPointExtension>
            <ns3:atemp>34.0</ns3:atemp>
            <ns3:hr>164</ns3:hr>
            <ns3:cad>81</ns3:cad>
          </ns3:TrackPointExtension>
        </extensions>
      </trkpt>
      <trkpt lat="35.55877204053103923797607421875" lon="134.8144828341901302337646484375">
        <ele>5.599999904632568359375</ele>
        <time>2026-08-01T08:52:59.000Z</time>
        <extensions>
          <ns3:TrackPointExtension>
            <ns3:atemp>34.0</ns3:atemp>
            <ns3:hr>164</ns3:hr>
            <ns3:cad>81</ns3:cad>
          </ns3:TrackPointExtension>
        </extensions>
      </trkpt>
      <trkpt lat="35.55875058285892009735107421875" lon="134.814502112567424774169921875">
        <ele>5.400000095367431640625</ele>
        <time>2026-08-01T08:53:00.000Z</time>
        <extensions>
          <ns3:TrackPointExtension>
            <ns3:atemp>34.0</ns3:atemp>
            <ns3:hr>164</ns3:hr>
            <ns3:cad>82</ns3:cad>
          </ns3:TrackPointExtension>
        </extensions>
      </trkpt>
      <trkpt lat="35.55873365141451358795166015625" lon="134.81452113948762416839599609375">
        <ele>5.400000095367431640625</ele>
        <time>2026-08-01T08:53:01.000Z</time>
        <extensions>
          <ns3:TrackPointExtension>
            <ns3:atemp>34.0</ns3:atemp>
            <ns3:hr>164</ns3:hr>
            <ns3:cad>82</ns3:cad>
          </ns3:TrackPointExtension>
        </extensions>
      </trkpt>
      <trkpt lat="35.5587095953524112701416015625" lon="134.81454159133136272430419921875">
        <ele>5.400000095367431640625</ele>
        <time>2026-08-01T08:53:02.000Z</time>
        <extensions>
          <ns3:TrackPointExtension>
            <ns3:atemp>34.0</ns3:atemp>
            <ns3:hr>165</ns3:hr>
            <ns3:cad>82</ns3:cad>
          </ns3:TrackPointExtension>
        </extensions>
      </trkpt>
      <trkpt lat="35.5586872994899749755859375" lon="134.81455684639513492584228515625">
        <ele>5.400000095367431640625</ele>
        <time>2026-08-01T08:53:03.000Z</time>
        <extensions>
          <ns3:TrackPointExtension>
            <ns3:atemp>34.0</ns3:atemp>
            <ns3:hr>165</ns3:hr>
            <ns3:cad>81</ns3:cad>
          </ns3:TrackPointExtension>
        </extensions>
      </trkpt>
      <trkpt lat="35.55867129005491733551025390625" lon="134.81457646004855632781982421875">
        <ele>5.400000095367431640625</ele>
        <time>2026-08-01T08:53:04.000Z</time>
        <extensions>
          <ns3:TrackPointExtension>
            <ns3:atemp>34.0</ns3:atemp>
            <ns3:hr>165</ns3:hr>
            <ns3:cad>81</ns3:cad>
          </ns3:TrackPointExtension>
        </extensions>
      </trkpt>
      <trkpt lat="35.55864773690700531005859375" lon="134.81459523551166057586669921875">
        <ele>5.599999904632568359375</ele>
        <time>2026-08-01T08:53:05.000Z</time>
        <extensions>
          <ns3:TrackPointExtension>
            <ns3:atemp>34.0</ns3:atemp>
            <ns3:hr>165</ns3:hr>
            <ns3:cad>81</ns3:cad>
          </ns3:TrackPointExtension>
        </extensions>
      </trkpt>
      <trkpt lat="35.55862686596810817718505859375" lon="134.81461116112768650054931640625">
        <ele>5.599999904632568359375</ele>
        <time>2026-08-01T08:53:06.000Z</time>
        <extensions>
          <ns3:TrackPointExtension>
            <ns3:atemp>34.0</ns3:atemp>
            <ns3:hr>165</ns3:hr>
            <ns3:cad>81</ns3:cad>
          </ns3:TrackPointExtension>
        </extensions>
      </trkpt>
      <trkpt lat="35.55860876105725765228271484375" lon="134.81462943367660045623779296875">
        <ele>5.599999904632568359375</ele>
        <time>2026-08-01T08:53:07.000Z</time>
        <extensions>
          <ns3:TrackPointExtension>
            <ns3:atemp>34.0</ns3:atemp>
            <ns3:hr>166</ns3:hr>
            <ns3:cad>81</ns3:cad>
          </ns3:TrackPointExtension>
        </extensions>
      </trkpt>
      <trkpt lat="35.55858713574707508087158203125" lon="134.81464527547359466552734375">
        <ele>5.599999904632568359375</ele>
        <time>2026-08-01T08:53:08.000Z</time>
        <extensions>
          <ns3:TrackPointExtension>
            <ns3:atemp>34.0</ns3:atemp>
            <ns3:hr>166</ns3:hr>
            <ns3:cad>81</ns3:cad>
          </ns3:TrackPointExtension>
        </extensions>
      </trkpt>
      <trkpt lat="35.5585724674165248870849609375" lon="134.81466229073703289031982421875">
        <ele>5.80000019073486328125</ele>
        <time>2026-08-01T08:53:09.000Z</time>
        <extensions>
          <ns3:TrackPointExtension>
            <ns3:atemp>34.0</ns3:atemp>
            <ns3:hr>166</ns3:hr>
            <ns3:cad>81</ns3:cad>
          </ns3:TrackPointExtension>
        </extensions>
      </trkpt>
      <trkpt lat="35.55855679325759410858154296875" lon="134.81468274258077144622802734375">
        <ele>5.80000019073486328125</ele>
        <time>2026-08-01T08:53:10.000Z</time>
        <extensions>
          <ns3:TrackPointExtension>
            <ns3:atemp>34.0</ns3:atemp>
            <ns3:hr>165</ns3:hr>
            <ns3:cad>81</ns3:cad>
          </ns3:TrackPointExtension>
        </extensions>
      </trkpt>
      <trkpt lat="35.558528713881969451904296875" lon="134.81470420025289058685302734375">
        <ele>5.80000019073486328125</ele>
        <time>2026-08-01T08:53:11.000Z</time>
        <extensions>
          <ns3:TrackPointExtension>
            <ns3:atemp>34.0</ns3:atemp>
            <ns3:hr>165</ns3:hr>
            <ns3:cad>81</ns3:cad>
          </ns3:TrackPointExtension>
        </extensions>
      </trkpt>
      <trkpt lat="35.55851186625659465789794921875" lon="134.81472305953502655029296875">
        <ele>5.80000019073486328125</ele>
        <time>2026-08-01T08:53:12.000Z</time>
        <extensions>
          <ns3:TrackPointExtension>
            <ns3:atemp>34.0</ns3:atemp>
            <ns3:hr>165</ns3:hr>
            <ns3:cad>81</ns3:cad>
          </ns3:TrackPointExtension>
        </extensions>
      </trkpt>
      <trkpt lat="35.55849107913672924041748046875" lon="134.81474108062684535980224609375">
        <ele>5.599999904632568359375</ele>
        <time>2026-08-01T08:53:13.000Z</time>
        <extensions>
          <ns3:TrackPointExtension>
            <ns3:atemp>34.0</ns3:atemp>
            <ns3:hr>165</ns3:hr>
            <ns3:cad>81</ns3:cad>
          </ns3:TrackPointExtension>
        </extensions>
      </trkpt>
      <trkpt lat="35.5584678612649440765380859375" lon="134.81475918553769588470458984375">
        <ele>5.599999904632568359375</ele>
        <time>2026-08-01T08:53:14.000Z</time>
        <extensions>
          <ns3:TrackPointExtension>
            <ns3:atemp>34.0</ns3:atemp>
            <ns3:hr>165</ns3:hr>
            <ns3:cad>81</ns3:cad>
          </ns3:TrackPointExtension>
        </extensions>
      </trkpt>
      <trkpt lat="35.55845252238214015960693359375" lon="134.814777374267578125">
        <ele>5.599999904632568359375</ele>
        <time>2026-08-01T08:53:15.000Z</time>
        <extensions>
          <ns3:TrackPointExtension>
            <ns3:atemp>34.0</ns3:atemp>
            <ns3:hr>164</ns3:hr>
            <ns3:cad>81</ns3:cad>
          </ns3:TrackPointExtension>
        </extensions>
      </trkpt>
      <trkpt lat="35.558431148529052734375" lon="134.81479103676974773406982421875">
        <ele>5.599999904632568359375</ele>
        <time>2026-08-01T08:53:16.000Z</time>
        <extensions>
          <ns3:TrackPointExtension>
            <ns3:atemp>34.0</ns3:atemp>
            <ns3:hr>164</ns3:hr>
            <ns3:cad>81</ns3:cad>
          </ns3:TrackPointExtension>
        </extensions>
      </trkpt>
      <trkpt lat="35.5584135465323925018310546875" lon="134.81480780057609081268310546875">
        <ele>5.599999904632568359375</ele>
        <time>2026-08-01T08:53:17.000Z</time>
        <extensions>
          <ns3:TrackPointExtension>
            <ns3:atemp>34.0</ns3:atemp>
            <ns3:hr>164</ns3:hr>
            <ns3:cad>81</ns3:cad>
          </ns3:TrackPointExtension>
        </extensions>
      </trkpt>
      <trkpt lat="35.5583977885544300079345703125" lon="134.81482573784887790679931640625">
        <ele>5.599999904632568359375</ele>
        <time>2026-08-01T08:53:18.000Z</time>
        <extensions>
          <ns3:TrackPointExtension>
            <ns3:atemp>34.0</ns3:atemp>
            <ns3:hr>164</ns3:hr>
            <ns3:cad>81</ns3:cad>
          </ns3:TrackPointExtension>
        </extensions>
      </trkpt>
      <trkpt lat="35.55837188847362995147705078125" lon="134.814845435321331024169921875">
        <ele>5.80000019073486328125</ele>
        <time>2026-08-01T08:53:19.000Z</time>
        <extensions>
          <ns3:TrackPointExtension>
            <ns3:atemp>34.0</ns3:atemp>
            <ns3:hr>164</ns3:hr>
            <ns3:cad>81</ns3:cad>
          </ns3:TrackPointExtension>
        </extensions>
      </trkpt>
      <trkpt lat="35.5583481676876544952392578125" lon="134.8148623667657375335693359375">
        <ele>5.80000019073486328125</ele>
        <time>2026-08-01T08:53:20.000Z</time>
        <extensions>
          <ns3:TrackPointExtension>
            <ns3:atemp>34.0</ns3:atemp>
            <ns3:hr>163</ns3:hr>
            <ns3:cad>82</ns3:cad>
          </ns3:TrackPointExtension>
        </extensions>
      </trkpt>
      <trkpt lat="35.55832813493907451629638671875" lon="134.81487904675304889678955078125">
        <ele>5.80000019073486328125</ele>
        <time>2026-08-01T08:53:21.000Z</time>
        <extensions>
          <ns3:TrackPointExtension>
            <ns3:atemp>34.0</ns3:atemp>
            <ns3:hr>163</ns3:hr>
            <ns3:cad>82</ns3:cad>
          </ns3:TrackPointExtension>
        </extensions>
      </trkpt>
      <trkpt lat="35.5583025701344013214111328125" lon="134.81489740312099456787109375">
        <ele>5.80000019073486328125</ele>
        <time>2026-08-01T08:53:22.000Z</time>
        <extensions>
          <ns3:TrackPointExtension>
            <ns3:atemp>34.0</ns3:atemp>
            <ns3:hr>163</ns3:hr>
            <ns3:cad>82</ns3:cad>
          </ns3:TrackPointExtension>
        </extensions>
      </trkpt>
      <trkpt lat="35.55828974582254886627197265625" lon="134.81491341255605220794677734375">
        <ele>5.599999904632568359375</ele>
        <time>2026-08-01T08:53:23.000Z</time>
        <extensions>
          <ns3:TrackPointExtension>
            <ns3:atemp>34.0</ns3:atemp>
            <ns3:hr>162</ns3:hr>
            <ns3:cad>82</ns3:cad>
          </ns3:TrackPointExtension>
        </extensions>
      </trkpt>
      <trkpt lat="35.55826644413173198699951171875" lon="134.81493252329528331756591796875">
        <ele>5.599999904632568359375</ele>
        <time>2026-08-01T08:53:24.000Z</time>
        <extensions>
          <ns3:TrackPointExtension>
            <ns3:atemp>34.0</ns3:atemp>
            <ns3:hr>161</ns3:hr>
            <ns3:cad>82</ns3:cad>
          </ns3:TrackPointExtension>
        </extensions>
      </trkpt>
      <trkpt lat="35.55824448354542255401611328125" lon="134.8149488680064678192138671875">
        <ele>5.599999904632568359375</ele>
        <time>2026-08-01T08:53:25.000Z</time>
        <extensions>
          <ns3:TrackPointExtension>
            <ns3:atemp>34.0</ns3:atemp>
            <ns3:hr>161</ns3:hr>
            <ns3:cad>82</ns3:cad>
          </ns3:TrackPointExtension>
        </extensions>
      </trkpt>
      <trkpt lat="35.55823191069066524505615234375" lon="134.8149689845740795135498046875">
        <ele>5.80000019073486328125</ele>
        <time>2026-08-01T08:53:26.000Z</time>
        <extensions>
          <ns3:TrackPointExtension>
            <ns3:atemp>34.0</ns3:atemp>
            <ns3:hr>160</ns3:hr>
            <ns3:cad>82</ns3:cad>
          </ns3:TrackPointExtension>
        </extensions>
      </trkpt>
      <trkpt lat="35.55820559151470661163330078125" lon="134.81498650275170803070068359375">
        <ele>5.80000019073486328125</ele>
        <time>2026-08-01T08:53:27.000Z</time>
        <extensions>
          <ns3:TrackPointExtension>
            <ns3:atemp>34.0</ns3:atemp>
            <ns3:hr>160</ns3:hr>
            <ns3:cad>82</ns3:cad>
          </ns3:TrackPointExtension>
        </extensions>
      </trkpt>
      <trkpt lat="35.55818907916545867919921875" lon="134.81500544585287570953369140625">
        <ele>5.80000019073486328125</ele>
        <time>2026-08-01T08:53:28.000Z</time>
        <extensions>
          <ns3:TrackPointExtension>
            <ns3:atemp>34.0</ns3:atemp>
            <ns3:hr>161</ns3:hr>
            <ns3:cad>82</ns3:cad>
          </ns3:TrackPointExtension>
        </extensions>
      </trkpt>
      <trkpt lat="35.55817474611103534698486328125" lon="134.81502137146890163421630859375">
        <ele>5.80000019073486328125</ele>
        <time>2026-08-01T08:53:29.000Z</time>
        <extensions>
          <ns3:TrackPointExtension>
            <ns3:atemp>34.0</ns3:atemp>
            <ns3:hr>161</ns3:hr>
            <ns3:cad>82</ns3:cad>
          </ns3:TrackPointExtension>
        </extensions>
      </trkpt>
      <trkpt lat="35.55815194733440876007080078125" lon="134.81503830291330814361572265625">
        <ele>5.80000019073486328125</ele>
        <time>2026-08-01T08:53:30.000Z</time>
        <extensions>
          <ns3:TrackPointExtension>
            <ns3:atemp>34.0</ns3:atemp>
            <ns3:hr>162</ns3:hr>
            <ns3:cad>82</ns3:cad>
          </ns3:TrackPointExtension>
        </extensions>
      </trkpt>
      <trkpt lat="35.55813945829868316650390625" lon="134.81505037285387516021728515625">
        <ele>5.80000019073486328125</ele>
        <time>2026-08-01T08:53:31.000Z</time>
        <extensions>
          <ns3:TrackPointExtension>
            <ns3:atemp>34.0</ns3:atemp>
            <ns3:hr>162</ns3:hr>
            <ns3:cad>82</ns3:cad>
          </ns3:TrackPointExtension>
        </extensions>
      </trkpt>
      <trkpt lat="35.5581225268542766571044921875" lon="134.815066717565059661865234375">
        <ele>5.80000019073486328125</ele>
        <time>2026-08-01T08:53:32.000Z</time>
        <extensions>
          <ns3:TrackPointExtension>
            <ns3:atemp>34.0</ns3:atemp>
            <ns3:hr>163</ns3:hr>
            <ns3:cad>81</ns3:cad>
          </ns3:TrackPointExtension>
        </extensions>
      </trkpt>
      <trkpt lat="35.558095537126064300537109375" lon="134.81508205644786357879638671875">
        <ele>5.80000019073486328125</ele>
        <time>2026-08-01T08:53:33.000Z</time>
        <extensions>
          <ns3:TrackPointExtension>
            <ns3:atemp>34.0</ns3:atemp>
            <ns3:hr>163</ns3:hr>
            <ns3:cad>81</ns3:cad>
          </ns3:TrackPointExtension>
        </extensions>
      </trkpt>
      <trkpt lat="35.558082796633243560791015625" lon="134.81509664095938205718994140625">
        <ele>5.599999904632568359375</ele>
        <time>2026-08-01T08:53:34.000Z</time>
        <extensions>
          <ns3:TrackPointExtension>
            <ns3:atemp>34.0</ns3:atemp>
            <ns3:hr>163</ns3:hr>
            <ns3:cad>81</ns3:cad>
          </ns3:TrackPointExtension>
        </extensions>
      </trkpt>
      <trkpt lat="35.55806301534175872802734375" lon="134.8151118122041225433349609375">
        <ele>5.599999904632568359375</ele>
        <time>2026-08-01T08:53:35.000Z</time>
        <extensions>
          <ns3:TrackPointExtension>
            <ns3:atemp>34.0</ns3:atemp>
            <ns3:hr>162</ns3:hr>
            <ns3:cad>81</ns3:cad>
          </ns3:TrackPointExtension>
        </extensions>
      </trkpt>
      <trkpt lat="35.5580382049083709716796875" lon="134.8151275701820850372314453125">
        <ele>5.599999904632568359375</ele>
        <time>2026-08-01T08:53:36.000Z</time>
        <extensions>
          <ns3:TrackPointExtension>
            <ns3:atemp>34.0</ns3:atemp>
            <ns3:hr>163</ns3:hr>
            <ns3:cad>81</ns3:cad>
          </ns3:TrackPointExtension>
        </extensions>
      </trkpt>
      <trkpt lat="35.55802370421588420867919921875" lon="134.81514684855937957763671875">
        <ele>5.599999904632568359375</ele>
        <time>2026-08-01T08:53:37.000Z</time>
        <extensions>
          <ns3:TrackPointExtension>
            <ns3:atemp>34.0</ns3:atemp>
            <ns3:hr>163</ns3:hr>
            <ns3:cad>81</ns3:cad>
          </ns3:TrackPointExtension>
        </extensions>
      </trkpt>
      <trkpt lat="35.55800241418182849884033203125" lon="134.81516520492732524871826171875">
        <ele>5.599999904632568359375</ele>
        <time>2026-08-01T08:53:38.000Z</time>
        <extensions>
          <ns3:TrackPointExtension>
            <ns3:atemp>34.0</ns3:atemp>
            <ns3:hr>163</ns3:hr>
            <ns3:cad>81</ns3:cad>
          </ns3:TrackPointExtension>
        </extensions>
      </trkpt>
      <trkpt lat="35.55798120796680450439453125" lon="134.81517777778208255767822265625">
        <ele>5.599999904632568359375</ele>
        <time>2026-08-01T08:53:39.000Z</time>
        <extensions>
          <ns3:TrackPointExtension>
            <ns3:atemp>34.0</ns3:atemp>
            <ns3:hr>163</ns3:hr>
            <ns3:cad>81</ns3:cad>
          </ns3:TrackPointExtension>
        </extensions>
      </trkpt>
      <trkpt lat="35.5579656176269054412841796875" lon="134.81519252993166446685791015625">
        <ele>5.599999904632568359375</ele>
        <time>2026-08-01T08:53:40.000Z</time>
        <extensions>
          <ns3:TrackPointExtension>
            <ns3:atemp>34.0</ns3:atemp>
            <ns3:hr>163</ns3:hr>
            <ns3:cad>81</ns3:cad>
          </ns3:TrackPointExtension>
        </extensions>
      </trkpt>
      <trkpt lat="35.5579458363354206085205078125" lon="134.815226309001445770263671875">
        <ele>5.80000019073486328125</ele>
        <time>2026-08-01T08:53:41.000Z</time>
        <extensions>
          <ns3:TrackPointExtension>
            <ns3:atemp>34.0</ns3:atemp>
            <ns3:hr>163</ns3:hr>
            <ns3:cad>81</ns3:cad>
          </ns3:TrackPointExtension>
        </extensions>
      </trkpt>
      <trkpt lat="35.55792882107198238372802734375" lon="134.81524533592164516448974609375">
        <ele>5.80000019073486328125</ele>
        <time>2026-08-01T08:53:42.000Z</time>
        <extensions>
          <ns3:TrackPointExtension>
            <ns3:atemp>34.0</ns3:atemp>
            <ns3:hr>163</ns3:hr>
            <ns3:cad>82</ns3:cad>
          </ns3:TrackPointExtension>
        </extensions>
      </trkpt>
      <trkpt lat="35.55790434591472148895263671875" lon="134.8152615129947662353515625">
        <ele>5.80000019073486328125</ele>
        <time>2026-08-01T08:53:43.000Z</time>
        <extensions>
          <ns3:TrackPointExtension>
            <ns3:atemp>34.0</ns3:atemp>
            <ns3:hr>163</ns3:hr>
            <ns3:cad>82</ns3:cad>
          </ns3:TrackPointExtension>
        </extensions>
      </trkpt>
      <trkpt lat="35.5578799545764923095703125" lon="134.81528053991496562957763671875">
        <ele>5.80000019073486328125</ele>
        <time>2026-08-01T08:53:44.000Z</time>
        <extensions>
          <ns3:TrackPointExtension>
            <ns3:atemp>34.0</ns3:atemp>
            <ns3:hr>163</ns3:hr>
            <ns3:cad>82</ns3:cad>
          </ns3:TrackPointExtension>
        </extensions>
      </trkpt>
      <trkpt lat="35.5578663758933544158935546875" lon="134.81529730372130870819091796875">
        <ele>5.80000019073486328125</ele>
        <time>2026-08-01T08:53:45.000Z</time>
        <extensions>
          <ns3:TrackPointExtension>
            <ns3:atemp>34.0</ns3:atemp>
            <ns3:hr>163</ns3:hr>
            <ns3:cad>82</ns3:cad>
          </ns3:TrackPointExtension>
        </extensions>
      </trkpt>
      <trkpt lat="35.557846091687679290771484375" lon="134.81531473807990550994873046875">
        <ele>5.80000019073486328125</ele>
        <time>2026-08-01T08:53:46.000Z</time>
        <extensions>
          <ns3:TrackPointExtension>
            <ns3:atemp>34.0</ns3:atemp>
            <ns3:hr>164</ns3:hr>
            <ns3:cad>82</ns3:cad>
          </ns3:TrackPointExtension>
        </extensions>
      </trkpt>
      <trkpt lat="35.55782622657716274261474609375" lon="134.81533435173332691192626953125">
        <ele>5.80000019073486328125</ele>
        <time>2026-08-01T08:53:47.000Z</time>
        <extensions>
          <ns3:TrackPointExtension>
            <ns3:atemp>34.0</ns3:atemp>
            <ns3:hr>164</ns3:hr>
            <ns3:cad>82</ns3:cad>
          </ns3:TrackPointExtension>
        </extensions>
      </trkpt>
      <trkpt lat="35.55781499482691287994384765625" lon="134.8153552226722240447998046875">
        <ele>5.599999904632568359375</ele>
        <time>2026-08-01T08:53:48.000Z</time>
        <extensions>
          <ns3:TrackPointExtension>
            <ns3:atemp>34.0</ns3:atemp>
            <ns3:hr>163</ns3:hr>
            <ns3:cad>81</ns3:cad>
          </ns3:TrackPointExtension>
        </extensions>
      </trkpt>
      <trkpt lat="35.55780242197215557098388671875" lon="134.8153795301914215087890625">
        <ele>5.80000019073486328125</ele>
        <time>2026-08-01T08:53:49.000Z</time>
        <extensions>
          <ns3:TrackPointExtension>
            <ns3:atemp>34.0</ns3:atemp>
            <ns3:hr>163</ns3:hr>
            <ns3:cad>81</ns3:cad>
          </ns3:TrackPointExtension>
        </extensions>
      </trkpt>
      <trkpt lat="35.55779554881155490875244140625" lon="134.81540358625352382659912109375">
        <ele>5.80000019073486328125</ele>
        <time>2026-08-01T08:53:50.000Z</time>
        <extensions>
          <ns3:TrackPointExtension>
            <ns3:atemp>34.0</ns3:atemp>
            <ns3:hr>163</ns3:hr>
            <ns3:cad>81</ns3:cad>
          </ns3:TrackPointExtension>
        </extensions>
      </trkpt>
      <trkpt lat="35.557789094746112823486328125" lon="134.8154286481440067291259765625">
        <ele>5.80000019073486328125</ele>
        <time>2026-08-01T08:53:51.000Z</time>
        <extensions>
          <ns3:TrackPointExtension>
            <ns3:atemp>34.0</ns3:atemp>
            <ns3:hr>163</ns3:hr>
            <ns3:cad>81</ns3:cad>
          </ns3:TrackPointExtension>
        </extensions>
      </trkpt>
      <trkpt lat="35.5577721633017063140869140625" lon="134.8154573142528533935546875">
        <ele>5.80000019073486328125</ele>
        <time>2026-08-01T08:53:52.000Z</time>
        <extensions>
          <ns3:TrackPointExtension>
            <ns3:atemp>34.0</ns3:atemp>
            <ns3:hr>163</ns3:hr>
            <ns3:cad>81</ns3:cad>
          </ns3:TrackPointExtension>
        </extensions>
      </trkpt>
      <trkpt lat="35.5577641166746616363525390625" lon="134.8154779337346553802490234375">
        <ele>5.80000019073486328125</ele>
        <time>2026-08-01T08:53:53.000Z</time>
        <extensions>
          <ns3:TrackPointExtension>
            <ns3:atemp>34.0</ns3:atemp>
            <ns3:hr>163</ns3:hr>
            <ns3:cad>81</ns3:cad>
          </ns3:TrackPointExtension>
        </extensions>
      </trkpt>
      <trkpt lat="35.55774592794477939605712890625" lon="134.81550266034901142120361328125">
        <ele>5.80000019073486328125</ele>
        <time>2026-08-01T08:53:54.000Z</time>
        <extensions>
          <ns3:TrackPointExtension>
            <ns3:atemp>34.0</ns3:atemp>
            <ns3:hr>163</ns3:hr>
            <ns3:cad>81</ns3:cad>
          </ns3:TrackPointExtension>
        </extensions>
      </trkpt>
      <trkpt lat="35.5577141605317592620849609375" lon="134.8155055940151214599609375">
        <ele>5.80000019073486328125</ele>
        <time>2026-08-01T08:53:55.000Z</time>
        <extensions>
          <ns3:TrackPointExtension>
            <ns3:atemp>34.0</ns3:atemp>
            <ns3:hr>163</ns3:hr>
            <ns3:cad>82</ns3:cad>
          </ns3:TrackPointExtension>
        </extensions>
      </trkpt>
      <trkpt lat="35.55769580416381359100341796875" lon="134.8155094496905803680419921875">
        <ele>5.80000019073486328125</ele>
        <time>2026-08-01T08:53:56.000Z</time>
        <extensions>
          <ns3:TrackPointExtension>
            <ns3:atemp>34.0</ns3:atemp>
            <ns3:hr>163</ns3:hr>
            <ns3:cad>82</ns3:cad>
          </ns3:TrackPointExtension>
        </extensions>
      </trkpt>
      <trkpt lat="35.55766931734979152679443359375" lon="134.81550894677639007568359375">
        <ele>5.80000019073486328125</ele>
        <time>2026-08-01T08:53:57.000Z</time>
        <extensions>
          <ns3:TrackPointExtension>
            <ns3:atemp>34.0</ns3:atemp>
            <ns3:hr>162</ns3:hr>
            <ns3:cad>82</ns3:cad>
          </ns3:TrackPointExtension>
        </extensions>
      </trkpt>
      <trkpt lat="35.55764056742191314697265625" lon="134.81550517491996288299560546875">
        <ele>6</ele>
        <time>2026-08-01T08:53:58.000Z</time>
        <extensions>
          <ns3:TrackPointExtension>
            <ns3:atemp>34.0</ns3:atemp>
            <ns3:hr>163</ns3:hr>
            <ns3:cad>81</ns3:cad>
          </ns3:TrackPointExtension>
        </extensions>
      </trkpt>
      <trkpt lat="35.5576172657310962677001953125" lon="134.815509282052516937255859375">
        <ele>6</ele>
        <time>2026-08-01T08:53:59.000Z</time>
        <extensions>
          <ns3:TrackPointExtension>
            <ns3:atemp>34.0</ns3:atemp>
            <ns3:hr>163</ns3:hr>
            <ns3:cad>81</ns3:cad>
          </ns3:TrackPointExtension>
        </extensions>
      </trkpt>
      <trkpt lat="35.55758549831807613372802734375" lon="134.81550668366253376007080078125">
        <ele>6</ele>
        <time>2026-08-01T08:54:00.000Z</time>
        <extensions>
          <ns3:TrackPointExtension>
            <ns3:atemp>34.0</ns3:atemp>
            <ns3:hr>163</ns3:hr>
            <ns3:cad>81</ns3:cad>
          </ns3:TrackPointExtension>
        </extensions>
      </trkpt>
      <trkpt lat="35.5575629509985446929931640625" lon="134.81550358235836029052734375">
        <ele>6.19999980926513671875</ele>
        <time>2026-08-01T08:54:01.000Z</time>
        <extensions>
          <ns3:TrackPointExtension>
            <ns3:atemp>34.0</ns3:atemp>
            <ns3:hr>163</ns3:hr>
            <ns3:cad>81</ns3:cad>
          </ns3:TrackPointExtension>
        </extensions>
      </trkpt>
      <trkpt lat="35.5575394816696643829345703125" lon="134.81550467200577259063720703125">
        <ele>6.19999980926513671875</ele>
        <time>2026-08-01T08:54:02.000Z</time>
        <extensions>
          <ns3:TrackPointExtension>
            <ns3:atemp>34.0</ns3:atemp>
            <ns3:hr>164</ns3:hr>
            <ns3:cad>81</ns3:cad>
          </ns3:TrackPointExtension>
        </extensions>
      </trkpt>
      <trkpt lat="35.55751048028469085693359375" lon="134.815507270395755767822265625">
        <ele>6.19999980926513671875</ele>
        <time>2026-08-01T08:54:03.000Z</time>
        <extensions>
          <ns3:TrackPointExtension>
            <ns3:atemp>34.0</ns3:atemp>
            <ns3:hr>164</ns3:hr>
            <ns3:cad>81</ns3:cad>
          </ns3:TrackPointExtension>
        </extensions>
      </trkpt>
      <trkpt lat="35.55749170482158660888671875" lon="134.81550634838640689849853515625">
        <ele>6.400000095367431640625</ele>
        <time>2026-08-01T08:54:04.000Z</time>
        <extensions>
          <ns3:TrackPointExtension>
            <ns3:atemp>34.0</ns3:atemp>
            <ns3:hr>164</ns3:hr>
            <ns3:cad>81</ns3:cad>
          </ns3:TrackPointExtension>
        </extensions>
      </trkpt>
      <trkpt lat="35.5574650503695011138916015625" lon="134.81550266034901142120361328125">
        <ele>6.400000095367431640625</ele>
        <time>2026-08-01T08:54:05.000Z</time>
        <extensions>
          <ns3:TrackPointExtension>
            <ns3:atemp>34.0</ns3:atemp>
            <ns3:hr>164</ns3:hr>
            <ns3:cad>81</ns3:cad>
          </ns3:TrackPointExtension>
        </extensions>
      </trkpt>
      <trkpt lat="35.557440407574176788330078125" lon="134.81550198979675769805908203125">
        <ele>6.400000095367431640625</ele>
        <time>2026-08-01T08:54:06.000Z</time>
        <extensions>
          <ns3:TrackPointExtension>
            <ns3:atemp>34.0</ns3:atemp>
            <ns3:hr>164</ns3:hr>
            <ns3:cad>81</ns3:cad>
          </ns3:TrackPointExtension>
        </extensions>
      </trkpt>
      <trkpt lat="35.55742054246366024017333984375" lon="134.8155077733099460601806640625">
        <ele>6.400000095367431640625</ele>
        <time>2026-08-01T08:54:07.000Z</time>
        <extensions>
          <ns3:TrackPointExtension>
            <ns3:atemp>34.0</ns3:atemp>
            <ns3:hr>165</ns3:hr>
            <ns3:cad>82</ns3:cad>
          </ns3:TrackPointExtension>
        </extensions>
      </trkpt>
      <trkpt lat="35.557392127811908721923828125" lon="134.81550903059542179107666015625">
        <ele>6.400000095367431640625</ele>
        <time>2026-08-01T08:54:08.000Z</time>
        <extensions>
          <ns3:TrackPointExtension>
            <ns3:atemp>34.0</ns3:atemp>
            <ns3:hr>165</ns3:hr>
            <ns3:cad>82</ns3:cad>
          </ns3:TrackPointExtension>
        </extensions>
      </trkpt>
      <trkpt lat="35.5573691613972187042236328125" lon="134.8155077733099460601806640625">
        <ele>6.400000095367431640625</ele>
        <time>2026-08-01T08:54:09.000Z</time>
        <extensions>
          <ns3:TrackPointExtension>
            <ns3:atemp>34.0</ns3:atemp>
            <ns3:hr>165</ns3:hr>
            <ns3:cad>82</ns3:cad>
          </ns3:TrackPointExtension>
        </extensions>
      </trkpt>
      <trkpt lat="35.55734560824930667877197265625" lon="134.815509952604770660400390625">
        <ele>6.599999904632568359375</ele>
        <time>2026-08-01T08:54:10.000Z</time>
        <extensions>
          <ns3:TrackPointExtension>
            <ns3:atemp>34.0</ns3:atemp>
            <ns3:hr>165</ns3:hr>
            <ns3:cad>82</ns3:cad>
          </ns3:TrackPointExtension>
        </extensions>
      </trkpt>
      <trkpt lat="35.5573151819407939910888671875" lon="134.81550626456737518310546875">
        <ele>6.599999904632568359375</ele>
        <time>2026-08-01T08:54:11.000Z</time>
        <extensions>
          <ns3:TrackPointExtension>
            <ns3:atemp>34.0</ns3:atemp>
            <ns3:hr>165</ns3:hr>
            <ns3:cad>82</ns3:cad>
          </ns3:TrackPointExtension>
        </extensions>
      </trkpt>
      <trkpt lat="35.5572925508022308349609375" lon="134.815507270395755767822265625">
        <ele>6.80000019073486328125</ele>
        <time>2026-08-01T08:54:12.000Z</time>
        <extensions>
          <ns3:TrackPointExtension>
            <ns3:atemp>34.0</ns3:atemp>
            <ns3:hr>165</ns3:hr>
            <ns3:cad>82</ns3:cad>
          </ns3:TrackPointExtension>
        </extensions>
      </trkpt>
      <trkpt lat="35.55726916529238224029541015625" lon="134.81550567783415317535400390625">
        <ele>6.80000019073486328125</ele>
        <time>2026-08-01T08:54:13.000Z</time>
        <extensions>
          <ns3:TrackPointExtension>
            <ns3:atemp>34.0</ns3:atemp>
            <ns3:hr>165</ns3:hr>
            <ns3:cad>82</ns3:cad>
          </ns3:TrackPointExtension>
        </extensions>
      </trkpt>
      <trkpt lat="35.55724049918353557586669921875" lon="134.81549981050193309783935546875">
        <ele>6.599999904632568359375</ele>
        <time>2026-08-01T08:54:14.000Z</time>
        <extensions>
          <ns3:TrackPointExtension>
            <ns3:atemp>34.0</ns3:atemp>
            <ns3:hr>165</ns3:hr>
            <ns3:cad>82</ns3:cad>
          </ns3:TrackPointExtension>
        </extensions>
      </trkpt>
      <trkpt lat="35.5572233162820339202880859375" lon="134.8155055940151214599609375">
        <ele>6.599999904632568359375</ele>
        <time>2026-08-01T08:54:15.000Z</time>
        <extensions>
          <ns3:TrackPointExtension>
            <ns3:atemp>34.0</ns3:atemp>
            <ns3:hr>165</ns3:hr>
            <ns3:cad>82</ns3:cad>
          </ns3:TrackPointExtension>
        </extensions>
      </trkpt>
      <trkpt lat="35.55719741620123386383056640625" lon="134.815498888492584228515625">
        <ele>6.400000095367431640625</ele>
        <time>2026-08-01T08:54:16.000Z</time>
        <extensions>
          <ns3:TrackPointExtension>
            <ns3:atemp>34.0</ns3:atemp>
            <ns3:hr>166</ns3:hr>
            <ns3:cad>82</ns3:cad>
          </ns3:TrackPointExtension>
        </extensions>
      </trkpt>
      <trkpt lat="35.55717512033879756927490234375" lon="134.8154950328171253204345703125">
        <ele>6.400000095367431640625</ele>
        <time>2026-08-01T08:54:17.000Z</time>
        <extensions>
          <ns3:TrackPointExtension>
            <ns3:atemp>34.0</ns3:atemp>
            <ns3:hr>165</ns3:hr>
            <ns3:cad>82</ns3:cad>
          </ns3:TrackPointExtension>
        </extensions>
      </trkpt>
      <trkpt lat="35.5571545846760272979736328125" lon="134.81549880467355251312255859375">
        <ele>6.19999980926513671875</ele>
        <time>2026-08-01T08:54:18.000Z</time>
        <extensions>
          <ns3:TrackPointExtension>
            <ns3:atemp>34.0</ns3:atemp>
            <ns3:hr>165</ns3:hr>
            <ns3:cad>82</ns3:cad>
          </ns3:TrackPointExtension>
        </extensions>
      </trkpt>
      <trkpt lat="35.5571244098246097564697265625" lon="134.81549377553164958953857421875">
        <ele>6.19999980926513671875</ele>
        <time>2026-08-01T08:54:19.000Z</time>
        <extensions>
          <ns3:TrackPointExtension>
            <ns3:atemp>34.0</ns3:atemp>
            <ns3:hr>166</ns3:hr>
            <ns3:cad>82</ns3:cad>
          </ns3:TrackPointExtension>
        </extensions>
      </trkpt>
      <trkpt lat="35.5571046285331249237060546875" lon="134.81549478136003017425537109375">
        <ele>6.19999980926513671875</ele>
        <time>2026-08-01T08:54:20.000Z</time>
        <extensions>
          <ns3:TrackPointExtension>
            <ns3:atemp>34.0</ns3:atemp>
            <ns3:hr>165</ns3:hr>
            <ns3:cad>81</ns3:cad>
          </ns3:TrackPointExtension>
        </extensions>
      </trkpt>
      <trkpt lat="35.55707772262394428253173828125" lon="134.81549578718841075897216796875">
        <ele>6.19999980926513671875</ele>
        <time>2026-08-01T08:54:21.000Z</time>
        <extensions>
          <ns3:TrackPointExtension>
            <ns3:atemp>34.0</ns3:atemp>
            <ns3:hr>165</ns3:hr>
            <ns3:cad>81</ns3:cad>
          </ns3:TrackPointExtension>
        </extensions>
      </trkpt>
      <trkpt lat="35.55704704485833644866943359375" lon="134.81549419462680816650390625">
        <ele>6.400000095367431640625</ele>
        <time>2026-08-01T08:54:22.000Z</time>
        <extensions>
          <ns3:TrackPointExtension>
            <ns3:atemp>34.0</ns3:atemp>
            <ns3:hr>164</ns3:hr>
            <ns3:cad>81</ns3:cad>
          </ns3:TrackPointExtension>
        </extensions>
      </trkpt>
      <trkpt lat="35.5570296943187713623046875" lon="134.81549746356904506683349609375">
        <ele>6.400000095367431640625</ele>
        <time>2026-08-01T08:54:23.000Z</time>
        <extensions>
          <ns3:TrackPointExtension>
            <ns3:atemp>34.0</ns3:atemp>
            <ns3:hr>164</ns3:hr>
            <ns3:cad>82</ns3:cad>
          </ns3:TrackPointExtension>
        </extensions>
      </trkpt>
      <trkpt lat="35.55700111202895641326904296875" lon="134.81549017131328582763671875">
        <ele>6.400000095367431640625</ele>
        <time>2026-08-01T08:54:24.000Z</time>
        <extensions>
          <ns3:TrackPointExtension>
            <ns3:atemp>34.0</ns3:atemp>
            <ns3:hr>164</ns3:hr>
            <ns3:cad>82</ns3:cad>
          </ns3:TrackPointExtension>
        </extensions>
      </trkpt>
      <trkpt lat="35.55697672069072723388671875" lon="134.8154895007610321044921875">
        <ele>6.400000095367431640625</ele>
        <time>2026-08-01T08:54:25.000Z</time>
        <extensions>
          <ns3:TrackPointExtension>
            <ns3:atemp>34.0</ns3:atemp>
            <ns3:hr>163</ns3:hr>
            <ns3:cad>82</ns3:cad>
          </ns3:TrackPointExtension>
        </extensions>
      </trkpt>
      <trkpt lat="35.556958615779876708984375" lon="134.8154953680932521820068359375">
        <ele>6.400000095367431640625</ele>
        <time>2026-08-01T08:54:26.000Z</time>
        <extensions>
          <ns3:TrackPointExtension>
            <ns3:atemp>34.0</ns3:atemp>
            <ns3:hr>164</ns3:hr>
            <ns3:cad>82</ns3:cad>
          </ns3:TrackPointExtension>
        </extensions>
      </trkpt>
      <trkpt lat="35.5569304525852203369140625" lon="134.8154886625707149505615234375">
        <ele>6.19999980926513671875</ele>
        <time>2026-08-01T08:54:27.000Z</time>
        <extensions>
          <ns3:TrackPointExtension>
            <ns3:atemp>34.0</ns3:atemp>
            <ns3:hr>163</ns3:hr>
            <ns3:cad>81</ns3:cad>
          </ns3:TrackPointExtension>
        </extensions>
      </trkpt>
      <trkpt lat="35.5569088272750377655029296875" lon="134.8154930211603641510009765625">
        <ele>6.19999980926513671875</ele>
        <time>2026-08-01T08:54:28.000Z</time>
        <extensions>
          <ns3:TrackPointExtension>
            <ns3:atemp>34.0</ns3:atemp>
            <ns3:hr>163</ns3:hr>
            <ns3:cad>82</ns3:cad>
          </ns3:TrackPointExtension>
        </extensions>
      </trkpt>
      <trkpt lat="35.5568840168416500091552734375" lon="134.8154948651790618896484375">
        <ele>6.19999980926513671875</ele>
        <time>2026-08-01T08:54:29.000Z</time>
        <extensions>
          <ns3:TrackPointExtension>
            <ns3:atemp>34.0</ns3:atemp>
            <ns3:hr>163</ns3:hr>
            <ns3:cad>82</ns3:cad>
          </ns3:TrackPointExtension>
        </extensions>
      </trkpt>
      <trkpt lat="35.5568553507328033447265625" lon="134.81549276970326900482177734375">
        <ele>6.19999980926513671875</ele>
        <time>2026-08-01T08:54:30.000Z</time>
        <extensions>
          <ns3:TrackPointExtension>
            <ns3:atemp>34.0</ns3:atemp>
            <ns3:hr>163</ns3:hr>
            <ns3:cad>82</ns3:cad>
          </ns3:TrackPointExtension>
        </extensions>
      </trkpt>
      <trkpt lat="35.55684168823063373565673828125" lon="134.81549494899809360504150390625">
        <ele>6.19999980926513671875</ele>
        <time>2026-08-01T08:54:31.000Z</time>
        <extensions>
          <ns3:TrackPointExtension>
            <ns3:atemp>34.0</ns3:atemp>
            <ns3:hr>162</ns3:hr>
            <ns3:cad>81</ns3:cad>
          </ns3:TrackPointExtension>
        </extensions>
      </trkpt>
      <trkpt lat="35.55681671015918254852294921875" lon="134.81549025513231754302978515625">
        <ele>6.19999980926513671875</ele>
        <time>2026-08-01T08:54:32.000Z</time>
        <extensions>
          <ns3:TrackPointExtension>
            <ns3:atemp>34.0</ns3:atemp>
            <ns3:hr>162</ns3:hr>
            <ns3:cad>81</ns3:cad>
          </ns3:TrackPointExtension>
        </extensions>
      </trkpt>
      <trkpt lat="35.55679005570709705352783203125" lon="134.8154868185520172119140625">
        <ele>6.19999980926513671875</ele>
        <time>2026-08-01T08:54:33.000Z</time>
        <extensions>
          <ns3:TrackPointExtension>
            <ns3:atemp>34.0</ns3:atemp>
            <ns3:hr>162</ns3:hr>
            <ns3:cad>81</ns3:cad>
          </ns3:TrackPointExtension>
        </extensions>
      </trkpt>
      <trkpt lat="35.55676943622529506683349609375" lon="134.81549411080777645111083984375">
        <ele>6.19999980926513671875</ele>
        <time>2026-08-01T08:54:34.000Z</time>
        <extensions>
          <ns3:TrackPointExtension>
            <ns3:atemp>34.0</ns3:atemp>
            <ns3:hr>162</ns3:hr>
            <ns3:cad>82</ns3:cad>
          </ns3:TrackPointExtension>
        </extensions>
      </trkpt>
      <trkpt lat="35.55674093775451183319091796875" lon="134.81549394316971302032470703125">
        <ele>6.400000095367431640625</ele>
        <time>2026-08-01T08:54:35.000Z</time>
        <extensions>
          <ns3:TrackPointExtension>
            <ns3:atemp>34.0</ns3:atemp>
            <ns3:hr>163</ns3:hr>
            <ns3:cad>82</ns3:cad>
          </ns3:TrackPointExtension>
        </extensions>
      </trkpt>
      <trkpt lat="35.55671193636953830718994140625" lon="134.8154930211603641510009765625">
        <ele>6.400000095367431640625</ele>
        <time>2026-08-01T08:54:36.000Z</time>
        <extensions>
          <ns3:TrackPointExtension>
            <ns3:atemp>34.0</ns3:atemp>
            <ns3:hr>163</ns3:hr>
            <ns3:cad>82</ns3:cad>
          </ns3:TrackPointExtension>
        </extensions>
      </trkpt>
      <trkpt lat="35.5566888861358165740966796875" lon="134.81549511663615703582763671875">
        <ele>6.400000095367431640625</ele>
        <time>2026-08-01T08:54:37.000Z</time>
        <extensions>
          <ns3:TrackPointExtension>
            <ns3:atemp>34.0</ns3:atemp>
            <ns3:hr>163</ns3:hr>
            <ns3:cad>82</ns3:cad>
          </ns3:TrackPointExtension>
        </extensions>
      </trkpt>
      <trkpt lat="35.5566587112843990325927734375" lon="134.8154903389513492584228515625">
        <ele>6.400000095367431640625</ele>
        <time>2026-08-01T08:54:38.000Z</time>
        <extensions>
          <ns3:TrackPointExtension>
            <ns3:atemp>34.0</ns3:atemp>
            <ns3:hr>163</ns3:hr>
            <ns3:cad>82</ns3:cad>
          </ns3:TrackPointExtension>
        </extensions>
      </trkpt>
      <trkpt lat="35.55663784034550189971923828125" lon="134.81549075804650783538818359375">
        <ele>6.400000095367431640625</ele>
        <time>2026-08-01T08:54:39.000Z</time>
        <extensions>
          <ns3:TrackPointExtension>
            <ns3:atemp>34.0</ns3:atemp>
            <ns3:hr>163</ns3:hr>
            <ns3:cad>82</ns3:cad>
          </ns3:TrackPointExtension>
        </extensions>
      </trkpt>
      <trkpt lat="35.5566157959401607513427734375" lon="134.815489836037158966064453125">
        <ele>6.400000095367431640625</ele>
        <time>2026-08-01T08:54:40.000Z</time>
        <extensions>
          <ns3:TrackPointExtension>
            <ns3:atemp>34.0</ns3:atemp>
            <ns3:hr>164</ns3:hr>
            <ns3:cad>82</ns3:cad>
          </ns3:TrackPointExtension>
        </extensions>
      </trkpt>
      <trkpt lat="35.5565876327455043792724609375" lon="134.8154896683990955352783203125">
        <ele>6.400000095367431640625</ele>
        <time>2026-08-01T08:54:41.000Z</time>
        <extensions>
          <ns3:TrackPointExtension>
            <ns3:atemp>34.0</ns3:atemp>
            <ns3:hr>164</ns3:hr>
            <ns3:cad>82</ns3:cad>
          </ns3:TrackPointExtension>
        </extensions>
      </trkpt>
      <trkpt lat="35.556574724614620208740234375" lon="134.81549360789358615875244140625">
        <ele>6.19999980926513671875</ele>
        <time>2026-08-01T08:54:42.000Z</time>
        <extensions>
          <ns3:TrackPointExtension>
            <ns3:atemp>34.0</ns3:atemp>
            <ns3:hr>165</ns3:hr>
            <ns3:cad>82</ns3:cad>
          </ns3:TrackPointExtension>
        </extensions>
      </trkpt>
      <trkpt lat="35.55654698051512241363525390625" lon="134.81548991985619068145751953125">
        <ele>6.19999980926513671875</ele>
        <time>2026-08-01T08:54:43.000Z</time>
        <extensions>
          <ns3:TrackPointExtension>
            <ns3:atemp>34.0</ns3:atemp>
            <ns3:hr>165</ns3:hr>
            <ns3:cad>82</ns3:cad>
          </ns3:TrackPointExtension>
        </extensions>
      </trkpt>
      <trkpt lat="35.55652535520493984222412109375" lon="134.815491177141666412353515625">
        <ele>6</ele>
        <time>2026-08-01T08:54:44.000Z</time>
        <extensions>
          <ns3:TrackPointExtension>
            <ns3:atemp>34.0</ns3:atemp>
            <ns3:hr>164</ns3:hr>
            <ns3:cad>82</ns3:cad>
          </ns3:TrackPointExtension>
        </extensions>
      </trkpt>
      <trkpt lat="35.55650657974183559417724609375" lon="134.8154953680932521820068359375">
        <ele>6</ele>
        <time>2026-08-01T08:54:45.000Z</time>
        <extensions>
          <ns3:TrackPointExtension>
            <ns3:atemp>34.0</ns3:atemp>
            <ns3:hr>164</ns3:hr>
            <ns3:cad>82</ns3:cad>
          </ns3:TrackPointExtension>
        </extensions>
      </trkpt>
      <trkpt lat="35.55647841654717922210693359375" lon="134.81549511663615703582763671875">
        <ele>6</ele>
        <time>2026-08-01T08:54:46.000Z</time>
        <extensions>
          <ns3:TrackPointExtension>
            <ns3:atemp>34.0</ns3:atemp>
            <ns3:hr>165</ns3:hr>
            <ns3:cad>82</ns3:cad>
          </ns3:TrackPointExtension>
        </extensions>
      </trkpt>
      <trkpt lat="35.55646299384534358978271484375" lon="134.81549729593098163604736328125">
        <ele>6</ele>
        <time>2026-08-01T08:54:47.000Z</time>
        <extensions>
          <ns3:TrackPointExtension>
            <ns3:atemp>34.0</ns3:atemp>
            <ns3:hr>165</ns3:hr>
            <ns3:cad>82</ns3:cad>
          </ns3:TrackPointExtension>
        </extensions>
      </trkpt>
      <trkpt lat="35.55643759667873382568359375" lon="134.81549880467355251312255859375">
        <ele>6</ele>
        <time>2026-08-01T08:54:48.000Z</time>
        <extensions>
          <ns3:TrackPointExtension>
            <ns3:atemp>34.0</ns3:atemp>
            <ns3:hr>165</ns3:hr>
            <ns3:cad>82</ns3:cad>
          </ns3:TrackPointExtension>
        </extensions>
      </trkpt>
      <trkpt lat="35.55640331469476222991943359375" lon="134.8154948651790618896484375">
        <ele>6.19999980926513671875</ele>
        <time>2026-08-01T08:54:49.000Z</time>
        <extensions>
          <ns3:TrackPointExtension>
            <ns3:atemp>34.0</ns3:atemp>
            <ns3:hr>165</ns3:hr>
            <ns3:cad>82</ns3:cad>
          </ns3:TrackPointExtension>
        </extensions>
      </trkpt>
      <trkpt lat="35.556386969983577728271484375" lon="134.81549930758774280548095703125">
        <ele>6.19999980926513671875</ele>
        <time>2026-08-01T08:54:50.000Z</time>
        <extensions>
          <ns3:TrackPointExtension>
            <ns3:atemp>34.0</ns3:atemp>
            <ns3:hr>165</ns3:hr>
            <ns3:cad>82</ns3:cad>
          </ns3:TrackPointExtension>
        </extensions>
      </trkpt>
      <trkpt lat="35.5563572980463504791259765625" lon="134.815499223768711090087890625">
        <ele>6</ele>
        <time>2026-08-01T08:54:51.000Z</time>
        <extensions>
          <ns3:TrackPointExtension>
            <ns3:atemp>34.0</ns3:atemp>
            <ns3:hr>165</ns3:hr>
            <ns3:cad>81</ns3:cad>
          </ns3:TrackPointExtension>
        </extensions>
      </trkpt>
      <trkpt lat="35.55633307434618473052978515625" lon="134.8155000619590282440185546875">
        <ele>6</ele>
        <time>2026-08-01T08:54:52.000Z</time>
        <extensions>
          <ns3:TrackPointExtension>
            <ns3:atemp>34.0</ns3:atemp>
            <ns3:hr>165</ns3:hr>
            <ns3:cad>81</ns3:cad>
          </ns3:TrackPointExtension>
        </extensions>
      </trkpt>
      <trkpt lat="35.5563147179782390594482421875" lon="134.81550567783415317535400390625">
        <ele>6.19999980926513671875</ele>
        <time>2026-08-01T08:54:53.000Z</time>
        <extensions>
          <ns3:TrackPointExtension>
            <ns3:atemp>34.0</ns3:atemp>
            <ns3:hr>165</ns3:hr>
            <ns3:cad>82</ns3:cad>
          </ns3:TrackPointExtension>
        </extensions>
      </trkpt>
      <trkpt lat="35.55628462694585323333740234375" lon="134.8154997266829013824462890625">
        <ele>6.19999980926513671875</ele>
        <time>2026-08-01T08:54:54.000Z</time>
        <extensions>
          <ns3:TrackPointExtension>
            <ns3:atemp>34.0</ns3:atemp>
            <ns3:hr>165</ns3:hr>
            <ns3:cad>82</ns3:cad>
          </ns3:TrackPointExtension>
        </extensions>
      </trkpt>
      <trkpt lat="35.55626585148274898529052734375" lon="134.8154953680932521820068359375">
        <ele>6.19999980926513671875</ele>
        <time>2026-08-01T08:54:55.000Z</time>
        <extensions>
          <ns3:TrackPointExtension>
            <ns3:atemp>34.0</ns3:atemp>
            <ns3:hr>166</ns3:hr>
            <ns3:cad>82</ns3:cad>
          </ns3:TrackPointExtension>
        </extensions>
      </trkpt>
      <trkpt lat="35.5562422983348369598388671875" lon="134.81549553573131561279296875">
        <ele>6.400000095367431640625</ele>
        <time>2026-08-01T08:54:56.000Z</time>
        <extensions>
          <ns3:TrackPointExtension>
            <ns3:atemp>34.0</ns3:atemp>
            <ns3:hr>165</ns3:hr>
            <ns3:cad>82</ns3:cad>
          </ns3:TrackPointExtension>
        </extensions>
      </trkpt>
      <trkpt lat="35.55621338076889514923095703125" lon="134.815489836037158966064453125">
        <ele>6.400000095367431640625</ele>
        <time>2026-08-01T08:54:57.000Z</time>
        <extensions>
          <ns3:TrackPointExtension>
            <ns3:atemp>34.0</ns3:atemp>
            <ns3:hr>165</ns3:hr>
            <ns3:cad>82</ns3:cad>
          </ns3:TrackPointExtension>
        </extensions>
      </trkpt>
      <trkpt lat="35.55619644932448863983154296875" lon="134.815488494932651519775390625">
        <ele>6.400000095367431640625</ele>
        <time>2026-08-01T08:54:58.000Z</time>
        <extensions>
          <ns3:TrackPointExtension>
            <ns3:atemp>34.0</ns3:atemp>
            <ns3:hr>165</ns3:hr>
            <ns3:cad>82</ns3:cad>
          </ns3:TrackPointExtension>
        </extensions>
      </trkpt>
      <trkpt lat="35.55616937577724456787109375" lon="134.81548606418073177337646484375">
        <ele>6.19999980926513671875</ele>
        <time>2026-08-01T08:54:59.000Z</time>
        <extensions>
          <ns3:TrackPointExtension>
            <ns3:atemp>34.0</ns3:atemp>
            <ns3:hr>165</ns3:hr>
            <ns3:cad>83</ns3:cad>
          </ns3:TrackPointExtension>
        </extensions>
      </trkpt>
      <trkpt lat="35.556144230067729949951171875" lon="134.815487153828144073486328125">
        <ele>6.19999980926513671875</ele>
        <time>2026-08-01T08:55:00.000Z</time>
        <extensions>
          <ns3:TrackPointExtension>
            <ns3:atemp>34.0</ns3:atemp>
            <ns3:hr>165</ns3:hr>
            <ns3:cad>83</ns3:cad>
          </ns3:TrackPointExtension>
        </extensions>
      </trkpt>
      <trkpt lat="35.55612034164369106292724609375" lon="134.81549427844583988189697265625">
        <ele>6.19999980926513671875</ele>
        <time>2026-08-01T08:55:01.000Z</time>
        <extensions>
          <ns3:TrackPointExtension>
            <ns3:atemp>34.0</ns3:atemp>
            <ns3:hr>166</ns3:hr>
            <ns3:cad>83</ns3:cad>
          </ns3:TrackPointExtension>
        </extensions>
      </trkpt>
      <trkpt lat="35.55608681403100490570068359375" lon="134.81549025513231754302978515625">
        <ele>6.19999980926513671875</ele>
        <time>2026-08-01T08:55:02.000Z</time>
        <extensions>
          <ns3:TrackPointExtension>
            <ns3:atemp>34.0</ns3:atemp>
            <ns3:hr>165</ns3:hr>
            <ns3:cad>81</ns3:cad>
          </ns3:TrackPointExtension>
        </extensions>
      </trkpt>
      <trkpt lat="35.5560689605772495269775390625" lon="134.8154903389513492584228515625">
        <ele>6.19999980926513671875</ele>
        <time>2026-08-01T08:55:03.000Z</time>
        <extensions>
          <ns3:TrackPointExtension>
            <ns3:atemp>34.0</ns3:atemp>
            <ns3:hr>165</ns3:hr>
            <ns3:cad>81</ns3:cad>
          </ns3:TrackPointExtension>
        </extensions>
      </trkpt>
      <trkpt lat="35.55604306049644947052001953125" lon="134.8154967091977596282958984375">
        <ele>6.19999980926513671875</ele>
        <time>2026-08-01T08:55:04.000Z</time>
        <extensions>
          <ns3:TrackPointExtension>
            <ns3:atemp>34.0</ns3:atemp>
            <ns3:hr>165</ns3:hr>
            <ns3:cad>81</ns3:cad>
          </ns3:TrackPointExtension>
        </extensions>
      </trkpt>
      <trkpt lat="35.55601246654987335205078125" lon="134.81549913994967937469482421875">
        <ele>6.19999980926513671875</ele>
        <time>2026-08-01T08:55:05.000Z</time>
        <extensions>
          <ns3:TrackPointExtension>
            <ns3:atemp>34.0</ns3:atemp>
            <ns3:hr>165</ns3:hr>
            <ns3:cad>83</ns3:cad>
          </ns3:TrackPointExtension>
        </extensions>
      </trkpt>
      <trkpt lat="35.5559951998293399810791015625" lon="134.81550467200577259063720703125">
        <ele>6</ele>
        <time>2026-08-01T08:55:06.000Z</time>
        <extensions>
          <ns3:TrackPointExtension>
            <ns3:atemp>34.0</ns3:atemp>
            <ns3:hr>166</ns3:hr>
            <ns3:cad>83</ns3:cad>
          </ns3:TrackPointExtension>
        </extensions>
      </trkpt>
      <trkpt lat="35.55596628226339817047119140625" lon="134.81550090014934539794921875">
        <ele>6</ele>
        <time>2026-08-01T08:55:07.000Z</time>
        <extensions>
          <ns3:TrackPointExtension>
            <ns3:atemp>34.0</ns3:atemp>
            <ns3:hr>165</ns3:hr>
            <ns3:cad>82</ns3:cad>
          </ns3:TrackPointExtension>
        </extensions>
      </trkpt>
      <trkpt lat="35.5559408850967884063720703125" lon="134.81549897231161594390869140625">
        <ele>6</ele>
        <time>2026-08-01T08:55:08.000Z</time>
        <extensions>
          <ns3:TrackPointExtension>
            <ns3:atemp>34.0</ns3:atemp>
            <ns3:hr>165</ns3:hr>
            <ns3:cad>82</ns3:cad>
          </ns3:TrackPointExtension>
        </extensions>
      </trkpt>
      <trkpt lat="35.55592236109077930450439453125" lon="134.8155037499964237213134765625">
        <ele>6</ele>
        <time>2026-08-01T08:55:09.000Z</time>
        <extensions>
          <ns3:TrackPointExtension>
            <ns3:atemp>34.0</ns3:atemp>
            <ns3:hr>165</ns3:hr>
            <ns3:cad>82</ns3:cad>
          </ns3:TrackPointExtension>
        </extensions>
      </trkpt>
      <trkpt lat="35.555892102420330047607421875" lon="134.81549293734133243560791015625">
        <ele>6</ele>
        <time>2026-08-01T08:55:10.000Z</time>
        <extensions>
          <ns3:TrackPointExtension>
            <ns3:atemp>34.0</ns3:atemp>
            <ns3:hr>166</ns3:hr>
            <ns3:cad>82</ns3:cad>
          </ns3:TrackPointExtension>
        </extensions>
      </trkpt>
      <trkpt lat="35.55587491951882839202880859375" lon="134.81549092568457126617431640625">
        <ele>6</ele>
        <time>2026-08-01T08:55:11.000Z</time>
        <extensions>
          <ns3:TrackPointExtension>
            <ns3:atemp>34.0</ns3:atemp>
            <ns3:hr>165</ns3:hr>
            <ns3:cad>82</ns3:cad>
          </ns3:TrackPointExtension>
        </extensions>
      </trkpt>
      <trkpt lat="35.5558513663709163665771484375" lon="134.81549687683582305908203125">
        <ele>6</ele>
        <time>2026-08-01T08:55:12.000Z</time>
        <extensions>
          <ns3:TrackPointExtension>
            <ns3:atemp>34.0</ns3:atemp>
            <ns3:hr>165</ns3:hr>
            <ns3:cad>81</ns3:cad>
          </ns3:TrackPointExtension>
        </extensions>
      </trkpt>
      <trkpt lat="35.555821694433689117431640625" lon="134.815496541559696197509765625">
        <ele>6</ele>
        <time>2026-08-01T08:55:13.000Z</time>
        <extensions>
          <ns3:TrackPointExtension>
            <ns3:atemp>34.0</ns3:atemp>
            <ns3:hr>165</ns3:hr>
            <ns3:cad>81</ns3:cad>
          </ns3:TrackPointExtension>
        </extensions>
      </trkpt>
      <trkpt lat="35.5558030866086483001708984375" lon="134.81550081633031368255615234375">
        <ele>6.19999980926513671875</ele>
        <time>2026-08-01T08:55:14.000Z</time>
        <extensions>
          <ns3:TrackPointExtension>
            <ns3:atemp>34.0</ns3:atemp>
            <ns3:hr>165</ns3:hr>
            <ns3:cad>81</ns3:cad>
          </ns3:TrackPointExtension>
        </extensions>
      </trkpt>
      <trkpt lat="35.5557735823094844818115234375" lon="134.81550048105418682098388671875">
        <ele>6.19999980926513671875</ele>
        <time>2026-08-01T08:55:15.000Z</time>
        <extensions>
          <ns3:TrackPointExtension>
            <ns3:atemp>34.0</ns3:atemp>
            <ns3:hr>165</ns3:hr>
            <ns3:cad>82</ns3:cad>
          </ns3:TrackPointExtension>
        </extensions>
      </trkpt>
      <trkpt lat="35.5557427369058132171630859375" lon="134.81549696065485477447509765625">
        <ele>6</ele>
        <time>2026-08-01T08:55:16.000Z</time>
        <extensions>
          <ns3:TrackPointExtension>
            <ns3:atemp>34.0</ns3:atemp>
            <ns3:hr>164</ns3:hr>
            <ns3:cad>82</ns3:cad>
          </ns3:TrackPointExtension>
        </extensions>
      </trkpt>
      <trkpt lat="35.555722452700138092041015625" lon="134.815500564873218536376953125">
        <ele>6</ele>
        <time>2026-08-01T08:55:17.000Z</time>
        <extensions>
          <ns3:TrackPointExtension>
            <ns3:atemp>34.0</ns3:atemp>
            <ns3:hr>164</ns3:hr>
            <ns3:cad>82</ns3:cad>
          </ns3:TrackPointExtension>
        </extensions>
      </trkpt>
      <trkpt lat="35.55569454096257686614990234375" lon="134.81550299562513828277587890625">
        <ele>6</ele>
        <time>2026-08-01T08:55:18.000Z</time>
        <extensions>
          <ns3:TrackPointExtension>
            <ns3:atemp>34.0</ns3:atemp>
            <ns3:hr>164</ns3:hr>
            <ns3:cad>82</ns3:cad>
          </ns3:TrackPointExtension>
        </extensions>
      </trkpt>
      <trkpt lat="35.55567056871950626373291015625" lon="134.81550316326320171356201171875">
        <ele>5.80000019073486328125</ele>
        <time>2026-08-01T08:55:19.000Z</time>
        <extensions>
          <ns3:TrackPointExtension>
            <ns3:atemp>34.0</ns3:atemp>
            <ns3:hr>164</ns3:hr>
            <ns3:cad>82</ns3:cad>
          </ns3:TrackPointExtension>
        </extensions>
      </trkpt>
      <trkpt lat="35.5556411482393741607666015625" lon="134.81551188044250011444091796875">
        <ele>5.80000019073486328125</ele>
        <time>2026-08-01T08:55:20.000Z</time>
        <extensions>
          <ns3:TrackPointExtension>
            <ns3:atemp>34.0</ns3:atemp>
            <ns3:hr>164</ns3:hr>
            <ns3:cad>82</ns3:cad>
          </ns3:TrackPointExtension>
        </extensions>
      </trkpt>
      <trkpt lat="35.55560954846441745758056640625" lon="134.81551741249859333038330078125">
        <ele>6</ele>
        <time>2026-08-01T08:55:21.000Z</time>
        <extensions>
          <ns3:TrackPointExtension>
            <ns3:atemp>34.0</ns3:atemp>
            <ns3:hr>164</ns3:hr>
            <ns3:cad>82</ns3:cad>
          </ns3:TrackPointExtension>
        </extensions>
      </trkpt>
      <trkpt lat="35.555593036115169525146484375" lon="134.81551431119441986083984375">
        <ele>6</ele>
        <time>2026-08-01T08:55:22.000Z</time>
        <extensions>
          <ns3:TrackPointExtension>
            <ns3:atemp>34.0</ns3:atemp>
            <ns3:hr>164</ns3:hr>
            <ns3:cad>82</ns3:cad>
          </ns3:TrackPointExtension>
        </extensions>
      </trkpt>
      <trkpt lat="35.55556428618729114532470703125" lon="134.8155121318995952606201171875">
        <ele>6</ele>
        <time>2026-08-01T08:55:23.000Z</time>
        <extensions>
          <ns3:TrackPointExtension>
            <ns3:atemp>34.0</ns3:atemp>
            <ns3:hr>163</ns3:hr>
            <ns3:cad>81</ns3:cad>
          </ns3:TrackPointExtension>
        </extensions>
      </trkpt>
      <trkpt lat="35.5555321834981441497802734375" lon="134.815503917634487152099609375">
        <ele>6</ele>
        <time>2026-08-01T08:55:24.000Z</time>
        <extensions>
          <ns3:TrackPointExtension>
            <ns3:atemp>34.0</ns3:atemp>
            <ns3:hr>164</ns3:hr>
            <ns3:cad>81</ns3:cad>
          </ns3:TrackPointExtension>
        </extensions>
      </trkpt>
      <trkpt lat="35.55551634170114994049072265625" lon="134.8155091144144535064697265625">
        <ele>6</ele>
        <time>2026-08-01T08:55:25.000Z</time>
        <extensions>
          <ns3:TrackPointExtension>
            <ns3:atemp>34.0</ns3:atemp>
            <ns3:hr>164</ns3:hr>
            <ns3:cad>82</ns3:cad>
          </ns3:TrackPointExtension>
        </extensions>
      </trkpt>
      <trkpt lat="35.555488765239715576171875" lon="134.8155017383396625518798828125">
        <ele>6</ele>
        <time>2026-08-01T08:55:26.000Z</time>
        <extensions>
          <ns3:TrackPointExtension>
            <ns3:atemp>34.0</ns3:atemp>
            <ns3:hr>163</ns3:hr>
            <ns3:cad>82</ns3:cad>
          </ns3:TrackPointExtension>
        </extensions>
      </trkpt>
      <trkpt lat="35.555463619530200958251953125" lon="134.81549679301679134368896484375">
        <ele>6</ele>
        <time>2026-08-01T08:55:27.000Z</time>
        <extensions>
          <ns3:TrackPointExtension>
            <ns3:atemp>34.0</ns3:atemp>
            <ns3:hr>163</ns3:hr>
            <ns3:cad>82</ns3:cad>
          </ns3:TrackPointExtension>
        </extensions>
      </trkpt>
      <trkpt lat="35.55544040165841579437255859375" lon="134.81549930758774280548095703125">
        <ele>6</ele>
        <time>2026-08-01T08:55:28.000Z</time>
        <extensions>
          <ns3:TrackPointExtension>
            <ns3:atemp>34.0</ns3:atemp>
            <ns3:hr>163</ns3:hr>
            <ns3:cad>82</ns3:cad>
          </ns3:TrackPointExtension>
        </extensions>
      </trkpt>
      <trkpt lat="35.55540670640766620635986328125" lon="134.81549377553164958953857421875">
        <ele>6.19999980926513671875</ele>
        <time>2026-08-01T08:55:29.000Z</time>
        <extensions>
          <ns3:TrackPointExtension>
            <ns3:atemp>34.0</ns3:atemp>
            <ns3:hr>162</ns3:hr>
            <ns3:cad>82</ns3:cad>
          </ns3:TrackPointExtension>
        </extensions>
      </trkpt>
      <trkpt lat="35.55538885295391082763671875" lon="134.81548975221812725067138671875">
        <ele>6.400000095367431640625</ele>
        <time>2026-08-01T08:55:30.000Z</time>
        <extensions>
          <ns3:TrackPointExtension>
            <ns3:atemp>34.0</ns3:atemp>
            <ns3:hr>162</ns3:hr>
            <ns3:cad>82</ns3:cad>
          </ns3:TrackPointExtension>
        </extensions>
      </trkpt>
      <trkpt lat="35.55536379106342792510986328125" lon="134.81548807583749294281005859375">
        <ele>6.400000095367431640625</ele>
        <time>2026-08-01T08:55:31.000Z</time>
        <extensions>
          <ns3:TrackPointExtension>
            <ns3:atemp>34.0</ns3:atemp>
            <ns3:hr>162</ns3:hr>
            <ns3:cad>82</ns3:cad>
          </ns3:TrackPointExtension>
        </extensions>
      </trkpt>
      <trkpt lat="35.555334202945232391357421875" lon="134.81548321433365345001220703125">
        <ele>6.400000095367431640625</ele>
        <time>2026-08-01T08:55:32.000Z</time>
        <extensions>
          <ns3:TrackPointExtension>
            <ns3:atemp>34.0</ns3:atemp>
            <ns3:hr>162</ns3:hr>
            <ns3:cad>82</ns3:cad>
          </ns3:TrackPointExtension>
        </extensions>
      </trkpt>
      <trkpt lat="35.5553189478814601898193359375" lon="134.8154896683990955352783203125">
        <ele>6.400000095367431640625</ele>
        <time>2026-08-01T08:55:33.000Z</time>
        <extensions>
          <ns3:TrackPointExtension>
            <ns3:atemp>34.0</ns3:atemp>
            <ns3:hr>162</ns3:hr>
            <ns3:cad>82</ns3:cad>
          </ns3:TrackPointExtension>
        </extensions>
      </trkpt>
      <trkpt lat="35.55529438890516757965087890625" lon="134.8154906742274761199951171875">
        <ele>6.19999980926513671875</ele>
        <time>2026-08-01T08:55:34.000Z</time>
        <extensions>
          <ns3:TrackPointExtension>
            <ns3:atemp>34.0</ns3:atemp>
            <ns3:hr>163</ns3:hr>
            <ns3:cad>82</ns3:cad>
          </ns3:TrackPointExtension>
        </extensions>
      </trkpt>
      <trkpt lat="35.55527351796627044677734375" lon="134.8154814541339874267578125">
        <ele>6</ele>
        <time>2026-08-01T08:55:35.000Z</time>
        <extensions>
          <ns3:TrackPointExtension>
            <ns3:atemp>34.0</ns3:atemp>
            <ns3:hr>164</ns3:hr>
            <ns3:cad>82</ns3:cad>
          </ns3:TrackPointExtension>
        </extensions>
      </trkpt>
      <trkpt lat="35.5552565865218639373779296875" lon="134.81548338197171688079833984375">
        <ele>6</ele>
        <time>2026-08-01T08:55:36.000Z</time>
        <extensions>
          <ns3:TrackPointExtension>
            <ns3:atemp>34.0</ns3:atemp>
            <ns3:hr>165</ns3:hr>
            <ns3:cad>82</ns3:cad>
          </ns3:TrackPointExtension>
        </extensions>
      </trkpt>
      <trkpt lat="35.5552267469465732574462890625" lon="134.81547349132597446441650390625">
        <ele>6</ele>
        <time>2026-08-01T08:55:37.000Z</time>
        <extensions>
          <ns3:TrackPointExtension>
            <ns3:atemp>34.0</ns3:atemp>
            <ns3:hr>166</ns3:hr>
            <ns3:cad>82</ns3:cad>
          </ns3:TrackPointExtension>
        </extensions>
      </trkpt>
      <trkpt lat="35.55520788766443729400634765625" lon="134.81547600589692592620849609375">
        <ele>6</ele>
        <time>2026-08-01T08:55:38.000Z</time>
        <extensions>
          <ns3:TrackPointExtension>
            <ns3:atemp>34.0</ns3:atemp>
            <ns3:hr>166</ns3:hr>
            <ns3:cad>82</ns3:cad>
          </ns3:TrackPointExtension>
        </extensions>
      </trkpt>
      <trkpt lat="35.5551848374307155609130859375" lon="134.815479107201099395751953125">
        <ele>6</ele>
        <time>2026-08-01T08:55:39.000Z</time>
        <extensions>
          <ns3:TrackPointExtension>
            <ns3:atemp>34.0</ns3:atemp>
            <ns3:hr>166</ns3:hr>
            <ns3:cad>82</ns3:cad>
          </ns3:TrackPointExtension>
        </extensions>
      </trkpt>
      <trkpt lat="35.5551543273031711578369140625" lon="134.81547868810594081878662109375">
        <ele>6</ele>
        <time>2026-08-01T08:55:40.000Z</time>
        <extensions>
          <ns3:TrackPointExtension>
            <ns3:atemp>34.0</ns3:atemp>
            <ns3:hr>166</ns3:hr>
            <ns3:cad>82</ns3:cad>
          </ns3:TrackPointExtension>
        </extensions>
      </trkpt>
      <trkpt lat="35.5551373958587646484375" lon="134.815477430820465087890625">
        <ele>6</ele>
        <time>2026-08-01T08:55:41.000Z</time>
        <extensions>
          <ns3:TrackPointExtension>
            <ns3:atemp>34.0</ns3:atemp>
            <ns3:hr>166</ns3:hr>
            <ns3:cad>82</ns3:cad>
          </ns3:TrackPointExtension>
        </extensions>
      </trkpt>
      <trkpt lat="35.555110238492488861083984375" lon="134.81546980328857898712158203125">
        <ele>6</ele>
        <time>2026-08-01T08:55:42.000Z</time>
        <extensions>
          <ns3:TrackPointExtension>
            <ns3:atemp>34.0</ns3:atemp>
            <ns3:hr>166</ns3:hr>
            <ns3:cad>82</ns3:cad>
          </ns3:TrackPointExtension>
        </extensions>
      </trkpt>
      <trkpt lat="35.5550809018313884735107421875" lon="134.815466366708278656005859375">
        <ele>6</ele>
        <time>2026-08-01T08:55:43.000Z</time>
        <extensions>
          <ns3:TrackPointExtension>
            <ns3:atemp>34.0</ns3:atemp>
            <ns3:hr>166</ns3:hr>
            <ns3:cad>82</ns3:cad>
          </ns3:TrackPointExtension>
        </extensions>
      </trkpt>
      <trkpt lat="35.5550624616444110870361328125" lon="134.815473072230815887451171875">
        <ele>6</ele>
        <time>2026-08-01T08:55:44.000Z</time>
        <extensions>
          <ns3:TrackPointExtension>
            <ns3:atemp>34.0</ns3:atemp>
            <ns3:hr>166</ns3:hr>
            <ns3:cad>82</ns3:cad>
          </ns3:TrackPointExtension>
        </extensions>
      </trkpt>
      <trkpt lat="35.555033124983310699462890625" lon="134.8154655285179615020751953125">
        <ele>6</ele>
        <time>2026-08-01T08:55:45.000Z</time>
        <extensions>
          <ns3:TrackPointExtension>
            <ns3:atemp>34.0</ns3:atemp>
            <ns3:hr>166</ns3:hr>
            <ns3:cad>82</ns3:cad>
          </ns3:TrackPointExtension>
        </extensions>
      </trkpt>
      <trkpt lat="35.55501141585409641265869140625" lon="134.81546360068023204803466796875">
        <ele>6</ele>
        <time>2026-08-01T08:55:46.000Z</time>
        <extensions>
          <ns3:TrackPointExtension>
            <ns3:atemp>34.0</ns3:atemp>
            <ns3:hr>166</ns3:hr>
            <ns3:cad>82</ns3:cad>
          </ns3:TrackPointExtension>
        </extensions>
      </trkpt>
      <trkpt lat="35.5549897067248821258544921875" lon="134.8154641874134540557861328125">
        <ele>6</ele>
        <time>2026-08-01T08:55:47.000Z</time>
        <extensions>
          <ns3:TrackPointExtension>
            <ns3:atemp>34.0</ns3:atemp>
            <ns3:hr>166</ns3:hr>
            <ns3:cad>82</ns3:cad>
          </ns3:TrackPointExtension>
        </extensions>
      </trkpt>
      <trkpt lat="35.55496179498732089996337890625" lon="134.81546192429959774017333984375">
        <ele>6</ele>
        <time>2026-08-01T08:55:48.000Z</time>
        <extensions>
          <ns3:TrackPointExtension>
            <ns3:atemp>34.0</ns3:atemp>
            <ns3:hr>167</ns3:hr>
            <ns3:cad>82</ns3:cad>
          </ns3:TrackPointExtension>
        </extensions>
      </trkpt>
      <trkpt lat="35.554949305951595306396484375" lon="134.81545287184417247772216796875">
        <ele>6</ele>
        <time>2026-08-01T08:55:49.000Z</time>
        <extensions>
          <ns3:TrackPointExtension>
            <ns3:atemp>34.0</ns3:atemp>
            <ns3:hr>166</ns3:hr>
            <ns3:cad>82</ns3:cad>
          </ns3:TrackPointExtension>
        </extensions>
      </trkpt>
      <trkpt lat="35.55492608807981014251708984375" lon="134.81544599868357181549072265625">
        <ele>6</ele>
        <time>2026-08-01T08:55:50.000Z</time>
        <extensions>
          <ns3:TrackPointExtension>
            <ns3:atemp>34.0</ns3:atemp>
            <ns3:hr>166</ns3:hr>
            <ns3:cad>82</ns3:cad>
          </ns3:TrackPointExtension>
        </extensions>
      </trkpt>
      <trkpt lat="35.554899685084819793701171875" lon="134.81543845497071743011474609375">
        <ele>6</ele>
        <time>2026-08-01T08:55:51.000Z</time>
        <extensions>
          <ns3:TrackPointExtension>
            <ns3:atemp>34.0</ns3:atemp>
            <ns3:hr>167</ns3:hr>
            <ns3:cad>82</ns3:cad>
          </ns3:TrackPointExtension>
        </extensions>
      </trkpt>
      <trkpt lat="35.554882586002349853515625" lon="134.815439879894256591796875">
        <ele>6</ele>
        <time>2026-08-01T08:55:52.000Z</time>
        <extensions>
          <ns3:TrackPointExtension>
            <ns3:atemp>34.0</ns3:atemp>
            <ns3:hr>166</ns3:hr>
            <ns3:cad>82</ns3:cad>
          </ns3:TrackPointExtension>
        </extensions>
      </trkpt>
      <trkpt lat="35.55485869757831096649169921875" lon="134.8154356889426708221435546875">
        <ele>6</ele>
        <time>2026-08-01T08:55:53.000Z</time>
        <extensions>
          <ns3:TrackPointExtension>
            <ns3:atemp>34.0</ns3:atemp>
            <ns3:hr>166</ns3:hr>
            <ns3:cad>82</ns3:cad>
          </ns3:TrackPointExtension>
        </extensions>
      </trkpt>
      <trkpt lat="35.55483640171587467193603515625" lon="134.815432839095592498779296875">
        <ele>6</ele>
        <time>2026-08-01T08:55:54.000Z</time>
        <extensions>
          <ns3:TrackPointExtension>
            <ns3:atemp>34.0</ns3:atemp>
            <ns3:hr>165</ns3:hr>
            <ns3:cad>82</ns3:cad>
          </ns3:TrackPointExtension>
        </extensions>
      </trkpt>
      <trkpt lat="35.55481611751019954681396484375" lon="134.8154366947710514068603515625">
        <ele>6</ele>
        <time>2026-08-01T08:55:55.000Z</time>
        <extensions>
          <ns3:TrackPointExtension>
            <ns3:atemp>34.0</ns3:atemp>
            <ns3:hr>165</ns3:hr>
            <ns3:cad>82</ns3:cad>
          </ns3:TrackPointExtension>
        </extensions>
      </trkpt>
      <trkpt lat="35.554783679544925689697265625" lon="134.81543174944818019866943359375">
        <ele>6</ele>
        <time>2026-08-01T08:55:56.000Z</time>
        <extensions>
          <ns3:TrackPointExtension>
            <ns3:atemp>34.0</ns3:atemp>
            <ns3:hr>164</ns3:hr>
            <ns3:cad>82</ns3:cad>
          </ns3:TrackPointExtension>
        </extensions>
      </trkpt>
      <trkpt lat="35.55476632900536060333251953125" lon="134.815423786640167236328125">
        <ele>6</ele>
        <time>2026-08-01T08:55:57.000Z</time>
        <extensions>
          <ns3:TrackPointExtension>
            <ns3:atemp>34.0</ns3:atemp>
            <ns3:hr>164</ns3:hr>
            <ns3:cad>82</ns3:cad>
          </ns3:TrackPointExtension>
        </extensions>
      </trkpt>
      <trkpt lat="35.5547419376671314239501953125" lon="134.81542504392564296722412109375">
        <ele>6</ele>
        <time>2026-08-01T08:55:58.000Z</time>
        <extensions>
          <ns3:TrackPointExtension>
            <ns3:atemp>34.0</ns3:atemp>
            <ns3:hr>164</ns3:hr>
            <ns3:cad>82</ns3:cad>
          </ns3:TrackPointExtension>
        </extensions>
      </trkpt>
      <trkpt lat="35.55471369065344333648681640625" lon="134.81542336754500865936279296875">
        <ele>6.19999980926513671875</ele>
        <time>2026-08-01T08:55:59.000Z</time>
        <extensions>
          <ns3:TrackPointExtension>
            <ns3:atemp>34.0</ns3:atemp>
            <ns3:hr>163</ns3:hr>
            <ns3:cad>82</ns3:cad>
          </ns3:TrackPointExtension>
        </extensions>
      </trkpt>
      <trkpt lat="35.55469952523708343505859375" lon="134.81542755849659442901611328125">
        <ele>6.19999980926513671875</ele>
        <time>2026-08-01T08:56:00.000Z</time>
        <extensions>
          <ns3:TrackPointExtension>
            <ns3:atemp>34.0</ns3:atemp>
            <ns3:hr>164</ns3:hr>
            <ns3:cad>82</ns3:cad>
          </ns3:TrackPointExtension>
        </extensions>
      </trkpt>
      <trkpt lat="35.5546742118895053863525390625" lon="134.81542135588824748992919921875">
        <ele>6.19999980926513671875</ele>
        <time>2026-08-01T08:56:01.000Z</time>
        <extensions>
          <ns3:TrackPointExtension>
            <ns3:atemp>34.0</ns3:atemp>
            <ns3:hr>164</ns3:hr>
            <ns3:cad>82</ns3:cad>
          </ns3:TrackPointExtension>
        </extensions>
      </trkpt>
      <trkpt lat="35.55464948527514934539794921875" lon="134.81541783548891544342041015625">
        <ele>6.19999980926513671875</ele>
        <time>2026-08-01T08:56:02.000Z</time>
        <extensions>
          <ns3:TrackPointExtension>
            <ns3:atemp>34.0</ns3:atemp>
            <ns3:hr>164</ns3:hr>
            <ns3:cad>82</ns3:cad>
          </ns3:TrackPointExtension>
        </extensions>
      </trkpt>
      <trkpt lat="35.5546299554407596588134765625" lon="134.81542437337338924407958984375">
        <ele>6.19999980926513671875</ele>
        <time>2026-08-01T08:56:03.000Z</time>
        <extensions>
          <ns3:TrackPointExtension>
            <ns3:atemp>34.0</ns3:atemp>
            <ns3:hr>165</ns3:hr>
            <ns3:cad>82</ns3:cad>
          </ns3:TrackPointExtension>
        </extensions>
      </trkpt>
      <trkpt lat="35.55460019968450069427490234375" lon="134.8154251277446746826171875">
        <ele>6</ele>
        <time>2026-08-01T08:56:04.000Z</time>
        <extensions>
          <ns3:TrackPointExtension>
            <ns3:atemp>34.0</ns3:atemp>
            <ns3:hr>165</ns3:hr>
            <ns3:cad>82</ns3:cad>
          </ns3:TrackPointExtension>
        </extensions>
      </trkpt>
      <trkpt lat="35.55457874201238155364990234375" lon="134.81542713940143585205078125">
        <ele>6</ele>
        <time>2026-08-01T08:56:05.000Z</time>
        <extensions>
          <ns3:TrackPointExtension>
            <ns3:atemp>34.0</ns3:atemp>
            <ns3:hr>165</ns3:hr>
            <ns3:cad>82</ns3:cad>
          </ns3:TrackPointExtension>
        </extensions>
      </trkpt>
      <trkpt lat="35.55455476976931095123291015625" lon="134.81543493457138538360595703125">
        <ele>6</ele>
        <time>2026-08-01T08:56:06.000Z</time>
        <extensions>
          <ns3:TrackPointExtension>
            <ns3:atemp>34.0</ns3:atemp>
            <ns3:hr>165</ns3:hr>
            <ns3:cad>82</ns3:cad>
          </ns3:TrackPointExtension>
        </extensions>
      </trkpt>
      <trkpt lat="35.5545263551175594329833984375" lon="134.8154380358755588531494140625">
        <ele>6.19999980926513671875</ele>
        <time>2026-08-01T08:56:07.000Z</time>
        <extensions>
          <ns3:TrackPointExtension>
            <ns3:atemp>34.0</ns3:atemp>
            <ns3:hr>165</ns3:hr>
            <ns3:cad>82</ns3:cad>
          </ns3:TrackPointExtension>
        </extensions>
      </trkpt>
      <trkpt lat="35.55449827574193477630615234375" lon="134.81543862260878086090087890625">
        <ele>6.19999980926513671875</ele>
        <time>2026-08-01T08:56:08.000Z</time>
        <extensions>
          <ns3:TrackPointExtension>
            <ns3:atemp>34.0</ns3:atemp>
            <ns3:hr>165</ns3:hr>
            <ns3:cad>82</ns3:cad>
          </ns3:TrackPointExtension>
        </extensions>
      </trkpt>
      <trkpt lat="35.55447153747081756591796875" lon="134.81543652713298797607421875">
        <ele>6.19999980926513671875</ele>
        <time>2026-08-01T08:56:09.000Z</time>
        <extensions>
          <ns3:TrackPointExtension>
            <ns3:atemp>34.0</ns3:atemp>
            <ns3:hr>165</ns3:hr>
            <ns3:cad>82</ns3:cad>
          </ns3:TrackPointExtension>
        </extensions>
      </trkpt>
      <trkpt lat="35.55444027297198772430419921875" lon="134.81542806141078472137451171875">
        <ele>6.400000095367431640625</ele>
        <time>2026-08-01T08:56:10.000Z</time>
        <extensions>
          <ns3:TrackPointExtension>
            <ns3:atemp>34.0</ns3:atemp>
            <ns3:hr>165</ns3:hr>
            <ns3:cad>82</ns3:cad>
          </ns3:TrackPointExtension>
        </extensions>
      </trkpt>
      <trkpt lat="35.5544214136898517608642578125" lon="134.81542713940143585205078125">
        <ele>6.400000095367431640625</ele>
        <time>2026-08-01T08:56:11.000Z</time>
        <extensions>
          <ns3:TrackPointExtension>
            <ns3:atemp>34.0</ns3:atemp>
            <ns3:hr>166</ns3:hr>
            <ns3:cad>82</ns3:cad>
          </ns3:TrackPointExtension>
        </extensions>
      </trkpt>
      <trkpt lat="35.55439853109419345855712890625" lon="134.8154309950768947601318359375">
        <ele>6.400000095367431640625</ele>
        <time>2026-08-01T08:56:12.000Z</time>
        <extensions>
          <ns3:TrackPointExtension>
            <ns3:atemp>34.0</ns3:atemp>
            <ns3:hr>166</ns3:hr>
            <ns3:cad>82</ns3:cad>
          </ns3:TrackPointExtension>
        </extensions>
      </trkpt>
      <trkpt lat="35.55437673814594745635986328125" lon="134.81544381938874721527099609375">
        <ele>6.400000095367431640625</ele>
        <time>2026-08-01T08:56:13.000Z</time>
        <extensions>
          <ns3:TrackPointExtension>
            <ns3:atemp>34.0</ns3:atemp>
            <ns3:hr>166</ns3:hr>
            <ns3:cad>82</ns3:cad>
          </ns3:TrackPointExtension>
        </extensions>
      </trkpt>
      <trkpt lat="35.554373972117900848388671875" lon="134.8154621757566928863525390625">
        <ele>6.400000095367431640625</ele>
        <time>2026-08-01T08:56:14.000Z</time>
        <extensions>
          <ns3:TrackPointExtension>
            <ns3:atemp>34.0</ns3:atemp>
            <ns3:hr>166</ns3:hr>
            <ns3:cad>81</ns3:cad>
          </ns3:TrackPointExtension>
        </extensions>
      </trkpt>
      <trkpt lat="35.55436818860471248626708984375" lon="134.81549461372196674346923828125">
        <ele>6.400000095367431640625</ele>
        <time>2026-08-01T08:56:15.000Z</time>
        <extensions>
          <ns3:TrackPointExtension>
            <ns3:atemp>34.0</ns3:atemp>
            <ns3:hr>166</ns3:hr>
            <ns3:cad>81</ns3:cad>
          </ns3:TrackPointExtension>
        </extensions>
      </trkpt>
      <trkpt lat="35.554367266595363616943359375" lon="134.8155243694782257080078125">
        <ele>6.599999904632568359375</ele>
        <time>2026-08-01T08:56:16.000Z</time>
        <extensions>
          <ns3:TrackPointExtension>
            <ns3:atemp>34.0</ns3:atemp>
            <ns3:hr>166</ns3:hr>
            <ns3:cad>81</ns3:cad>
          </ns3:TrackPointExtension>
        </extensions>
      </trkpt>
      <trkpt lat="35.55436198599636554718017578125" lon="134.81554674915969371795654296875">
        <ele>6.599999904632568359375</ele>
        <time>2026-08-01T08:56:17.000Z</time>
        <extensions>
          <ns3:TrackPointExtension>
            <ns3:atemp>34.0</ns3:atemp>
            <ns3:hr>166</ns3:hr>
            <ns3:cad>81</ns3:cad>
          </ns3:TrackPointExtension>
        </extensions>
      </trkpt>
      <trkpt lat="35.55434606038033962249755859375" lon="134.81558136641979217529296875">
        <ele>6.599999904632568359375</ele>
        <time>2026-08-01T08:56:18.000Z</time>
        <extensions>
          <ns3:TrackPointExtension>
            <ns3:atemp>34.0</ns3:atemp>
            <ns3:hr>167</ns3:hr>
            <ns3:cad>82</ns3:cad>
          </ns3:TrackPointExtension>
        </extensions>
      </trkpt>
      <trkpt lat="35.55434170179069042205810546875" lon="134.81560282409191131591796875">
        <ele>6.599999904632568359375</ele>
        <time>2026-08-01T08:56:19.000Z</time>
        <extensions>
          <ns3:TrackPointExtension>
            <ns3:atemp>34.0</ns3:atemp>
            <ns3:hr>166</ns3:hr>
            <ns3:cad>82</ns3:cad>
          </ns3:TrackPointExtension>
        </extensions>
      </trkpt>
      <trkpt lat="35.55433013476431369781494140625" lon="134.81562587432563304901123046875">
        <ele>6.80000019073486328125</ele>
        <time>2026-08-01T08:56:20.000Z</time>
        <extensions>
          <ns3:TrackPointExtension>
            <ns3:atemp>34.0</ns3:atemp>
            <ns3:hr>166</ns3:hr>
            <ns3:cad>82</ns3:cad>
          </ns3:TrackPointExtension>
        </extensions>
      </trkpt>
      <trkpt lat="35.55431731045246124267578125" lon="134.81565336696803569793701171875">
        <ele>6.80000019073486328125</ele>
        <time>2026-08-01T08:56:21.000Z</time>
        <extensions>
          <ns3:TrackPointExtension>
            <ns3:atemp>34.0</ns3:atemp>
            <ns3:hr>166</ns3:hr>
            <ns3:cad>81</ns3:cad>
          </ns3:TrackPointExtension>
        </extensions>
      </trkpt>
      <trkpt lat="35.55431303568184375762939453125" lon="134.8156744055449962615966796875">
        <ele>6.80000019073486328125</ele>
        <time>2026-08-01T08:56:22.000Z</time>
        <extensions>
          <ns3:TrackPointExtension>
            <ns3:atemp>34.0</ns3:atemp>
            <ns3:hr>166</ns3:hr>
            <ns3:cad>81</ns3:cad>
          </ns3:TrackPointExtension>
        </extensions>
      </trkpt>
      <trkpt lat="35.5543064139783382415771484375" lon="134.81570768170058727264404296875">
        <ele>6.80000019073486328125</ele>
        <time>2026-08-01T08:56:23.000Z</time>
        <extensions>
          <ns3:TrackPointExtension>
            <ns3:atemp>34.0</ns3:atemp>
            <ns3:hr>166</ns3:hr>
            <ns3:cad>82</ns3:cad>
          </ns3:TrackPointExtension>
        </extensions>
      </trkpt>
      <trkpt lat="35.55430834181606769561767578125" lon="134.81573819182813167572021484375">
        <ele>6.80000019073486328125</ele>
        <time>2026-08-01T08:56:24.000Z</time>
        <extensions>
          <ns3:TrackPointExtension>
            <ns3:atemp>34.0</ns3:atemp>
            <ns3:hr>167</ns3:hr>
            <ns3:cad>82</ns3:cad>
          </ns3:TrackPointExtension>
        </extensions>
      </trkpt>
      <trkpt lat="35.554310940206050872802734375" lon="134.81576350517570972442626953125">
        <ele>7</ele>
        <time>2026-08-01T08:56:25.000Z</time>
        <extensions>
          <ns3:TrackPointExtension>
            <ns3:atemp>34.0</ns3:atemp>
            <ns3:hr>167</ns3:hr>
            <ns3:cad>82</ns3:cad>
          </ns3:TrackPointExtension>
        </extensions>
      </trkpt>
      <trkpt lat="35.55431018583476543426513671875" lon="134.81580625288188457489013671875">
        <ele>7</ele>
        <time>2026-08-01T08:56:26.000Z</time>
        <extensions>
          <ns3:TrackPointExtension>
            <ns3:atemp>34.0</ns3:atemp>
            <ns3:hr>167</ns3:hr>
            <ns3:cad>81</ns3:cad>
          </ns3:TrackPointExtension>
        </extensions>
      </trkpt>
      <trkpt lat="35.55430918000638484954833984375" lon="134.8158366791903972625732421875">
        <ele>7</ele>
        <time>2026-08-01T08:56:27.000Z</time>
        <extensions>
          <ns3:TrackPointExtension>
            <ns3:atemp>34.0</ns3:atemp>
            <ns3:hr>167</ns3:hr>
            <ns3:cad>81</ns3:cad>
          </ns3:TrackPointExtension>
        </extensions>
      </trkpt>
      <trkpt lat="35.554309599101543426513671875" lon="134.81586576439440250396728515625">
        <ele>7.19999980926513671875</ele>
        <time>2026-08-01T08:56:28.000Z</time>
        <extensions>
          <ns3:TrackPointExtension>
            <ns3:atemp>34.0</ns3:atemp>
            <ns3:hr>166</ns3:hr>
            <ns3:cad>81</ns3:cad>
          </ns3:TrackPointExtension>
        </extensions>
      </trkpt>
      <trkpt lat="35.55431303568184375762939453125" lon="134.8158966936171054840087890625">
        <ele>7.19999980926513671875</ele>
        <time>2026-08-01T08:56:29.000Z</time>
        <extensions>
          <ns3:TrackPointExtension>
            <ns3:atemp>34.0</ns3:atemp>
            <ns3:hr>167</ns3:hr>
            <ns3:cad>81</ns3:cad>
          </ns3:TrackPointExtension>
        </extensions>
      </trkpt>
      <trkpt lat="35.554318316280841827392578125" lon="134.81591530144214630126953125">
        <ele>7</ele>
        <time>2026-08-01T08:56:30.000Z</time>
        <extensions>
          <ns3:TrackPointExtension>
            <ns3:atemp>34.0</ns3:atemp>
            <ns3:hr>167</ns3:hr>
            <ns3:cad>81</ns3:cad>
          </ns3:TrackPointExtension>
        </extensions>
      </trkpt>
      <trkpt lat="35.55432192049920558929443359375" lon="134.81594153679907321929931640625">
        <ele>7</ele>
        <time>2026-08-01T08:56:31.000Z</time>
        <extensions>
          <ns3:TrackPointExtension>
            <ns3:atemp>34.0</ns3:atemp>
            <ns3:hr>168</ns3:hr>
            <ns3:cad>82</ns3:cad>
          </ns3:TrackPointExtension>
        </extensions>
      </trkpt>
      <trkpt lat="35.55431856773793697357177734375" lon="134.815969280898571014404296875">
        <ele>7</ele>
        <time>2026-08-01T08:56:32.000Z</time>
        <extensions>
          <ns3:TrackPointExtension>
            <ns3:atemp>34.0</ns3:atemp>
            <ns3:hr>167</ns3:hr>
            <ns3:cad>82</ns3:cad>
          </ns3:TrackPointExtension>
        </extensions>
      </trkpt>
      <trkpt lat="35.5543208308517932891845703125" lon="134.8159883916378021240234375">
        <ele>7</ele>
        <time>2026-08-01T08:56:33.000Z</time>
        <extensions>
          <ns3:TrackPointExtension>
            <ns3:atemp>34.0</ns3:atemp>
            <ns3:hr>167</ns3:hr>
            <ns3:cad>82</ns3:cad>
          </ns3:TrackPointExtension>
        </extensions>
      </trkpt>
      <trkpt lat="35.55431907065212726593017578125" lon="134.8160200752317905426025390625">
        <ele>7</ele>
        <time>2026-08-01T08:56:34.000Z</time>
        <extensions>
          <ns3:TrackPointExtension>
            <ns3:atemp>34.0</ns3:atemp>
            <ns3:hr>166</ns3:hr>
            <ns3:cad>82</ns3:cad>
          </ns3:TrackPointExtension>
        </extensions>
      </trkpt>
      <trkpt lat="35.55431823246181011199951171875" lon="134.8160495795309543609619140625">
        <ele>7</ele>
        <time>2026-08-01T08:56:35.000Z</time>
        <extensions>
          <ns3:TrackPointExtension>
            <ns3:atemp>34.0</ns3:atemp>
            <ns3:hr>165</ns3:hr>
            <ns3:cad>82</ns3:cad>
          </ns3:TrackPointExtension>
        </extensions>
      </trkpt>
      <trkpt lat="35.55431865155696868896484375" lon="134.816083610057830810546875">
        <ele>7</ele>
        <time>2026-08-01T08:56:36.000Z</time>
        <extensions>
          <ns3:TrackPointExtension>
            <ns3:atemp>34.0</ns3:atemp>
            <ns3:hr>164</ns3:hr>
            <ns3:cad>83</ns3:cad>
          </ns3:TrackPointExtension>
        </extensions>
      </trkpt>
      <trkpt lat="35.55431856773793697357177734375" lon="134.81611655093729496002197265625">
        <ele>6.80000019073486328125</ele>
        <time>2026-08-01T08:56:37.000Z</time>
        <extensions>
          <ns3:TrackPointExtension>
            <ns3:atemp>34.0</ns3:atemp>
            <ns3:hr>164</ns3:hr>
            <ns3:cad>83</ns3:cad>
          </ns3:TrackPointExtension>
        </extensions>
      </trkpt>
      <trkpt lat="35.55432158522307872772216796875" lon="134.816140271723270416259765625">
        <ele>6.599999904632568359375</ele>
        <time>2026-08-01T08:56:38.000Z</time>
        <extensions>
          <ns3:TrackPointExtension>
            <ns3:atemp>34.0</ns3:atemp>
            <ns3:hr>164</ns3:hr>
            <ns3:cad>83</ns3:cad>
          </ns3:TrackPointExtension>
        </extensions>
      </trkpt>
      <trkpt lat="35.55432108230888843536376953125" lon="134.8161783255636692047119140625">
        <ele>6.599999904632568359375</ele>
        <time>2026-08-01T08:56:39.000Z</time>
        <extensions>
          <ns3:TrackPointExtension>
            <ns3:atemp>34.0</ns3:atemp>
            <ns3:hr>164</ns3:hr>
            <ns3:cad>82</ns3:cad>
          </ns3:TrackPointExtension>
        </extensions>
      </trkpt>
      <trkpt lat="35.5543194897472858428955078125" lon="134.8162108473479747772216796875">
        <ele>6.599999904632568359375</ele>
        <time>2026-08-01T08:56:40.000Z</time>
        <extensions>
          <ns3:TrackPointExtension>
            <ns3:atemp>34.0</ns3:atemp>
            <ns3:hr>164</ns3:hr>
            <ns3:cad>82</ns3:cad>
          </ns3:TrackPointExtension>
        </extensions>
      </trkpt>
      <trkpt lat="35.5543235130608081817626953125" lon="134.81623171828687191009521484375">
        <ele>6.599999904632568359375</ele>
        <time>2026-08-01T08:56:41.000Z</time>
        <extensions>
          <ns3:TrackPointExtension>
            <ns3:atemp>34.0</ns3:atemp>
            <ns3:hr>164</ns3:hr>
            <ns3:cad>82</ns3:cad>
          </ns3:TrackPointExtension>
        </extensions>
      </trkpt>
      <trkpt lat="35.55431999266147613525390625" lon="134.816265664994716644287109375">
        <ele>6.80000019073486328125</ele>
        <time>2026-08-01T08:56:42.000Z</time>
        <extensions>
          <ns3:TrackPointExtension>
            <ns3:atemp>34.0</ns3:atemp>
            <ns3:hr>164</ns3:hr>
            <ns3:cad>82</ns3:cad>
          </ns3:TrackPointExtension>
        </extensions>
      </trkpt>
      <trkpt lat="35.55431957356631755828857421875" lon="134.81629307381808757781982421875">
        <ele>6.80000019073486328125</ele>
        <time>2026-08-01T08:56:43.000Z</time>
        <extensions>
          <ns3:TrackPointExtension>
            <ns3:atemp>34.0</ns3:atemp>
            <ns3:hr>163</ns3:hr>
            <ns3:cad>82</ns3:cad>
          </ns3:TrackPointExtension>
        </extensions>
      </trkpt>
      <trkpt lat="35.55432175286114215850830078125" lon="134.8163211531937122344970703125">
        <ele>6.80000019073486328125</ele>
        <time>2026-08-01T08:56:44.000Z</time>
        <extensions>
          <ns3:TrackPointExtension>
            <ns3:atemp>34.0</ns3:atemp>
            <ns3:hr>163</ns3:hr>
            <ns3:cad>82</ns3:cad>
          </ns3:TrackPointExtension>
        </extensions>
      </trkpt>
      <trkpt lat="35.55432041175663471221923828125" lon="134.81635577045381069183349609375">
        <ele>6.80000019073486328125</ele>
        <time>2026-08-01T08:56:45.000Z</time>
        <extensions>
          <ns3:TrackPointExtension>
            <ns3:atemp>34.0</ns3:atemp>
            <ns3:hr>163</ns3:hr>
            <ns3:cad>82</ns3:cad>
          </ns3:TrackPointExtension>
        </extensions>
      </trkpt>
      <trkpt lat="35.5543255247175693511962890625" lon="134.8163788206875324249267578125">
        <ele>6.80000019073486328125</ele>
        <time>2026-08-01T08:56:46.000Z</time>
        <extensions>
          <ns3:TrackPointExtension>
            <ns3:atemp>34.0</ns3:atemp>
            <ns3:hr>163</ns3:hr>
            <ns3:cad>81</ns3:cad>
          </ns3:TrackPointExtension>
        </extensions>
      </trkpt>
      <trkpt lat="35.554323680698871612548828125" lon="134.81641410849988460540771484375">
        <ele>6.80000019073486328125</ele>
        <time>2026-08-01T08:56:47.000Z</time>
        <extensions>
          <ns3:TrackPointExtension>
            <ns3:atemp>34.0</ns3:atemp>
            <ns3:hr>163</ns3:hr>
            <ns3:cad>81</ns3:cad>
          </ns3:TrackPointExtension>
        </extensions>
      </trkpt>
      <trkpt lat="35.554325021803379058837890625" lon="134.81644428335130214691162109375">
        <ele>6.80000019073486328125</ele>
        <time>2026-08-01T08:56:48.000Z</time>
        <extensions>
          <ns3:TrackPointExtension>
            <ns3:atemp>34.0</ns3:atemp>
            <ns3:hr>163</ns3:hr>
            <ns3:cad>81</ns3:cad>
          </ns3:TrackPointExtension>
        </extensions>
      </trkpt>
      <trkpt lat="35.5543318949639797210693359375" lon="134.81646716594696044921875">
        <ele>6.80000019073486328125</ele>
        <time>2026-08-01T08:56:49.000Z</time>
        <extensions>
          <ns3:TrackPointExtension>
            <ns3:atemp>34.0</ns3:atemp>
            <ns3:hr>163</ns3:hr>
            <ns3:cad>82</ns3:cad>
          </ns3:TrackPointExtension>
        </extensions>
      </trkpt>
      <trkpt lat="35.5543352477252483367919921875" lon="134.81650178320705890655517578125">
        <ele>6.599999904632568359375</ele>
        <time>2026-08-01T08:56:50.000Z</time>
        <extensions>
          <ns3:TrackPointExtension>
            <ns3:atemp>34.0</ns3:atemp>
            <ns3:hr>163</ns3:hr>
            <ns3:cad>82</ns3:cad>
          </ns3:TrackPointExtension>
        </extensions>
      </trkpt>
      <trkpt lat="35.55433684028685092926025390625" lon="134.8165256716310977935791015625">
        <ele>6.599999904632568359375</ele>
        <time>2026-08-01T08:56:51.000Z</time>
        <extensions>
          <ns3:TrackPointExtension>
            <ns3:atemp>34.0</ns3:atemp>
            <ns3:hr>163</ns3:hr>
            <ns3:cad>82</ns3:cad>
          </ns3:TrackPointExtension>
        </extensions>
      </trkpt>
      <trkpt lat="35.554337762296199798583984375" lon="134.8165595345199108123779296875">
        <ele>6.599999904632568359375</ele>
        <time>2026-08-01T08:56:52.000Z</time>
        <extensions>
          <ns3:TrackPointExtension>
            <ns3:atemp>34.0</ns3:atemp>
            <ns3:hr>163</ns3:hr>
            <ns3:cad>82</ns3:cad>
          </ns3:TrackPointExtension>
        </extensions>
      </trkpt>
      <trkpt lat="35.55433684028685092926025390625" lon="134.81659750454127788543701171875">
        <ele>6.599999904632568359375</ele>
        <time>2026-08-01T08:56:53.000Z</time>
        <extensions>
          <ns3:TrackPointExtension>
            <ns3:atemp>34.0</ns3:atemp>
            <ns3:hr>163</ns3:hr>
            <ns3:cad>82</ns3:cad>
          </ns3:TrackPointExtension>
        </extensions>
      </trkpt>
      <trkpt lat="35.55434639565646648406982421875" lon="134.81661678291857242584228515625">
        <ele>6.599999904632568359375</ele>
        <time>2026-08-01T08:56:54.000Z</time>
        <extensions>
          <ns3:TrackPointExtension>
            <ns3:atemp>34.0</ns3:atemp>
            <ns3:hr>163</ns3:hr>
            <ns3:cad>82</ns3:cad>
          </ns3:TrackPointExtension>
        </extensions>
      </trkpt>
      <trkpt lat="35.55434941314160823822021484375" lon="134.8166436888277530670166015625">
        <ele>6.599999904632568359375</ele>
        <time>2026-08-01T08:56:55.000Z</time>
        <extensions>
          <ns3:TrackPointExtension>
            <ns3:atemp>34.0</ns3:atemp>
            <ns3:hr>164</ns3:hr>
            <ns3:cad>82</ns3:cad>
          </ns3:TrackPointExtension>
        </extensions>
      </trkpt>
      <trkpt lat="35.554353184998035430908203125" lon="134.81666992418467998504638671875">
        <ele>6.599999904632568359375</ele>
        <time>2026-08-01T08:56:56.000Z</time>
        <extensions>
          <ns3:TrackPointExtension>
            <ns3:atemp>34.0</ns3:atemp>
            <ns3:hr>164</ns3:hr>
            <ns3:cad>82</ns3:cad>
          </ns3:TrackPointExtension>
        </extensions>
      </trkpt>
      <trkpt lat="35.55435511283576488494873046875" lon="134.8166909627616405487060546875">
        <ele>6.400000095367431640625</ele>
        <time>2026-08-01T08:56:57.000Z</time>
        <extensions>
          <ns3:TrackPointExtension>
            <ns3:atemp>34.0</ns3:atemp>
            <ns3:hr>164</ns3:hr>
            <ns3:cad>82</ns3:cad>
          </ns3:TrackPointExtension>
        </extensions>
      </trkpt>
      <trkpt lat="35.55435477755963802337646484375" lon="134.816730022430419921875">
        <ele>6.400000095367431640625</ele>
        <time>2026-08-01T08:56:58.000Z</time>
        <extensions>
          <ns3:TrackPointExtension>
            <ns3:atemp>34.0</ns3:atemp>
            <ns3:hr>165</ns3:hr>
            <ns3:cad>82</ns3:cad>
          </ns3:TrackPointExtension>
        </extensions>
      </trkpt>
      <trkpt lat="35.55435896851122379302978515625" lon="134.816751144826412200927734375">
        <ele>6.400000095367431640625</ele>
        <time>2026-08-01T08:56:59.000Z</time>
        <extensions>
          <ns3:TrackPointExtension>
            <ns3:atemp>34.0</ns3:atemp>
            <ns3:hr>165</ns3:hr>
            <ns3:cad>83</ns3:cad>
          </ns3:TrackPointExtension>
        </extensions>
      </trkpt>
      <trkpt lat="35.55436651222407817840576171875" lon="134.8167801462113857269287109375">
        <ele>6.400000095367431640625</ele>
        <time>2026-08-01T08:57:00.000Z</time>
        <extensions>
          <ns3:TrackPointExtension>
            <ns3:atemp>34.0</ns3:atemp>
            <ns3:hr>165</ns3:hr>
            <ns3:cad>82</ns3:cad>
          </ns3:TrackPointExtension>
        </extensions>
      </trkpt>
      <trkpt lat="35.55437690578401088714599609375" lon="134.8168118298053741455078125">
        <ele>6.400000095367431640625</ele>
        <time>2026-08-01T08:57:01.000Z</time>
        <extensions>
          <ns3:TrackPointExtension>
            <ns3:atemp>34.0</ns3:atemp>
            <ns3:hr>165</ns3:hr>
            <ns3:cad>82</ns3:cad>
          </ns3:TrackPointExtension>
        </extensions>
      </trkpt>
      <trkpt lat="35.55438444949686527252197265625" lon="134.81683454476296901702880859375">
        <ele>6.400000095367431640625</ele>
        <time>2026-08-01T08:57:02.000Z</time>
        <extensions>
          <ns3:TrackPointExtension>
            <ns3:atemp>34.0</ns3:atemp>
            <ns3:hr>165</ns3:hr>
            <ns3:cad>82</ns3:cad>
          </ns3:TrackPointExtension>
        </extensions>
      </trkpt>
      <trkpt lat="35.554387383162975311279296875" lon="134.81687142513692378997802734375">
        <ele>6.19999980926513671875</ele>
        <time>2026-08-01T08:57:03.000Z</time>
        <extensions>
          <ns3:TrackPointExtension>
            <ns3:atemp>34.0</ns3:atemp>
            <ns3:hr>165</ns3:hr>
            <ns3:cad>82</ns3:cad>
          </ns3:TrackPointExtension>
        </extensions>
      </trkpt>
      <trkpt lat="35.5543922446668148040771484375" lon="134.8168991692364215850830078125">
        <ele>6.19999980926513671875</ele>
        <time>2026-08-01T08:57:04.000Z</time>
        <extensions>
          <ns3:TrackPointExtension>
            <ns3:atemp>34.0</ns3:atemp>
            <ns3:hr>165</ns3:hr>
            <ns3:cad>82</ns3:cad>
          </ns3:TrackPointExtension>
        </extensions>
      </trkpt>
      <trkpt lat="35.554398111999034881591796875" lon="134.81692875735461711883544921875">
        <ele>6.19999980926513671875</ele>
        <time>2026-08-01T08:57:05.000Z</time>
        <extensions>
          <ns3:TrackPointExtension>
            <ns3:atemp>34.0</ns3:atemp>
            <ns3:hr>165</ns3:hr>
            <ns3:cad>83</ns3:cad>
          </ns3:TrackPointExtension>
        </extensions>
      </trkpt>
      <trkpt lat="35.55440372787415981292724609375" lon="134.81696077622473239898681640625">
        <ele>6.19999980926513671875</ele>
        <time>2026-08-01T08:57:06.000Z</time>
        <extensions>
          <ns3:TrackPointExtension>
            <ns3:atemp>34.0</ns3:atemp>
            <ns3:hr>166</ns3:hr>
            <ns3:cad>83</ns3:cad>
          </ns3:TrackPointExtension>
        </extensions>
      </trkpt>
      <trkpt lat="35.5544116906821727752685546875" lon="134.81698173098266124725341796875">
        <ele>6.19999980926513671875</ele>
        <time>2026-08-01T08:57:07.000Z</time>
        <extensions>
          <ns3:TrackPointExtension>
            <ns3:atemp>34.0</ns3:atemp>
            <ns3:hr>165</ns3:hr>
            <ns3:cad>83</ns3:cad>
          </ns3:TrackPointExtension>
        </extensions>
      </trkpt>
      <trkpt lat="35.5544204078614711761474609375" lon="134.8170103132724761962890625">
        <ele>6.19999980926513671875</ele>
        <time>2026-08-01T08:57:08.000Z</time>
        <extensions>
          <ns3:TrackPointExtension>
            <ns3:atemp>34.0</ns3:atemp>
            <ns3:hr>165</ns3:hr>
            <ns3:cad>83</ns3:cad>
          </ns3:TrackPointExtension>
        </extensions>
      </trkpt>
      <trkpt lat="35.55442585609853267669677734375" lon="134.81704157777130603790283203125">
        <ele>6.19999980926513671875</ele>
        <time>2026-08-01T08:57:09.000Z</time>
        <extensions>
          <ns3:TrackPointExtension>
            <ns3:atemp>34.0</ns3:atemp>
            <ns3:hr>166</ns3:hr>
            <ns3:cad>82</ns3:cad>
          </ns3:TrackPointExtension>
        </extensions>
      </trkpt>
      <trkpt lat="35.554434321820735931396484375" lon="134.817064963281154632568359375">
        <ele>6</ele>
        <time>2026-08-01T08:57:10.000Z</time>
        <extensions>
          <ns3:TrackPointExtension>
            <ns3:atemp>34.0</ns3:atemp>
            <ns3:hr>165</ns3:hr>
            <ns3:cad>81</ns3:cad>
          </ns3:TrackPointExtension>
        </extensions>
      </trkpt>
      <trkpt lat="35.55443507619202136993408203125" lon="134.8170942999422550201416015625">
        <ele>6</ele>
        <time>2026-08-01T08:57:11.000Z</time>
        <extensions>
          <ns3:TrackPointExtension>
            <ns3:atemp>34.0</ns3:atemp>
            <ns3:hr>165</ns3:hr>
            <ns3:cad>81</ns3:cad>
          </ns3:TrackPointExtension>
        </extensions>
      </trkpt>
      <trkpt lat="35.55443725548684597015380859375" lon="134.81712103821337223052978515625">
        <ele>6.400000095367431640625</ele>
        <time>2026-08-01T08:57:12.000Z</time>
        <extensions>
          <ns3:TrackPointExtension>
            <ns3:atemp>34.0</ns3:atemp>
            <ns3:hr>165</ns3:hr>
            <ns3:cad>82</ns3:cad>
          </ns3:TrackPointExtension>
        </extensions>
      </trkpt>
      <trkpt lat="35.55444446392357349395751953125" lon="134.81714568100869655609130859375">
        <ele>6.599999904632568359375</ele>
        <time>2026-08-01T08:57:13.000Z</time>
        <extensions>
          <ns3:TrackPointExtension>
            <ns3:atemp>34.0</ns3:atemp>
            <ns3:hr>165</ns3:hr>
            <ns3:cad>82</ns3:cad>
          </ns3:TrackPointExtension>
        </extensions>
      </trkpt>
      <trkpt lat="35.55445251055061817169189453125" lon="134.8171865008771419525146484375">
        <ele>6.599999904632568359375</ele>
        <time>2026-08-01T08:57:14.000Z</time>
        <extensions>
          <ns3:TrackPointExtension>
            <ns3:atemp>34.0</ns3:atemp>
            <ns3:hr>165</ns3:hr>
            <ns3:cad>82</ns3:cad>
          </ns3:TrackPointExtension>
        </extensions>
      </trkpt>
      <trkpt lat="35.55445686914026737213134765625" lon="134.81721525080502033233642578125">
        <ele>6.599999904632568359375</ele>
        <time>2026-08-01T08:57:15.000Z</time>
        <extensions>
          <ns3:TrackPointExtension>
            <ns3:atemp>34.0</ns3:atemp>
            <ns3:hr>165</ns3:hr>
            <ns3:cad>82</ns3:cad>
          </ns3:TrackPointExtension>
        </extensions>
      </trkpt>
      <trkpt lat="35.5544656701385974884033203125" lon="134.81724441982805728912353515625">
        <ele>6.400000095367431640625</ele>
        <time>2026-08-01T08:57:16.000Z</time>
        <extensions>
          <ns3:TrackPointExtension>
            <ns3:atemp>34.0</ns3:atemp>
            <ns3:hr>164</ns3:hr>
            <ns3:cad>82</ns3:cad>
          </ns3:TrackPointExtension>
        </extensions>
      </trkpt>
      <trkpt lat="35.554469861090183258056640625" lon="134.81727476231753826141357421875">
        <ele>6.400000095367431640625</ele>
        <time>2026-08-01T08:57:17.000Z</time>
        <extensions>
          <ns3:TrackPointExtension>
            <ns3:atemp>34.0</ns3:atemp>
            <ns3:hr>164</ns3:hr>
            <ns3:cad>82</ns3:cad>
          </ns3:TrackPointExtension>
        </extensions>
      </trkpt>
      <trkpt lat="35.55448151193559169769287109375" lon="134.81729940511286258697509765625">
        <ele>6.400000095367431640625</ele>
        <time>2026-08-01T08:57:18.000Z</time>
        <extensions>
          <ns3:TrackPointExtension>
            <ns3:atemp>34.0</ns3:atemp>
            <ns3:hr>163</ns3:hr>
            <ns3:cad>81</ns3:cad>
          </ns3:TrackPointExtension>
        </extensions>
      </trkpt>
      <trkpt lat="35.55448872037231922149658203125" lon="134.817331172525882720947265625">
        <ele>6.400000095367431640625</ele>
        <time>2026-08-01T08:57:19.000Z</time>
        <extensions>
          <ns3:TrackPointExtension>
            <ns3:atemp>34.0</ns3:atemp>
            <ns3:hr>163</ns3:hr>
            <ns3:cad>81</ns3:cad>
          </ns3:TrackPointExtension>
        </extensions>
      </trkpt>
      <trkpt lat="35.55450112558901309967041015625" lon="134.81736025772988796234130859375">
        <ele>6.599999904632568359375</ele>
        <time>2026-08-01T08:57:20.000Z</time>
        <extensions>
          <ns3:TrackPointExtension>
            <ns3:atemp>34.0</ns3:atemp>
            <ns3:hr>164</ns3:hr>
            <ns3:cad>81</ns3:cad>
          </ns3:TrackPointExtension>
        </extensions>
      </trkpt>
      <trkpt lat="35.55451353080570697784423828125" lon="134.8173799552023410797119140625">
        <ele>6.599999904632568359375</ele>
        <time>2026-08-01T08:57:21.000Z</time>
        <extensions>
          <ns3:TrackPointExtension>
            <ns3:atemp>34.0</ns3:atemp>
            <ns3:hr>164</ns3:hr>
            <ns3:cad>81</ns3:cad>
          </ns3:TrackPointExtension>
        </extensions>
      </trkpt>
      <trkpt lat="35.554523169994354248046875" lon="134.8174141533672809600830078125">
        <ele>6.80000019073486328125</ele>
        <time>2026-08-01T08:57:22.000Z</time>
        <extensions>
          <ns3:TrackPointExtension>
            <ns3:atemp>34.0</ns3:atemp>
            <ns3:hr>164</ns3:hr>
            <ns3:cad>81</ns3:cad>
          </ns3:TrackPointExtension>
        </extensions>
      </trkpt>
      <trkpt lat="35.55452392436563968658447265625" lon="134.817441143095493316650390625">
        <ele>6.80000019073486328125</ele>
        <time>2026-08-01T08:57:23.000Z</time>
        <extensions>
          <ns3:TrackPointExtension>
            <ns3:atemp>34.0</ns3:atemp>
            <ns3:hr>164</ns3:hr>
            <ns3:cad>81</ns3:cad>
          </ns3:TrackPointExtension>
        </extensions>
      </trkpt>
      <trkpt lat="35.55451068095862865447998046875" lon="134.81745581142604351043701171875">
        <ele>7</ele>
        <time>2026-08-01T08:57:24.000Z</time>
        <extensions>
          <ns3:TrackPointExtension>
            <ns3:atemp>34.0</ns3:atemp>
            <ns3:hr>164</ns3:hr>
            <ns3:cad>81</ns3:cad>
          </ns3:TrackPointExtension>
        </extensions>
      </trkpt>
      <trkpt lat="35.55449995212256908416748046875" lon="134.817433096468448638916015625">
        <ele>7</ele>
        <time>2026-08-01T08:57:25.000Z</time>
        <extensions>
          <ns3:TrackPointExtension>
            <ns3:atemp>34.0</ns3:atemp>
            <ns3:hr>164</ns3:hr>
            <ns3:cad>82</ns3:cad>
          </ns3:TrackPointExtension>
        </extensions>
      </trkpt>
      <trkpt lat="35.5544901452958583831787109375" lon="134.8174141533672809600830078125">
        <ele>7</ele>
        <time>2026-08-01T08:57:26.000Z</time>
        <extensions>
          <ns3:TrackPointExtension>
            <ns3:atemp>34.0</ns3:atemp>
            <ns3:hr>163</ns3:hr>
            <ns3:cad>82</ns3:cad>
          </ns3:TrackPointExtension>
        </extensions>
      </trkpt>
      <trkpt lat="35.55447497405111789703369140625" lon="134.81738858856260776519775390625">
        <ele>6.80000019073486328125</ele>
        <time>2026-08-01T08:57:27.000Z</time>
        <extensions>
          <ns3:TrackPointExtension>
            <ns3:atemp>34.0</ns3:atemp>
            <ns3:hr>163</ns3:hr>
            <ns3:cad>82</ns3:cad>
          </ns3:TrackPointExtension>
        </extensions>
      </trkpt>
      <trkpt lat="35.55446407757699489593505859375" lon="134.81735765933990478515625">
        <ele>6.80000019073486328125</ele>
        <time>2026-08-01T08:57:28.000Z</time>
        <extensions>
          <ns3:TrackPointExtension>
            <ns3:atemp>34.0</ns3:atemp>
            <ns3:hr>163</ns3:hr>
            <ns3:cad>81</ns3:cad>
          </ns3:TrackPointExtension>
        </extensions>
      </trkpt>
      <trkpt lat="35.55444714613258838653564453125" lon="134.81733980588614940643310546875">
        <ele>6.80000019073486328125</ele>
        <time>2026-08-01T08:57:29.000Z</time>
        <extensions>
          <ns3:TrackPointExtension>
            <ns3:atemp>34.0</ns3:atemp>
            <ns3:hr>163</ns3:hr>
            <ns3:cad>81</ns3:cad>
          </ns3:TrackPointExtension>
        </extensions>
      </trkpt>
      <trkpt lat="35.5544365011155605316162109375" lon="134.81731005012989044189453125">
        <ele>6.80000019073486328125</ele>
        <time>2026-08-01T08:57:30.000Z</time>
        <extensions>
          <ns3:TrackPointExtension>
            <ns3:atemp>34.0</ns3:atemp>
            <ns3:hr>163</ns3:hr>
            <ns3:cad>81</ns3:cad>
          </ns3:TrackPointExtension>
        </extensions>
      </trkpt>
      <trkpt lat="35.55442820303142070770263671875" lon="134.81728029437363147735595703125">
        <ele>7</ele>
        <time>2026-08-01T08:57:31.000Z</time>
        <extensions>
          <ns3:TrackPointExtension>
            <ns3:atemp>34.0</ns3:atemp>
            <ns3:hr>164</ns3:hr>
            <ns3:cad>82</ns3:cad>
          </ns3:TrackPointExtension>
        </extensions>
      </trkpt>
      <trkpt lat="35.55443172343075275421142578125" lon="134.817251376807689666748046875">
        <ele>7</ele>
        <time>2026-08-01T08:57:32.000Z</time>
        <extensions>
          <ns3:TrackPointExtension>
            <ns3:atemp>34.0</ns3:atemp>
            <ns3:hr>163</ns3:hr>
            <ns3:cad>82</ns3:cad>
          </ns3:TrackPointExtension>
        </extensions>
      </trkpt>
      <trkpt lat="35.55444546975195407867431640625" lon="134.81722690165042877197265625">
        <ele>7</ele>
        <time>2026-08-01T08:57:33.000Z</time>
        <extensions>
          <ns3:TrackPointExtension>
            <ns3:atemp>34.0</ns3:atemp>
            <ns3:hr>164</ns3:hr>
            <ns3:cad>82</ns3:cad>
          </ns3:TrackPointExtension>
        </extensions>
      </trkpt>
      <trkpt lat="35.55446826852858066558837890625" lon="134.81722346507012844085693359375">
        <ele>7</ele>
        <time>2026-08-01T08:57:34.000Z</time>
        <extensions>
          <ns3:TrackPointExtension>
            <ns3:atemp>34.0</ns3:atemp>
            <ns3:hr>164</ns3:hr>
            <ns3:cad>82</ns3:cad>
          </ns3:TrackPointExtension>
        </extensions>
      </trkpt>
      <trkpt lat="35.55449324660003185272216796875" lon="134.81721751391887664794921875">
        <ele>6.80000019073486328125</ele>
        <time>2026-08-01T08:57:35.000Z</time>
        <extensions>
          <ns3:TrackPointExtension>
            <ns3:atemp>34.0</ns3:atemp>
            <ns3:hr>164</ns3:hr>
            <ns3:cad>82</ns3:cad>
          </ns3:TrackPointExtension>
        </extensions>
      </trkpt>
      <trkpt lat="35.55452090688049793243408203125" lon="134.8172119818627834320068359375">
        <ele>6.599999904632568359375</ele>
        <time>2026-08-01T08:57:36.000Z</time>
        <extensions>
          <ns3:TrackPointExtension>
            <ns3:atemp>34.0</ns3:atemp>
            <ns3:hr>165</ns3:hr>
            <ns3:cad>82</ns3:cad>
          </ns3:TrackPointExtension>
        </extensions>
      </trkpt>
      <trkpt lat="35.5545406043529510498046875" lon="134.81721374206244945526123046875">
        <ele>6.400000095367431640625</ele>
        <time>2026-08-01T08:57:37.000Z</time>
        <extensions>
          <ns3:TrackPointExtension>
            <ns3:atemp>34.0</ns3:atemp>
            <ns3:hr>165</ns3:hr>
            <ns3:cad>81</ns3:cad>
          </ns3:TrackPointExtension>
        </extensions>
      </trkpt>
      <trkpt lat="35.55456717498600482940673828125" lon="134.817213825881481170654296875">
        <ele>6.400000095367431640625</ele>
        <time>2026-08-01T08:57:38.000Z</time>
        <extensions>
          <ns3:TrackPointExtension>
            <ns3:atemp>34.0</ns3:atemp>
            <ns3:hr>164</ns3:hr>
            <ns3:cad>81</ns3:cad>
          </ns3:TrackPointExtension>
        </extensions>
      </trkpt>
      <trkpt lat="35.554592907428741455078125" lon="134.8172126524150371551513671875">
        <ele>6.400000095367431640625</ele>
        <time>2026-08-01T08:57:39.000Z</time>
        <extensions>
          <ns3:TrackPointExtension>
            <ns3:atemp>34.0</ns3:atemp>
            <ns3:hr>164</ns3:hr>
            <ns3:cad>81</ns3:cad>
          </ns3:TrackPointExtension>
        </extensions>
      </trkpt>
      <trkpt lat="35.55461528711020946502685546875" lon="134.81720502488315105438232421875">
        <ele>6.400000095367431640625</ele>
        <time>2026-08-01T08:57:40.000Z</time>
        <extensions>
          <ns3:TrackPointExtension>
            <ns3:atemp>34.0</ns3:atemp>
            <ns3:hr>162</ns3:hr>
            <ns3:cad>81</ns3:cad>
          </ns3:TrackPointExtension>
        </extensions>
      </trkpt>
      <trkpt lat="35.5546460486948490142822265625" lon="134.817202426493167877197265625">
        <ele>6.400000095367431640625</ele>
        <time>2026-08-01T08:57:41.000Z</time>
        <extensions>
          <ns3:TrackPointExtension>
            <ns3:atemp>34.0</ns3:atemp>
            <ns3:hr>162</ns3:hr>
            <ns3:cad>83</ns3:cad>
          </ns3:TrackPointExtension>
        </extensions>
      </trkpt>
      <trkpt lat="35.55466976948082447052001953125" lon="134.81720418669283390045166015625">
        <ele>6.19999980926513671875</ele>
        <time>2026-08-01T08:57:42.000Z</time>
        <extensions>
          <ns3:TrackPointExtension>
            <ns3:atemp>34.0</ns3:atemp>
            <ns3:hr>162</ns3:hr>
            <ns3:cad>83</ns3:cad>
          </ns3:TrackPointExtension>
        </extensions>
      </trkpt>
      <trkpt lat="35.55469474755227565765380859375" lon="134.817203767597675323486328125">
        <ele>6</ele>
        <time>2026-08-01T08:57:43.000Z</time>
        <extensions>
          <ns3:TrackPointExtension>
            <ns3:atemp>34.0</ns3:atemp>
            <ns3:hr>162</ns3:hr>
            <ns3:cad>83</ns3:cad>
          </ns3:TrackPointExtension>
        </extensions>
      </trkpt>
      <trkpt lat="35.5547067336738109588623046875" lon="134.81722849421203136444091796875">
        <ele>6</ele>
        <time>2026-08-01T08:57:44.000Z</time>
        <extensions>
          <ns3:TrackPointExtension>
            <ns3:atemp>34.0</ns3:atemp>
            <ns3:hr>162</ns3:hr>
            <ns3:cad>82</ns3:cad>
          </ns3:TrackPointExtension>
        </extensions>
      </trkpt>
      <trkpt lat="35.5547027103602886199951171875" lon="134.81724006123840808868408203125">
        <ele>6</ele>
        <time>2026-08-01T08:57:45.000Z</time>
        <extensions>
          <ns3:TrackPointExtension>
            <ns3:atemp>34.0</ns3:atemp>
            <ns3:hr>162</ns3:hr>
            <ns3:cad>82</ns3:cad>
          </ns3:TrackPointExtension>
        </extensions>
      </trkpt>
      <trkpt lat="35.55468452163040637969970703125" lon="134.8172381334006786346435546875">
        <ele>6</ele>
        <time>2026-08-01T08:57:46.000Z</time>
        <extensions>
          <ns3:TrackPointExtension>
            <ns3:atemp>34.0</ns3:atemp>
            <ns3:hr>162</ns3:hr>
            <ns3:cad>82</ns3:cad>
          </ns3:TrackPointExtension>
        </extensions>
      </trkpt>
      <trkpt lat="35.554658286273479461669921875" lon="134.81723939068615436553955078125">
        <ele>6</ele>
        <time>2026-08-01T08:57:47.000Z</time>
        <extensions>
          <ns3:TrackPointExtension>
            <ns3:atemp>34.0</ns3:atemp>
            <ns3:hr>163</ns3:hr>
            <ns3:cad>82</ns3:cad>
          </ns3:TrackPointExtension>
        </extensions>
      </trkpt>
      <trkpt lat="35.55463875643908977508544921875" lon="134.8172455094754695892333984375">
        <ele>5.80000019073486328125</ele>
        <time>2026-08-01T08:57:48.000Z</time>
        <extensions>
          <ns3:TrackPointExtension>
            <ns3:atemp>34.0</ns3:atemp>
            <ns3:hr>163</ns3:hr>
            <ns3:cad>82</ns3:cad>
          </ns3:TrackPointExtension>
        </extensions>
      </trkpt>
      <trkpt lat="35.55460170842707157135009765625" lon="134.81723704375326633453369140625">
        <ele>5.80000019073486328125</ele>
        <time>2026-08-01T08:57:49.000Z</time>
        <extensions>
          <ns3:TrackPointExtension>
            <ns3:atemp>34.0</ns3:atemp>
            <ns3:hr>163</ns3:hr>
            <ns3:cad>82</ns3:cad>
          </ns3:TrackPointExtension>
        </extensions>
      </trkpt>
      <trkpt lat="35.55457488633692264556884765625" lon="134.81721340678632259368896484375">
        <ele>5.400000095367431640625</ele>
        <time>2026-08-01T08:57:50.000Z</time>
        <extensions>
          <ns3:TrackPointExtension>
            <ns3:atemp>34.0</ns3:atemp>
            <ns3:hr>163</ns3:hr>
            <ns3:cad>82</ns3:cad>
          </ns3:TrackPointExtension>
        </extensions>
      </trkpt>
      <trkpt lat="35.55454672314226627349853515625" lon="134.81721743009984493255615234375">
        <ele>5</ele>
        <time>2026-08-01T08:57:51.000Z</time>
        <extensions>
          <ns3:TrackPointExtension>
            <ns3:atemp>34.0</ns3:atemp>
            <ns3:hr>163</ns3:hr>
            <ns3:cad>83</ns3:cad>
          </ns3:TrackPointExtension>
        </extensions>
      </trkpt>
      <trkpt lat="35.55451470427215099334716796875" lon="134.81721206568181514739990234375">
        <ele>4.599999904632568359375</ele>
        <time>2026-08-01T08:57:52.000Z</time>
        <extensions>
          <ns3:TrackPointExtension>
            <ns3:atemp>34.0</ns3:atemp>
            <ns3:hr>163</ns3:hr>
            <ns3:cad>83</ns3:cad>
          </ns3:TrackPointExtension>
        </extensions>
      </trkpt>
      <trkpt lat="35.55449039675295352935791015625" lon="134.8172149993479251861572265625">
        <ele>4.400000095367431640625</ele>
        <time>2026-08-01T08:57:53.000Z</time>
        <extensions>
          <ns3:TrackPointExtension>
            <ns3:atemp>34.0</ns3:atemp>
            <ns3:hr>164</ns3:hr>
            <ns3:cad>83</ns3:cad>
          </ns3:TrackPointExtension>
        </extensions>
      </trkpt>
      <trkpt lat="35.55446474812924861907958984375" lon="134.81721860356628894805908203125">
        <ele>4</ele>
        <time>2026-08-01T08:57:54.000Z</time>
        <extensions>
          <ns3:TrackPointExtension>
            <ns3:atemp>34.0</ns3:atemp>
            <ns3:hr>163</ns3:hr>
            <ns3:cad>83</ns3:cad>
          </ns3:TrackPointExtension>
        </extensions>
      </trkpt>
      <trkpt lat="35.554439686238765716552734375" lon="134.817220866680145263671875">
        <ele>4</ele>
        <time>2026-08-01T08:57:55.000Z</time>
        <extensions>
          <ns3:TrackPointExtension>
            <ns3:atemp>34.0</ns3:atemp>
            <ns3:hr>164</ns3:hr>
            <ns3:cad>83</ns3:cad>
          </ns3:TrackPointExtension>
        </extensions>
      </trkpt>
      <trkpt lat="35.55441563017666339874267578125" lon="134.81722296215593814849853515625">
        <ele>4</ele>
        <time>2026-08-01T08:57:56.000Z</time>
        <extensions>
          <ns3:TrackPointExtension>
            <ns3:atemp>34.0</ns3:atemp>
            <ns3:hr>164</ns3:hr>
            <ns3:cad>83</ns3:cad>
          </ns3:TrackPointExtension>
        </extensions>
      </trkpt>
      <trkpt lat="35.55439132265746593475341796875" lon="134.8172248899936676025390625">
        <ele>4</ele>
        <time>2026-08-01T08:57:57.000Z</time>
        <extensions>
          <ns3:TrackPointExtension>
            <ns3:atemp>34.0</ns3:atemp>
            <ns3:hr>164</ns3:hr>
            <ns3:cad>83</ns3:cad>
          </ns3:TrackPointExtension>
        </extensions>
      </trkpt>
      <trkpt lat="35.55436701513826847076416015625" lon="134.81722690165042877197265625">
        <ele>4.19999980926513671875</ele>
        <time>2026-08-01T08:57:58.000Z</time>
        <extensions>
          <ns3:TrackPointExtension>
            <ns3:atemp>34.0</ns3:atemp>
            <ns3:hr>163</ns3:hr>
            <ns3:cad>83</ns3:cad>
          </ns3:TrackPointExtension>
        </extensions>
      </trkpt>
      <trkpt lat="35.5543432943522930145263671875" lon="134.81722866185009479522705078125">
        <ele>4.19999980926513671875</ele>
        <time>2026-08-01T08:57:59.000Z</time>
        <extensions>
          <ns3:TrackPointExtension>
            <ns3:atemp>34.0</ns3:atemp>
            <ns3:hr>163</ns3:hr>
            <ns3:cad>83</ns3:cad>
          </ns3:TrackPointExtension>
        </extensions>
      </trkpt>
      <trkpt lat="35.5543151311576366424560546875" lon="134.81722933240234851837158203125">
        <ele>4.19999980926513671875</ele>
        <time>2026-08-01T08:58:00.000Z</time>
        <extensions>
          <ns3:TrackPointExtension>
            <ns3:atemp>34.0</ns3:atemp>
            <ns3:hr>163</ns3:hr>
            <ns3:cad>83</ns3:cad>
          </ns3:TrackPointExtension>
        </extensions>
      </trkpt>
      <trkpt lat="35.55429627187550067901611328125" lon="134.81723184697329998016357421875">
        <ele>4.19999980926513671875</ele>
        <time>2026-08-01T08:58:01.000Z</time>
        <extensions>
          <ns3:TrackPointExtension>
            <ns3:atemp>34.0</ns3:atemp>
            <ns3:hr>163</ns3:hr>
            <ns3:cad>82</ns3:cad>
          </ns3:TrackPointExtension>
        </extensions>
      </trkpt>
      <trkpt lat="35.5542685277760028839111328125" lon="134.81723234988749027252197265625">
        <ele>4.19999980926513671875</ele>
        <time>2026-08-01T08:58:02.000Z</time>
        <extensions>
          <ns3:TrackPointExtension>
            <ns3:atemp>34.0</ns3:atemp>
            <ns3:hr>162</ns3:hr>
            <ns3:cad>82</ns3:cad>
          </ns3:TrackPointExtension>
        </extensions>
      </trkpt>
      <trkpt lat="35.55424899794161319732666015625" lon="134.8172203637659549713134765625">
        <ele>4.400000095367431640625</ele>
        <time>2026-08-01T08:58:03.000Z</time>
        <extensions>
          <ns3:TrackPointExtension>
            <ns3:atemp>34.0</ns3:atemp>
            <ns3:hr>162</ns3:hr>
            <ns3:cad>82</ns3:cad>
          </ns3:TrackPointExtension>
        </extensions>
      </trkpt>
      <trkpt lat="35.554238520562648773193359375" lon="134.81725045479834079742431640625">
        <ele>4.599999904632568359375</ele>
        <time>2026-08-01T08:58:04.000Z</time>
        <extensions>
          <ns3:TrackPointExtension>
            <ns3:atemp>34.0</ns3:atemp>
            <ns3:hr>162</ns3:hr>
            <ns3:cad>82</ns3:cad>
          </ns3:TrackPointExtension>
        </extensions>
      </trkpt>
      <trkpt lat="35.55421060882508754730224609375" lon="134.8172505386173725128173828125">
        <ele>4.599999904632568359375</ele>
        <time>2026-08-01T08:58:05.000Z</time>
        <extensions>
          <ns3:TrackPointExtension>
            <ns3:atemp>34.0</ns3:atemp>
            <ns3:hr>162</ns3:hr>
            <ns3:cad>82</ns3:cad>
          </ns3:TrackPointExtension>
        </extensions>
      </trkpt>
      <trkpt lat="35.55418563075363636016845703125" lon="134.81724970042705535888671875">
        <ele>4.80000019073486328125</ele>
        <time>2026-08-01T08:58:06.000Z</time>
        <extensions>
          <ns3:TrackPointExtension>
            <ns3:atemp>34.0</ns3:atemp>
            <ns3:hr>163</ns3:hr>
            <ns3:cad>83</ns3:cad>
          </ns3:TrackPointExtension>
        </extensions>
      </trkpt>
      <trkpt lat="35.55415679700672626495361328125" lon="134.8172508738934993743896484375">
        <ele>5</ele>
        <time>2026-08-01T08:58:07.000Z</time>
        <extensions>
          <ns3:TrackPointExtension>
            <ns3:atemp>34.0</ns3:atemp>
            <ns3:hr>163</ns3:hr>
            <ns3:cad>83</ns3:cad>
          </ns3:TrackPointExtension>
        </extensions>
      </trkpt>
      <trkpt lat="35.5541253648698329925537109375" lon="134.8172475211322307586669921875">
        <ele>5.19999980926513671875</ele>
        <time>2026-08-01T08:58:08.000Z</time>
        <extensions>
          <ns3:TrackPointExtension>
            <ns3:atemp>34.0</ns3:atemp>
            <ns3:hr>163</ns3:hr>
            <ns3:cad>83</ns3:cad>
          </ns3:TrackPointExtension>
        </extensions>
      </trkpt>
      <trkpt lat="35.5541034042835235595703125" lon="134.8172481916844844818115234375">
        <ele>5.599999904632568359375</ele>
        <time>2026-08-01T08:58:09.000Z</time>
        <extensions>
          <ns3:TrackPointExtension>
            <ns3:atemp>34.0</ns3:atemp>
            <ns3:hr>163</ns3:hr>
            <ns3:cad>83</ns3:cad>
          </ns3:TrackPointExtension>
        </extensions>
      </trkpt>
      <trkpt lat="35.55407364852726459503173828125" lon="134.817244671285152435302734375">
        <ele>5.80000019073486328125</ele>
        <time>2026-08-01T08:58:10.000Z</time>
        <extensions>
          <ns3:TrackPointExtension>
            <ns3:atemp>34.0</ns3:atemp>
            <ns3:hr>164</ns3:hr>
            <ns3:cad>81</ns3:cad>
          </ns3:TrackPointExtension>
        </extensions>
      </trkpt>
      <trkpt lat="35.55404883809387683868408203125" lon="134.817245341837406158447265625">
        <ele>6.19999980926513671875</ele>
        <time>2026-08-01T08:58:11.000Z</time>
        <extensions>
          <ns3:TrackPointExtension>
            <ns3:atemp>34.0</ns3:atemp>
            <ns3:hr>163</ns3:hr>
            <ns3:cad>81</ns3:cad>
          </ns3:TrackPointExtension>
        </extensions>
      </trkpt>
      <trkpt lat="35.55403157137334346771240234375" lon="134.81724643148481845855712890625">
        <ele>6.400000095367431640625</ele>
        <time>2026-08-01T08:58:12.000Z</time>
        <extensions>
          <ns3:TrackPointExtension>
            <ns3:atemp>34.0</ns3:atemp>
            <ns3:hr>163</ns3:hr>
            <ns3:cad>81</ns3:cad>
          </ns3:TrackPointExtension>
        </extensions>
      </trkpt>
      <trkpt lat="35.5540063418447971343994140625" lon="134.8172404803335666656494140625">
        <ele>6.400000095367431640625</ele>
        <time>2026-08-01T08:58:13.000Z</time>
        <extensions>
          <ns3:TrackPointExtension>
            <ns3:atemp>34.0</ns3:atemp>
            <ns3:hr>163</ns3:hr>
            <ns3:cad>81</ns3:cad>
          </ns3:TrackPointExtension>
        </extensions>
      </trkpt>
      <trkpt lat="35.55398664437234401702880859375" lon="134.8172424919903278350830078125">
        <ele>6.400000095367431640625</ele>
        <time>2026-08-01T08:58:14.000Z</time>
        <extensions>
          <ns3:TrackPointExtension>
            <ns3:atemp>34.0</ns3:atemp>
            <ns3:hr>164</ns3:hr>
            <ns3:cad>81</ns3:cad>
          </ns3:TrackPointExtension>
        </extensions>
      </trkpt>
      <trkpt lat="35.55396703071892261505126953125" lon="134.81724710203707218170166015625">
        <ele>6.400000095367431640625</ele>
        <time>2026-08-01T08:58:15.000Z</time>
        <extensions>
          <ns3:TrackPointExtension>
            <ns3:atemp>34.0</ns3:atemp>
            <ns3:hr>164</ns3:hr>
            <ns3:cad>81</ns3:cad>
          </ns3:TrackPointExtension>
        </extensions>
      </trkpt>
      <trkpt lat="35.55393752641975879669189453125" lon="134.81724207289516925811767578125">
        <ele>6.19999980926513671875</ele>
        <time>2026-08-01T08:58:16.000Z</time>
        <extensions>
          <ns3:TrackPointExtension>
            <ns3:atemp>34.0</ns3:atemp>
            <ns3:hr>164</ns3:hr>
            <ns3:cad>81</ns3:cad>
          </ns3:TrackPointExtension>
        </extensions>
      </trkpt>
      <trkpt lat="35.5539181642234325408935546875" lon="134.8172502033412456512451171875">
        <ele>6.19999980926513671875</ele>
        <time>2026-08-01T08:58:17.000Z</time>
        <extensions>
          <ns3:TrackPointExtension>
            <ns3:atemp>34.0</ns3:atemp>
            <ns3:hr>165</ns3:hr>
            <ns3:cad>81</ns3:cad>
          </ns3:TrackPointExtension>
        </extensions>
      </trkpt>
      <trkpt lat="35.553891174495220184326171875" lon="134.81724928133189678192138671875">
        <ele>6.19999980926513671875</ele>
        <time>2026-08-01T08:58:18.000Z</time>
        <extensions>
          <ns3:TrackPointExtension>
            <ns3:atemp>34.0</ns3:atemp>
            <ns3:hr>165</ns3:hr>
            <ns3:cad>81</ns3:cad>
          </ns3:TrackPointExtension>
        </extensions>
      </trkpt>
      <trkpt lat="35.553864352405071258544921875" lon="134.81724592857062816619873046875">
        <ele>6.400000095367431640625</ele>
        <time>2026-08-01T08:58:19.000Z</time>
        <extensions>
          <ns3:TrackPointExtension>
            <ns3:atemp>34.0</ns3:atemp>
            <ns3:hr>165</ns3:hr>
            <ns3:cad>82</ns3:cad>
          </ns3:TrackPointExtension>
        </extensions>
      </trkpt>
      <trkpt lat="35.55384549312293529510498046875" lon="134.81725229881703853607177734375">
        <ele>6.400000095367431640625</ele>
        <time>2026-08-01T08:58:20.000Z</time>
        <extensions>
          <ns3:TrackPointExtension>
            <ns3:atemp>34.0</ns3:atemp>
            <ns3:hr>166</ns3:hr>
            <ns3:cad>82</ns3:cad>
          </ns3:TrackPointExtension>
        </extensions>
      </trkpt>
      <trkpt lat="35.55381246842443943023681640625" lon="134.81724777258932590484619140625">
        <ele>6.400000095367431640625</ele>
        <time>2026-08-01T08:58:21.000Z</time>
        <extensions>
          <ns3:TrackPointExtension>
            <ns3:atemp>34.0</ns3:atemp>
            <ns3:hr>166</ns3:hr>
            <ns3:cad>82</ns3:cad>
          </ns3:TrackPointExtension>
        </extensions>
      </trkpt>
      <trkpt lat="35.5537941120564937591552734375" lon="134.81725196354091167449951171875">
        <ele>6.400000095367431640625</ele>
        <time>2026-08-01T08:58:22.000Z</time>
        <extensions>
          <ns3:TrackPointExtension>
            <ns3:atemp>34.0</ns3:atemp>
            <ns3:hr>167</ns3:hr>
            <ns3:cad>82</ns3:cad>
          </ns3:TrackPointExtension>
        </extensions>
      </trkpt>
      <trkpt lat="35.55377190001308917999267578125" lon="134.8172548972070217132568359375">
        <ele>6.400000095367431640625</ele>
        <time>2026-08-01T08:58:23.000Z</time>
        <extensions>
          <ns3:TrackPointExtension>
            <ns3:atemp>34.0</ns3:atemp>
            <ns3:hr>168</ns3:hr>
            <ns3:cad>83</ns3:cad>
          </ns3:TrackPointExtension>
        </extensions>
      </trkpt>
      <trkpt lat="35.55374239571392536163330078125" lon="134.817250706255435943603515625">
        <ele>6.400000095367431640625</ele>
        <time>2026-08-01T08:58:24.000Z</time>
        <extensions>
          <ns3:TrackPointExtension>
            <ns3:atemp>34.0</ns3:atemp>
            <ns3:hr>168</ns3:hr>
            <ns3:cad>83</ns3:cad>
          </ns3:TrackPointExtension>
        </extensions>
      </trkpt>
      <trkpt lat="35.55372680537402629852294921875" lon="134.81725531630218029022216796875">
        <ele>6.400000095367431640625</ele>
        <time>2026-08-01T08:58:25.000Z</time>
        <extensions>
          <ns3:TrackPointExtension>
            <ns3:atemp>34.0</ns3:atemp>
            <ns3:hr>169</ns3:hr>
            <ns3:cad>83</ns3:cad>
          </ns3:TrackPointExtension>
        </extensions>
      </trkpt>
      <trkpt lat="35.55370098911225795745849609375" lon="134.81725447811186313629150390625">
        <ele>6.400000095367431640625</ele>
        <time>2026-08-01T08:58:26.000Z</time>
        <extensions>
          <ns3:TrackPointExtension>
            <ns3:atemp>34.0</ns3:atemp>
            <ns3:hr>169</ns3:hr>
            <ns3:cad>82</ns3:cad>
          </ns3:TrackPointExtension>
        </extensions>
      </trkpt>
      <trkpt lat="35.5536740832030773162841796875" lon="134.81725229881703853607177734375">
        <ele>6.599999904632568359375</ele>
        <time>2026-08-01T08:58:27.000Z</time>
        <extensions>
          <ns3:TrackPointExtension>
            <ns3:atemp>34.0</ns3:atemp>
            <ns3:hr>169</ns3:hr>
            <ns3:cad>82</ns3:cad>
          </ns3:TrackPointExtension>
        </extensions>
      </trkpt>
      <trkpt lat="35.55365690030157566070556640625" lon="134.81725816614925861358642578125">
        <ele>6.599999904632568359375</ele>
        <time>2026-08-01T08:58:28.000Z</time>
        <extensions>
          <ns3:TrackPointExtension>
            <ns3:atemp>34.0</ns3:atemp>
            <ns3:hr>169</ns3:hr>
            <ns3:cad>82</ns3:cad>
          </ns3:TrackPointExtension>
        </extensions>
      </trkpt>
      <trkpt lat="35.55362538434565067291259765625" lon="134.8172512091696262359619140625">
        <ele>6.599999904632568359375</ele>
        <time>2026-08-01T08:58:29.000Z</time>
        <extensions>
          <ns3:TrackPointExtension>
            <ns3:atemp>34.0</ns3:atemp>
            <ns3:hr>168</ns3:hr>
            <ns3:cad>81</ns3:cad>
          </ns3:TrackPointExtension>
        </extensions>
      </trkpt>
      <trkpt lat="35.5536040104925632476806640625" lon="134.8172495327889919281005859375">
        <ele>6.599999904632568359375</ele>
        <time>2026-08-01T08:58:30.000Z</time>
        <extensions>
          <ns3:TrackPointExtension>
            <ns3:atemp>34.0</ns3:atemp>
            <ns3:hr>168</ns3:hr>
            <ns3:cad>81</ns3:cad>
          </ns3:TrackPointExtension>
        </extensions>
      </trkpt>
      <trkpt lat="35.5535815469920635223388671875" lon="134.81725481338798999786376953125">
        <ele>6.599999904632568359375</ele>
        <time>2026-08-01T08:58:31.000Z</time>
        <extensions>
          <ns3:TrackPointExtension>
            <ns3:atemp>34.0</ns3:atemp>
            <ns3:hr>168</ns3:hr>
            <ns3:cad>81</ns3:cad>
          </ns3:TrackPointExtension>
        </extensions>
      </trkpt>
      <trkpt lat="35.553552210330963134765625" lon="134.81725464574992656707763671875">
        <ele>6.599999904632568359375</ele>
        <time>2026-08-01T08:58:32.000Z</time>
        <extensions>
          <ns3:TrackPointExtension>
            <ns3:atemp>34.0</ns3:atemp>
            <ns3:hr>168</ns3:hr>
            <ns3:cad>81</ns3:cad>
          </ns3:TrackPointExtension>
        </extensions>
      </trkpt>
      <trkpt lat="35.5535325966775417327880859375" lon="134.81725506484508514404296875">
        <ele>6.400000095367431640625</ele>
        <time>2026-08-01T08:58:33.000Z</time>
        <extensions>
          <ns3:TrackPointExtension>
            <ns3:atemp>34.0</ns3:atemp>
            <ns3:hr>168</ns3:hr>
            <ns3:cad>83</ns3:cad>
          </ns3:TrackPointExtension>
        </extensions>
      </trkpt>
      <trkpt lat="35.55350971408188343048095703125" lon="134.8172490298748016357421875">
        <ele>6.400000095367431640625</ele>
        <time>2026-08-01T08:58:34.000Z</time>
        <extensions>
          <ns3:TrackPointExtension>
            <ns3:atemp>34.0</ns3:atemp>
            <ns3:hr>168</ns3:hr>
            <ns3:cad>83</ns3:cad>
          </ns3:TrackPointExtension>
        </extensions>
      </trkpt>
      <trkpt lat="35.5534816347062587738037109375" lon="134.8172461800277233123779296875">
        <ele>6.19999980926513671875</ele>
        <time>2026-08-01T08:58:35.000Z</time>
        <extensions>
          <ns3:TrackPointExtension>
            <ns3:atemp>34.0</ns3:atemp>
            <ns3:hr>168</ns3:hr>
            <ns3:cad>83</ns3:cad>
          </ns3:TrackPointExtension>
        </extensions>
      </trkpt>
      <trkpt lat="35.55346612818539142608642578125" lon="134.81725498102605342864990234375">
        <ele>6.19999980926513671875</ele>
        <time>2026-08-01T08:58:36.000Z</time>
        <extensions>
          <ns3:TrackPointExtension>
            <ns3:atemp>34.0</ns3:atemp>
            <ns3:hr>169</ns3:hr>
            <ns3:cad>81</ns3:cad>
          </ns3:TrackPointExtension>
        </extensions>
      </trkpt>
      <trkpt lat="35.55343997664749622344970703125" lon="134.81724894605576992034912109375">
        <ele>6</ele>
        <time>2026-08-01T08:58:37.000Z</time>
        <extensions>
          <ns3:TrackPointExtension>
            <ns3:atemp>34.0</ns3:atemp>
            <ns3:hr>170</ns3:hr>
            <ns3:cad>81</ns3:cad>
          </ns3:TrackPointExtension>
        </extensions>
      </trkpt>
      <trkpt lat="35.553419776260852813720703125" lon="134.81724944896996021270751953125">
        <ele>6.19999980926513671875</ele>
        <time>2026-08-01T08:58:38.000Z</time>
        <extensions>
          <ns3:TrackPointExtension>
            <ns3:atemp>34.0</ns3:atemp>
            <ns3:hr>170</ns3:hr>
            <ns3:cad>81</ns3:cad>
          </ns3:TrackPointExtension>
        </extensions>
      </trkpt>
      <trkpt lat="35.5533978156745433807373046875" lon="134.8172485269606113433837890625">
        <ele>6.19999980926513671875</ele>
        <time>2026-08-01T08:58:39.000Z</time>
        <extensions>
          <ns3:TrackPointExtension>
            <ns3:atemp>34.0</ns3:atemp>
            <ns3:hr>171</ns3:hr>
            <ns3:cad>82</ns3:cad>
          </ns3:TrackPointExtension>
        </extensions>
      </trkpt>
      <trkpt lat="35.55336671881377696990966796875" lon="134.8172458447515964508056640625">
        <ele>6.19999980926513671875</ele>
        <time>2026-08-01T08:58:40.000Z</time>
        <extensions>
          <ns3:TrackPointExtension>
            <ns3:atemp>34.0</ns3:atemp>
            <ns3:hr>171</ns3:hr>
            <ns3:cad>82</ns3:cad>
          </ns3:TrackPointExtension>
        </extensions>
      </trkpt>
      <trkpt lat="35.55334769189357757568359375" lon="134.8172475211322307586669921875">
        <ele>6.19999980926513671875</ele>
        <time>2026-08-01T08:58:41.000Z</time>
        <extensions>
          <ns3:TrackPointExtension>
            <ns3:atemp>34.0</ns3:atemp>
            <ns3:hr>171</ns3:hr>
            <ns3:cad>82</ns3:cad>
          </ns3:TrackPointExtension>
        </extensions>
      </trkpt>
      <trkpt lat="35.553325228393077850341796875" lon="134.81725104153156280517578125">
        <ele>6.19999980926513671875</ele>
        <time>2026-08-01T08:58:42.000Z</time>
        <extensions>
          <ns3:TrackPointExtension>
            <ns3:atemp>34.0</ns3:atemp>
            <ns3:hr>171</ns3:hr>
            <ns3:cad>81</ns3:cad>
          </ns3:TrackPointExtension>
        </extensions>
      </trkpt>
      <trkpt lat="35.5533005855977535247802734375" lon="134.8172518797218799591064453125">
        <ele>6.19999980926513671875</ele>
        <time>2026-08-01T08:58:43.000Z</time>
        <extensions>
          <ns3:TrackPointExtension>
            <ns3:atemp>34.0</ns3:atemp>
            <ns3:hr>171</ns3:hr>
            <ns3:cad>81</ns3:cad>
          </ns3:TrackPointExtension>
        </extensions>
      </trkpt>
      <trkpt lat="35.55328558199107646942138671875" lon="134.8172572441399097442626953125">
        <ele>6.19999980926513671875</ele>
        <time>2026-08-01T08:58:44.000Z</time>
        <extensions>
          <ns3:TrackPointExtension>
            <ns3:atemp>34.0</ns3:atemp>
            <ns3:hr>172</ns3:hr>
            <ns3:cad>81</ns3:cad>
          </ns3:TrackPointExtension>
        </extensions>
      </trkpt>
      <trkpt lat="35.55326043628156185150146484375" lon="134.81726034544408321380615234375">
        <ele>6</ele>
        <time>2026-08-01T08:58:45.000Z</time>
        <extensions>
          <ns3:TrackPointExtension>
            <ns3:atemp>34.0</ns3:atemp>
            <ns3:hr>172</ns3:hr>
            <ns3:cad>81</ns3:cad>
          </ns3:TrackPointExtension>
        </extensions>
      </trkpt>
      <trkpt lat="35.55323679931461811065673828125" lon="134.8172569088637828826904296875">
        <ele>6</ele>
        <time>2026-08-01T08:58:46.000Z</time>
        <extensions>
          <ns3:TrackPointExtension>
            <ns3:atemp>34.0</ns3:atemp>
            <ns3:hr>172</ns3:hr>
            <ns3:cad>81</ns3:cad>
          </ns3:TrackPointExtension>
        </extensions>
      </trkpt>
      <trkpt lat="35.55321651510894298553466796875" lon="134.8172662965953350067138671875">
        <ele>6.19999980926513671875</ele>
        <time>2026-08-01T08:58:47.000Z</time>
        <extensions>
          <ns3:TrackPointExtension>
            <ns3:atemp>34.0</ns3:atemp>
            <ns3:hr>172</ns3:hr>
            <ns3:cad>82</ns3:cad>
          </ns3:TrackPointExtension>
        </extensions>
      </trkpt>
      <trkpt lat="35.55318675935268402099609375" lon="134.81725749559700489044189453125">
        <ele>6.19999980926513671875</ele>
        <time>2026-08-01T08:58:48.000Z</time>
        <extensions>
          <ns3:TrackPointExtension>
            <ns3:atemp>34.0</ns3:atemp>
            <ns3:hr>172</ns3:hr>
            <ns3:cad>82</ns3:cad>
          </ns3:TrackPointExtension>
        </extensions>
      </trkpt>
      <trkpt lat="35.5531651340425014495849609375" lon="134.8172589205205440521240234375">
        <ele>6.400000095367431640625</ele>
        <time>2026-08-01T08:58:49.000Z</time>
        <extensions>
          <ns3:TrackPointExtension>
            <ns3:atemp>34.0</ns3:atemp>
            <ns3:hr>171</ns3:hr>
            <ns3:cad>82</ns3:cad>
          </ns3:TrackPointExtension>
        </extensions>
      </trkpt>
      <trkpt lat="35.5531418323516845703125" lon="134.8172599263489246368408203125">
        <ele>6.400000095367431640625</ele>
        <time>2026-08-01T08:58:50.000Z</time>
        <extensions>
          <ns3:TrackPointExtension>
            <ns3:atemp>34.0</ns3:atemp>
            <ns3:hr>171</ns3:hr>
            <ns3:cad>82</ns3:cad>
          </ns3:TrackPointExtension>
        </extensions>
      </trkpt>
      <trkpt lat="35.5531138367950916290283203125" lon="134.81725464574992656707763671875">
        <ele>6.599999904632568359375</ele>
        <time>2026-08-01T08:58:51.000Z</time>
        <extensions>
          <ns3:TrackPointExtension>
            <ns3:atemp>34.0</ns3:atemp>
            <ns3:hr>172</ns3:hr>
            <ns3:cad>82</ns3:cad>
          </ns3:TrackPointExtension>
        </extensions>
      </trkpt>
      <trkpt lat="35.55309732444584369659423828125" lon="134.81725313700735569000244140625">
        <ele>6.599999904632568359375</ele>
        <time>2026-08-01T08:58:52.000Z</time>
        <extensions>
          <ns3:TrackPointExtension>
            <ns3:atemp>34.0</ns3:atemp>
            <ns3:hr>172</ns3:hr>
            <ns3:cad>82</ns3:cad>
          </ns3:TrackPointExtension>
        </extensions>
      </trkpt>
      <trkpt lat="35.5530756153166294097900390625" lon="134.81725028716027736663818359375">
        <ele>6.599999904632568359375</ele>
        <time>2026-08-01T08:58:53.000Z</time>
        <extensions>
          <ns3:TrackPointExtension>
            <ns3:atemp>34.0</ns3:atemp>
            <ns3:hr>172</ns3:hr>
            <ns3:cad>82</ns3:cad>
          </ns3:TrackPointExtension>
        </extensions>
      </trkpt>
      <trkpt lat="35.55304787121713161468505859375" lon="134.817245341837406158447265625">
        <ele>6.400000095367431640625</ele>
        <time>2026-08-01T08:58:54.000Z</time>
        <extensions>
          <ns3:TrackPointExtension>
            <ns3:atemp>34.0</ns3:atemp>
            <ns3:hr>172</ns3:hr>
            <ns3:cad>82</ns3:cad>
          </ns3:TrackPointExtension>
        </extensions>
      </trkpt>
      <trkpt lat="35.5530280061066150665283203125" lon="134.81724525801837444305419921875">
        <ele>6.400000095367431640625</ele>
        <time>2026-08-01T08:58:55.000Z</time>
        <extensions>
          <ns3:TrackPointExtension>
            <ns3:atemp>34.0</ns3:atemp>
            <ns3:hr>172</ns3:hr>
            <ns3:cad>82</ns3:cad>
          </ns3:TrackPointExtension>
        </extensions>
      </trkpt>
      <trkpt lat="35.5529983341693878173828125" lon="134.8172475211322307586669921875">
        <ele>6.400000095367431640625</ele>
        <time>2026-08-01T08:58:56.000Z</time>
        <extensions>
          <ns3:TrackPointExtension>
            <ns3:atemp>34.0</ns3:atemp>
            <ns3:hr>172</ns3:hr>
            <ns3:cad>82</ns3:cad>
          </ns3:TrackPointExtension>
        </extensions>
      </trkpt>
      <trkpt lat="35.5529715120792388916015625" lon="134.81724567711353302001953125">
        <ele>6.400000095367431640625</ele>
        <time>2026-08-01T08:58:57.000Z</time>
        <extensions>
          <ns3:TrackPointExtension>
            <ns3:atemp>34.0</ns3:atemp>
            <ns3:hr>171</ns3:hr>
            <ns3:cad>82</ns3:cad>
          </ns3:TrackPointExtension>
        </extensions>
      </trkpt>
      <trkpt lat="35.5529498867690563201904296875" lon="134.81725104153156280517578125">
        <ele>6.400000095367431640625</ele>
        <time>2026-08-01T08:58:58.000Z</time>
        <extensions>
          <ns3:TrackPointExtension>
            <ns3:atemp>34.0</ns3:atemp>
            <ns3:hr>171</ns3:hr>
            <ns3:cad>82</ns3:cad>
          </ns3:TrackPointExtension>
        </extensions>
      </trkpt>
      <trkpt lat="35.5529207177460193634033203125" lon="134.817248024046421051025390625">
        <ele>6.599999904632568359375</ele>
        <time>2026-08-01T08:58:59.000Z</time>
        <extensions>
          <ns3:TrackPointExtension>
            <ns3:atemp>34.0</ns3:atemp>
            <ns3:hr>171</ns3:hr>
            <ns3:cad>82</ns3:cad>
          </ns3:TrackPointExtension>
        </extensions>
      </trkpt>
      <trkpt lat="35.55289884097874164581298828125" lon="134.81723955832421779632568359375">
        <ele>6.599999904632568359375</ele>
        <time>2026-08-01T08:59:00.000Z</time>
        <extensions>
          <ns3:TrackPointExtension>
            <ns3:atemp>34.0</ns3:atemp>
            <ns3:hr>171</ns3:hr>
            <ns3:cad>82</ns3:cad>
          </ns3:TrackPointExtension>
        </extensions>
      </trkpt>
      <trkpt lat="35.5528774671256542205810546875" lon="134.81724039651453495025634765625">
        <ele>6.80000019073486328125</ele>
        <time>2026-08-01T08:59:01.000Z</time>
        <extensions>
          <ns3:TrackPointExtension>
            <ns3:atemp>34.0</ns3:atemp>
            <ns3:hr>171</ns3:hr>
            <ns3:cad>82</ns3:cad>
          </ns3:TrackPointExtension>
        </extensions>
      </trkpt>
      <trkpt lat="35.55285290814936161041259765625" lon="134.81724073179066181182861328125">
        <ele>6.599999904632568359375</ele>
        <time>2026-08-01T08:59:02.000Z</time>
        <extensions>
          <ns3:TrackPointExtension>
            <ns3:atemp>34.0</ns3:atemp>
            <ns3:hr>171</ns3:hr>
            <ns3:cad>82</ns3:cad>
          </ns3:TrackPointExtension>
        </extensions>
      </trkpt>
      <trkpt lat="35.55283765308558940887451171875" lon="134.8172463476657867431640625">
        <ele>6.599999904632568359375</ele>
        <time>2026-08-01T08:59:03.000Z</time>
        <extensions>
          <ns3:TrackPointExtension>
            <ns3:atemp>34.0</ns3:atemp>
            <ns3:hr>171</ns3:hr>
            <ns3:cad>82</ns3:cad>
          </ns3:TrackPointExtension>
        </extensions>
      </trkpt>
      <trkpt lat="35.5528114177286624908447265625" lon="134.81724559329450130462646484375">
        <ele>6.599999904632568359375</ele>
        <time>2026-08-01T08:59:04.000Z</time>
        <extensions>
          <ns3:TrackPointExtension>
            <ns3:atemp>34.0</ns3:atemp>
            <ns3:hr>171</ns3:hr>
            <ns3:cad>82</ns3:cad>
          </ns3:TrackPointExtension>
        </extensions>
      </trkpt>
      <trkpt lat="35.55278669111430644989013671875" lon="134.81724525801837444305419921875">
        <ele>6.599999904632568359375</ele>
        <time>2026-08-01T08:59:05.000Z</time>
        <extensions>
          <ns3:TrackPointExtension>
            <ns3:atemp>34.0</ns3:atemp>
            <ns3:hr>171</ns3:hr>
            <ns3:cad>81</ns3:cad>
          </ns3:TrackPointExtension>
        </extensions>
      </trkpt>
      <trkpt lat="35.5527654848992824554443359375" lon="134.81725162826478481292724609375">
        <ele>6.599999904632568359375</ele>
        <time>2026-08-01T08:59:06.000Z</time>
        <extensions>
          <ns3:TrackPointExtension>
            <ns3:atemp>34.0</ns3:atemp>
            <ns3:hr>171</ns3:hr>
            <ns3:cad>82</ns3:cad>
          </ns3:TrackPointExtension>
        </extensions>
      </trkpt>
      <trkpt lat="35.5527363158762454986572265625" lon="134.81725799851119518280029296875">
        <ele>6.599999904632568359375</ele>
        <time>2026-08-01T08:59:07.000Z</time>
        <extensions>
          <ns3:TrackPointExtension>
            <ns3:atemp>34.0</ns3:atemp>
            <ns3:hr>170</ns3:hr>
            <ns3:cad>82</ns3:cad>
          </ns3:TrackPointExtension>
        </extensions>
      </trkpt>
      <trkpt lat="35.5527113378047943115234375" lon="134.8172548972070217132568359375">
        <ele>6.599999904632568359375</ele>
        <time>2026-08-01T08:59:08.000Z</time>
        <extensions>
          <ns3:TrackPointExtension>
            <ns3:atemp>34.0</ns3:atemp>
            <ns3:hr>170</ns3:hr>
            <ns3:cad>82</ns3:cad>
          </ns3:TrackPointExtension>
        </extensions>
      </trkpt>
      <trkpt lat="35.55268560536205768585205078125" lon="134.8172535561025142669677734375">
        <ele>6.80000019073486328125</ele>
        <time>2026-08-01T08:59:09.000Z</time>
        <extensions>
          <ns3:TrackPointExtension>
            <ns3:atemp>34.0</ns3:atemp>
            <ns3:hr>170</ns3:hr>
            <ns3:cad>82</ns3:cad>
          </ns3:TrackPointExtension>
        </extensions>
      </trkpt>
      <trkpt lat="35.55265903472900390625" lon="134.81725380755960941314697265625">
        <ele>6.80000019073486328125</ele>
        <time>2026-08-01T08:59:10.000Z</time>
        <extensions>
          <ns3:TrackPointExtension>
            <ns3:atemp>34.0</ns3:atemp>
            <ns3:hr>170</ns3:hr>
            <ns3:cad>82</ns3:cad>
          </ns3:TrackPointExtension>
        </extensions>
      </trkpt>
      <trkpt lat="35.55264553986489772796630859375" lon="134.8172582499682903289794921875">
        <ele>6.599999904632568359375</ele>
        <time>2026-08-01T08:59:11.000Z</time>
        <extensions>
          <ns3:TrackPointExtension>
            <ns3:atemp>34.0</ns3:atemp>
            <ns3:hr>170</ns3:hr>
            <ns3:cad>82</ns3:cad>
          </ns3:TrackPointExtension>
        </extensions>
      </trkpt>
      <trkpt lat="35.55262173525989055633544921875" lon="134.8172599263489246368408203125">
        <ele>6.599999904632568359375</ele>
        <time>2026-08-01T08:59:12.000Z</time>
        <extensions>
          <ns3:TrackPointExtension>
            <ns3:atemp>34.0</ns3:atemp>
            <ns3:hr>170</ns3:hr>
            <ns3:cad>82</ns3:cad>
          </ns3:TrackPointExtension>
        </extensions>
      </trkpt>
      <trkpt lat="35.55259658955037593841552734375" lon="134.8172599263489246368408203125">
        <ele>6.599999904632568359375</ele>
        <time>2026-08-01T08:59:13.000Z</time>
        <extensions>
          <ns3:TrackPointExtension>
            <ns3:atemp>34.0</ns3:atemp>
            <ns3:hr>170</ns3:hr>
            <ns3:cad>82</ns3:cad>
          </ns3:TrackPointExtension>
        </extensions>
      </trkpt>
      <trkpt lat="35.55257647298276424407958984375" lon="134.81726520694792270660400390625">
        <ele>6.599999904632568359375</ele>
        <time>2026-08-01T08:59:14.000Z</time>
        <extensions>
          <ns3:TrackPointExtension>
            <ns3:atemp>34.0</ns3:atemp>
            <ns3:hr>170</ns3:hr>
            <ns3:cad>82</ns3:cad>
          </ns3:TrackPointExtension>
        </extensions>
      </trkpt>
      <trkpt lat="35.55254965089261531829833984375" lon="134.8172662965953350067138671875">
        <ele>6.80000019073486328125</ele>
        <time>2026-08-01T08:59:15.000Z</time>
        <extensions>
          <ns3:TrackPointExtension>
            <ns3:atemp>34.0</ns3:atemp>
            <ns3:hr>170</ns3:hr>
            <ns3:cad>82</ns3:cad>
          </ns3:TrackPointExtension>
        </extensions>
      </trkpt>
      <trkpt lat="35.5525307916104793548583984375" lon="134.817269146442413330078125">
        <ele>6.80000019073486328125</ele>
        <time>2026-08-01T08:59:16.000Z</time>
        <extensions>
          <ns3:TrackPointExtension>
            <ns3:atemp>34.0</ns3:atemp>
            <ns3:hr>170</ns3:hr>
            <ns3:cad>82</ns3:cad>
          </ns3:TrackPointExtension>
        </extensions>
      </trkpt>
      <trkpt lat="35.55251084268093109130859375" lon="134.81727459467947483062744140625">
        <ele>6.80000019073486328125</ele>
        <time>2026-08-01T08:59:17.000Z</time>
        <extensions>
          <ns3:TrackPointExtension>
            <ns3:atemp>34.0</ns3:atemp>
            <ns3:hr>169</ns3:hr>
            <ns3:cad>82</ns3:cad>
          </ns3:TrackPointExtension>
        </extensions>
      </trkpt>
      <trkpt lat="35.55248326621949672698974609375" lon="134.81727811507880687713623046875">
        <ele>6.80000019073486328125</ele>
        <time>2026-08-01T08:59:18.000Z</time>
        <extensions>
          <ns3:TrackPointExtension>
            <ns3:atemp>34.0</ns3:atemp>
            <ns3:hr>169</ns3:hr>
            <ns3:cad>81</ns3:cad>
          </ns3:TrackPointExtension>
        </extensions>
      </trkpt>
      <trkpt lat="35.5524650774896144866943359375" lon="134.81727191247045993804931640625">
        <ele>7</ele>
        <time>2026-08-01T08:59:19.000Z</time>
        <extensions>
          <ns3:TrackPointExtension>
            <ns3:atemp>34.0</ns3:atemp>
            <ns3:hr>169</ns3:hr>
            <ns3:cad>81</ns3:cad>
          </ns3:TrackPointExtension>
        </extensions>
      </trkpt>
      <trkpt lat="35.55243984796106815338134765625" lon="134.8172686435282230377197265625">
        <ele>7</ele>
        <time>2026-08-01T08:59:20.000Z</time>
        <extensions>
          <ns3:TrackPointExtension>
            <ns3:atemp>34.0</ns3:atemp>
            <ns3:hr>170</ns3:hr>
            <ns3:cad>81</ns3:cad>
          </ns3:TrackPointExtension>
        </extensions>
      </trkpt>
      <trkpt lat="35.552408583462238311767578125" lon="134.81726487167179584503173828125">
        <ele>7</ele>
        <time>2026-08-01T08:59:21.000Z</time>
        <extensions>
          <ns3:TrackPointExtension>
            <ns3:atemp>34.0</ns3:atemp>
            <ns3:hr>169</ns3:hr>
            <ns3:cad>82</ns3:cad>
          </ns3:TrackPointExtension>
        </extensions>
      </trkpt>
      <trkpt lat="35.55238788016140460968017578125" lon="134.81727057136595249176025390625">
        <ele>7</ele>
        <time>2026-08-01T08:59:22.000Z</time>
        <extensions>
          <ns3:TrackPointExtension>
            <ns3:atemp>34.0</ns3:atemp>
            <ns3:hr>169</ns3:hr>
            <ns3:cad>82</ns3:cad>
          </ns3:TrackPointExtension>
        </extensions>
      </trkpt>
      <trkpt lat="35.55236457847058773040771484375" lon="134.817273505032062530517578125">
        <ele>7</ele>
        <time>2026-08-01T08:59:23.000Z</time>
        <extensions>
          <ns3:TrackPointExtension>
            <ns3:atemp>34.0</ns3:atemp>
            <ns3:hr>169</ns3:hr>
            <ns3:cad>82</ns3:cad>
          </ns3:TrackPointExtension>
        </extensions>
      </trkpt>
      <trkpt lat="35.55234261788427829742431640625" lon="134.8172726668417453765869140625">
        <ele>6.80000019073486328125</ele>
        <time>2026-08-01T08:59:24.000Z</time>
        <extensions>
          <ns3:TrackPointExtension>
            <ns3:atemp>34.0</ns3:atemp>
            <ns3:hr>169</ns3:hr>
            <ns3:cad>82</ns3:cad>
          </ns3:TrackPointExtension>
        </extensions>
      </trkpt>
      <trkpt lat="35.55232233367860317230224609375" lon="134.81727241538465023040771484375">
        <ele>6.80000019073486328125</ele>
        <time>2026-08-01T08:59:25.000Z</time>
        <extensions>
          <ns3:TrackPointExtension>
            <ns3:atemp>34.0</ns3:atemp>
            <ns3:hr>169</ns3:hr>
            <ns3:cad>82</ns3:cad>
          </ns3:TrackPointExtension>
        </extensions>
      </trkpt>
      <trkpt lat="35.552293919026851654052734375" lon="134.81726554222404956817626953125">
        <ele>6.80000019073486328125</ele>
        <time>2026-08-01T08:59:26.000Z</time>
        <extensions>
          <ns3:TrackPointExtension>
            <ns3:atemp>34.0</ns3:atemp>
            <ns3:hr>169</ns3:hr>
            <ns3:cad>82</ns3:cad>
          </ns3:TrackPointExtension>
        </extensions>
      </trkpt>
      <trkpt lat="35.5522756464779376983642578125" lon="134.81726235710084438323974609375">
        <ele>6.80000019073486328125</ele>
        <time>2026-08-01T08:59:27.000Z</time>
        <extensions>
          <ns3:TrackPointExtension>
            <ns3:atemp>34.0</ns3:atemp>
            <ns3:hr>169</ns3:hr>
            <ns3:cad>82</ns3:cad>
          </ns3:TrackPointExtension>
        </extensions>
      </trkpt>
      <trkpt lat="35.5522505007684230804443359375" lon="134.81726386584341526031494140625">
        <ele>6.80000019073486328125</ele>
        <time>2026-08-01T08:59:28.000Z</time>
        <extensions>
          <ns3:TrackPointExtension>
            <ns3:atemp>34.0</ns3:atemp>
            <ns3:hr>169</ns3:hr>
            <ns3:cad>81</ns3:cad>
          </ns3:TrackPointExtension>
        </extensions>
      </trkpt>
      <trkpt lat="35.55222108028829097747802734375" lon="134.81726638041436672210693359375">
        <ele>6.80000019073486328125</ele>
        <time>2026-08-01T08:59:29.000Z</time>
        <extensions>
          <ns3:TrackPointExtension>
            <ns3:atemp>34.0</ns3:atemp>
            <ns3:hr>169</ns3:hr>
            <ns3:cad>81</ns3:cad>
          </ns3:TrackPointExtension>
        </extensions>
      </trkpt>
      <trkpt lat="35.55220372974872589111328125" lon="134.81726855970919132232666015625">
        <ele>6.80000019073486328125</ele>
        <time>2026-08-01T08:59:30.000Z</time>
        <extensions>
          <ns3:TrackPointExtension>
            <ns3:atemp>34.0</ns3:atemp>
            <ns3:hr>169</ns3:hr>
            <ns3:cad>81</ns3:cad>
          </ns3:TrackPointExtension>
        </extensions>
      </trkpt>
      <trkpt lat="35.55217447690665721893310546875" lon="134.81727191247045993804931640625">
        <ele>6.80000019073486328125</ele>
        <time>2026-08-01T08:59:31.000Z</time>
        <extensions>
          <ns3:TrackPointExtension>
            <ns3:atemp>34.0</ns3:atemp>
            <ns3:hr>169</ns3:hr>
            <ns3:cad>82</ns3:cad>
          </ns3:TrackPointExtension>
        </extensions>
      </trkpt>
      <trkpt lat="35.55214547552168369293212890625" lon="134.817275516688823699951171875">
        <ele>6.80000019073486328125</ele>
        <time>2026-08-01T08:59:32.000Z</time>
        <extensions>
          <ns3:TrackPointExtension>
            <ns3:atemp>34.0</ns3:atemp>
            <ns3:hr>169</ns3:hr>
            <ns3:cad>82</ns3:cad>
          </ns3:TrackPointExtension>
        </extensions>
      </trkpt>
      <trkpt lat="35.5521239340305328369140625" lon="134.81727861799299716949462890625">
        <ele>6.599999904632568359375</ele>
        <time>2026-08-01T08:59:33.000Z</time>
        <extensions>
          <ns3:TrackPointExtension>
            <ns3:atemp>34.0</ns3:atemp>
            <ns3:hr>169</ns3:hr>
            <ns3:cad>82</ns3:cad>
          </ns3:TrackPointExtension>
        </extensions>
      </trkpt>
      <trkpt lat="35.552095435559749603271484375" lon="134.81727610342204570770263671875">
        <ele>6.599999904632568359375</ele>
        <time>2026-08-01T08:59:34.000Z</time>
        <extensions>
          <ns3:TrackPointExtension>
            <ns3:atemp>34.0</ns3:atemp>
            <ns3:hr>169</ns3:hr>
            <ns3:cad>81</ns3:cad>
          </ns3:TrackPointExtension>
        </extensions>
      </trkpt>
      <trkpt lat="35.5520687811076641082763671875" lon="134.8172743432223796844482421875">
        <ele>6.599999904632568359375</ele>
        <time>2026-08-01T08:59:35.000Z</time>
        <extensions>
          <ns3:TrackPointExtension>
            <ns3:atemp>34.0</ns3:atemp>
            <ns3:hr>169</ns3:hr>
            <ns3:cad>81</ns3:cad>
          </ns3:TrackPointExtension>
        </extensions>
      </trkpt>
      <trkpt lat="35.55204807780683040618896484375" lon="134.81727249920368194580078125">
        <ele>6.599999904632568359375</ele>
        <time>2026-08-01T08:59:36.000Z</time>
        <extensions>
          <ns3:TrackPointExtension>
            <ns3:atemp>34.0</ns3:atemp>
            <ns3:hr>169</ns3:hr>
            <ns3:cad>81</ns3:cad>
          </ns3:TrackPointExtension>
        </extensions>
      </trkpt>
      <trkpt lat="35.55201589129865169525146484375" lon="134.81726889498531818389892578125">
        <ele>6.599999904632568359375</ele>
        <time>2026-08-01T08:59:37.000Z</time>
        <extensions>
          <ns3:TrackPointExtension>
            <ns3:atemp>34.0</ns3:atemp>
            <ns3:hr>170</ns3:hr>
            <ns3:cad>81</ns3:cad>
          </ns3:TrackPointExtension>
        </extensions>
      </trkpt>
      <trkpt lat="35.55198890157043933868408203125" lon="134.81726604513823986053466796875">
        <ele>6.80000019073486328125</ele>
        <time>2026-08-01T08:59:38.000Z</time>
        <extensions>
          <ns3:TrackPointExtension>
            <ns3:atemp>34.0</ns3:atemp>
            <ns3:hr>169</ns3:hr>
            <ns3:cad>81</ns3:cad>
          </ns3:TrackPointExtension>
        </extensions>
      </trkpt>
      <trkpt lat="35.5519641749560832977294921875" lon="134.81726570986211299896240234375">
        <ele>6.80000019073486328125</ele>
        <time>2026-08-01T08:59:39.000Z</time>
        <extensions>
          <ns3:TrackPointExtension>
            <ns3:atemp>34.0</ns3:atemp>
            <ns3:hr>169</ns3:hr>
            <ns3:cad>81</ns3:cad>
          </ns3:TrackPointExtension>
        </extensions>
      </trkpt>
      <trkpt lat="35.551935844123363494873046875" lon="134.8172730021178722381591796875">
        <ele>6.80000019073486328125</ele>
        <time>2026-08-01T08:59:40.000Z</time>
        <extensions>
          <ns3:TrackPointExtension>
            <ns3:atemp>34.0</ns3:atemp>
            <ns3:hr>170</ns3:hr>
            <ns3:cad>82</ns3:cad>
          </ns3:TrackPointExtension>
        </extensions>
      </trkpt>
      <trkpt lat="35.55192016996443271636962890625" lon="134.8172790370881557464599609375">
        <ele>6.80000019073486328125</ele>
        <time>2026-08-01T08:59:41.000Z</time>
        <extensions>
          <ns3:TrackPointExtension>
            <ns3:atemp>34.0</ns3:atemp>
            <ns3:hr>169</ns3:hr>
            <ns3:cad>82</ns3:cad>
          </ns3:TrackPointExtension>
        </extensions>
      </trkpt>
      <trkpt lat="35.55189192295074462890625" lon="134.8172773607075214385986328125">
        <ele>6.80000019073486328125</ele>
        <time>2026-08-01T08:59:42.000Z</time>
        <extensions>
          <ns3:TrackPointExtension>
            <ns3:atemp>34.0</ns3:atemp>
            <ns3:hr>169</ns3:hr>
            <ns3:cad>82</ns3:cad>
          </ns3:TrackPointExtension>
        </extensions>
      </trkpt>
      <trkpt lat="35.55186484940350055694580078125" lon="134.8172753490507602691650390625">
        <ele>6.599999904632568359375</ele>
        <time>2026-08-01T08:59:43.000Z</time>
        <extensions>
          <ns3:TrackPointExtension>
            <ns3:atemp>34.0</ns3:atemp>
            <ns3:hr>169</ns3:hr>
            <ns3:cad>82</ns3:cad>
          </ns3:TrackPointExtension>
        </extensions>
      </trkpt>
      <trkpt lat="35.551843307912349700927734375" lon="134.81727710925042629241943359375">
        <ele>6.599999904632568359375</ele>
        <time>2026-08-01T08:59:44.000Z</time>
        <extensions>
          <ns3:TrackPointExtension>
            <ns3:atemp>34.0</ns3:atemp>
            <ns3:hr>170</ns3:hr>
            <ns3:cad>82</ns3:cad>
          </ns3:TrackPointExtension>
        </extensions>
      </trkpt>
      <trkpt lat="35.551814138889312744140625" lon="134.81727249920368194580078125">
        <ele>6.599999904632568359375</ele>
        <time>2026-08-01T08:59:45.000Z</time>
        <extensions>
          <ns3:TrackPointExtension>
            <ns3:atemp>34.0</ns3:atemp>
            <ns3:hr>169</ns3:hr>
            <ns3:cad>82</ns3:cad>
          </ns3:TrackPointExtension>
        </extensions>
      </trkpt>
      <trkpt lat="35.55179779417812824249267578125" lon="134.81727090664207935333251953125">
        <ele>6.400000095367431640625</ele>
        <time>2026-08-01T08:59:46.000Z</time>
        <extensions>
          <ns3:TrackPointExtension>
            <ns3:atemp>34.0</ns3:atemp>
            <ns3:hr>169</ns3:hr>
            <ns3:cad>82</ns3:cad>
          </ns3:TrackPointExtension>
        </extensions>
      </trkpt>
      <trkpt lat="35.55177281610667705535888671875" lon="134.8172673024237155914306640625">
        <ele>6.400000095367431640625</ele>
        <time>2026-08-01T08:59:47.000Z</time>
        <extensions>
          <ns3:TrackPointExtension>
            <ns3:atemp>34.0</ns3:atemp>
            <ns3:hr>170</ns3:hr>
            <ns3:cad>82</ns3:cad>
          </ns3:TrackPointExtension>
        </extensions>
      </trkpt>
      <trkpt lat="35.55174264125525951385498046875" lon="134.81726537458598613739013671875">
        <ele>6.400000095367431640625</ele>
        <time>2026-08-01T08:59:48.000Z</time>
        <extensions>
          <ns3:TrackPointExtension>
            <ns3:atemp>34.0</ns3:atemp>
            <ns3:hr>170</ns3:hr>
            <ns3:cad>82</ns3:cad>
          </ns3:TrackPointExtension>
        </extensions>
      </trkpt>
      <trkpt lat="35.55172420106828212738037109375" lon="134.81726822443306446075439453125">
        <ele>6.19999980926513671875</ele>
        <time>2026-08-01T08:59:49.000Z</time>
        <extensions>
          <ns3:TrackPointExtension>
            <ns3:atemp>34.0</ns3:atemp>
            <ns3:hr>170</ns3:hr>
            <ns3:cad>82</ns3:cad>
          </ns3:TrackPointExtension>
        </extensions>
      </trkpt>
      <trkpt lat="35.5516949482262134552001953125" lon="134.81726386584341526031494140625">
        <ele>6.19999980926513671875</ele>
        <time>2026-08-01T08:59:50.000Z</time>
        <extensions>
          <ns3:TrackPointExtension>
            <ns3:atemp>34.0</ns3:atemp>
            <ns3:hr>169</ns3:hr>
            <ns3:cad>82</ns3:cad>
          </ns3:TrackPointExtension>
        </extensions>
      </trkpt>
      <trkpt lat="35.55167038924992084503173828125" lon="134.81726311147212982177734375">
        <ele>6.19999980926513671875</ele>
        <time>2026-08-01T08:59:51.000Z</time>
        <extensions>
          <ns3:TrackPointExtension>
            <ns3:atemp>34.0</ns3:atemp>
            <ns3:hr>170</ns3:hr>
            <ns3:cad>82</ns3:cad>
          </ns3:TrackPointExtension>
        </extensions>
      </trkpt>
      <trkpt lat="35.55164717137813568115234375" lon="134.81725967489182949066162109375">
        <ele>6</ele>
        <time>2026-08-01T08:59:52.000Z</time>
        <extensions>
          <ns3:TrackPointExtension>
            <ns3:atemp>34.0</ns3:atemp>
            <ns3:hr>169</ns3:hr>
            <ns3:cad>82</ns3:cad>
          </ns3:TrackPointExtension>
        </extensions>
      </trkpt>
      <trkpt lat="35.55162730626761913299560546875" lon="134.8172562383115291595458984375">
        <ele>6</ele>
        <time>2026-08-01T08:59:53.000Z</time>
        <extensions>
          <ns3:TrackPointExtension>
            <ns3:atemp>34.0</ns3:atemp>
            <ns3:hr>169</ns3:hr>
            <ns3:cad>82</ns3:cad>
          </ns3:TrackPointExtension>
        </extensions>
      </trkpt>
      <trkpt lat="35.5516151525080204010009765625" lon="134.81725380755960941314697265625">
        <ele>6</ele>
        <time>2026-08-01T08:59:54.000Z</time>
        <extensions>
          <ns3:TrackPointExtension>
            <ns3:atemp>34.0</ns3:atemp>
            <ns3:hr>169</ns3:hr>
            <ns3:cad>82</ns3:cad>
          </ns3:TrackPointExtension>
        </extensions>
      </trkpt>
      <trkpt lat="35.5515928566455841064453125" lon="134.817254729568958282470703125">
        <ele>6</ele>
        <time>2026-08-01T08:59:55.000Z</time>
        <extensions>
          <ns3:TrackPointExtension>
            <ns3:atemp>34.0</ns3:atemp>
            <ns3:hr>170</ns3:hr>
            <ns3:cad>82</ns3:cad>
          </ns3:TrackPointExtension>
        </extensions>
      </trkpt>
      <trkpt lat="35.55156662128865718841552734375" lon="134.81725280173122882843017578125">
        <ele>6</ele>
        <time>2026-08-01T08:59:56.000Z</time>
        <extensions>
          <ns3:TrackPointExtension>
            <ns3:atemp>34.0</ns3:atemp>
            <ns3:hr>169</ns3:hr>
            <ns3:cad>82</ns3:cad>
          </ns3:TrackPointExtension>
        </extensions>
      </trkpt>
      <trkpt lat="35.55154466070234775543212890625" lon="134.8172589205205440521240234375">
        <ele>6</ele>
        <time>2026-08-01T08:59:57.000Z</time>
        <extensions>
          <ns3:TrackPointExtension>
            <ns3:atemp>34.0</ns3:atemp>
            <ns3:hr>169</ns3:hr>
            <ns3:cad>83</ns3:cad>
          </ns3:TrackPointExtension>
        </extensions>
      </trkpt>
      <trkpt lat="35.55151482112705707550048828125" lon="134.8172619380056858062744140625">
        <ele>6</ele>
        <time>2026-08-01T08:59:58.000Z</time>
        <extensions>
          <ns3:TrackPointExtension>
            <ns3:atemp>34.0</ns3:atemp>
            <ns3:hr>169</ns3:hr>
            <ns3:cad>83</ns3:cad>
          </ns3:TrackPointExtension>
        </extensions>
      </trkpt>
      <trkpt lat="35.5514820478856563568115234375" lon="134.81726956553757190704345703125">
        <ele>6</ele>
        <time>2026-08-01T08:59:59.000Z</time>
        <extensions>
          <ns3:TrackPointExtension>
            <ns3:atemp>34.0</ns3:atemp>
            <ns3:hr>169</ns3:hr>
            <ns3:cad>83</ns3:cad>
          </ns3:TrackPointExtension>
        </extensions>
      </trkpt>
      <trkpt lat="35.55145950056612491607666015625" lon="134.81727459467947483062744140625">
        <ele>6.19999980926513671875</ele>
        <time>2026-08-01T09:00:00.000Z</time>
        <extensions>
          <ns3:TrackPointExtension>
            <ns3:atemp>34.0</ns3:atemp>
            <ns3:hr>169</ns3:hr>
            <ns3:cad>82</ns3:cad>
          </ns3:TrackPointExtension>
        </extensions>
      </trkpt>
      <trkpt lat="35.5514317564666271209716796875" lon="134.81727761216461658477783203125">
        <ele>6.19999980926513671875</ele>
        <time>2026-08-01T09:00:01.000Z</time>
        <extensions>
          <ns3:TrackPointExtension>
            <ns3:atemp>34.0</ns3:atemp>
            <ns3:hr>169</ns3:hr>
            <ns3:cad>82</ns3:cad>
          </ns3:TrackPointExtension>
        </extensions>
      </trkpt>
      <trkpt lat="35.5514039285480976104736328125" lon="134.8172770254313945770263671875">
        <ele>6.19999980926513671875</ele>
        <time>2026-08-01T09:00:02.000Z</time>
        <extensions>
          <ns3:TrackPointExtension>
            <ns3:atemp>34.0</ns3:atemp>
            <ns3:hr>169</ns3:hr>
            <ns3:cad>82</ns3:cad>
          </ns3:TrackPointExtension>
        </extensions>
      </trkpt>
      <trkpt lat="35.55138339288532733917236328125" lon="134.8172830604016780853271484375">
        <ele>6.19999980926513671875</ele>
        <time>2026-08-01T09:00:03.000Z</time>
        <extensions>
          <ns3:TrackPointExtension>
            <ns3:atemp>34.0</ns3:atemp>
            <ns3:hr>169</ns3:hr>
            <ns3:cad>82</ns3:cad>
          </ns3:TrackPointExtension>
        </extensions>
      </trkpt>
      <trkpt lat="35.551354475319385528564453125" lon="134.81728012673556804656982421875">
        <ele>6.19999980926513671875</ele>
        <time>2026-08-01T09:00:04.000Z</time>
        <extensions>
          <ns3:TrackPointExtension>
            <ns3:atemp>34.0</ns3:atemp>
            <ns3:hr>169</ns3:hr>
            <ns3:cad>82</ns3:cad>
          </ns3:TrackPointExtension>
        </extensions>
      </trkpt>
      <trkpt lat="35.55133243091404438018798828125" lon="134.81728322803974151611328125">
        <ele>6.400000095367431640625</ele>
        <time>2026-08-01T09:00:05.000Z</time>
        <extensions>
          <ns3:TrackPointExtension>
            <ns3:atemp>34.0</ns3:atemp>
            <ns3:hr>169</ns3:hr>
            <ns3:cad>82</ns3:cad>
          </ns3:TrackPointExtension>
        </extensions>
      </trkpt>
      <trkpt lat="35.5513080395758152008056640625" lon="134.81728381477296352386474609375">
        <ele>6.400000095367431640625</ele>
        <time>2026-08-01T09:00:06.000Z</time>
        <extensions>
          <ns3:TrackPointExtension>
            <ns3:atemp>34.0</ns3:atemp>
            <ns3:hr>169</ns3:hr>
            <ns3:cad>81</ns3:cad>
          </ns3:TrackPointExtension>
        </extensions>
      </trkpt>
      <trkpt lat="35.5512795411050319671630859375" lon="134.817280881106853485107421875">
        <ele>6.400000095367431640625</ele>
        <time>2026-08-01T09:00:07.000Z</time>
        <extensions>
          <ns3:TrackPointExtension>
            <ns3:atemp>34.0</ns3:atemp>
            <ns3:hr>168</ns3:hr>
            <ns3:cad>81</ns3:cad>
          </ns3:TrackPointExtension>
        </extensions>
      </trkpt>
      <trkpt lat="35.551261268556118011474609375" lon="134.8172857426106929779052734375">
        <ele>6.400000095367431640625</ele>
        <time>2026-08-01T09:00:08.000Z</time>
        <extensions>
          <ns3:TrackPointExtension>
            <ns3:atemp>34.0</ns3:atemp>
            <ns3:hr>168</ns3:hr>
            <ns3:cad>81</ns3:cad>
          </ns3:TrackPointExtension>
        </extensions>
      </trkpt>
      <trkpt lat="35.551236458122730255126953125" lon="134.81728247366845607757568359375">
        <ele>6.400000095367431640625</ele>
        <time>2026-08-01T09:00:09.000Z</time>
        <extensions>
          <ns3:TrackPointExtension>
            <ns3:atemp>34.0</ns3:atemp>
            <ns3:hr>168</ns3:hr>
            <ns3:cad>82</ns3:cad>
          </ns3:TrackPointExtension>
        </extensions>
      </trkpt>
      <trkpt lat="35.5512165091931819915771484375" lon="134.81728381477296352386474609375">
        <ele>6.400000095367431640625</ele>
        <time>2026-08-01T09:00:10.000Z</time>
        <extensions>
          <ns3:TrackPointExtension>
            <ns3:atemp>34.0</ns3:atemp>
            <ns3:hr>168</ns3:hr>
            <ns3:cad>82</ns3:cad>
          </ns3:TrackPointExtension>
        </extensions>
      </trkpt>
      <trkpt lat="35.551198236644268035888671875" lon="134.817285239696502685546875">
        <ele>6.599999904632568359375</ele>
        <time>2026-08-01T09:00:11.000Z</time>
        <extensions>
          <ns3:TrackPointExtension>
            <ns3:atemp>34.0</ns3:atemp>
            <ns3:hr>168</ns3:hr>
            <ns3:cad>81</ns3:cad>
          </ns3:TrackPointExtension>
        </extensions>
      </trkpt>
      <trkpt lat="35.551170408725738525390625" lon="134.81728666462004184722900390625">
        <ele>6.599999904632568359375</ele>
        <time>2026-08-01T09:00:12.000Z</time>
        <extensions>
          <ns3:TrackPointExtension>
            <ns3:atemp>34.0</ns3:atemp>
            <ns3:hr>168</ns3:hr>
            <ns3:cad>81</ns3:cad>
          </ns3:TrackPointExtension>
        </extensions>
      </trkpt>
      <trkpt lat="35.5511514656245708465576171875" lon="134.8172785341739654541015625">
        <ele>6.599999904632568359375</ele>
        <time>2026-08-01T09:00:13.000Z</time>
        <extensions>
          <ns3:TrackPointExtension>
            <ns3:atemp>34.0</ns3:atemp>
            <ns3:hr>168</ns3:hr>
            <ns3:cad>81</ns3:cad>
          </ns3:TrackPointExtension>
        </extensions>
      </trkpt>
      <trkpt lat="35.55113009177148342132568359375" lon="134.81727811507880687713623046875">
        <ele>6.599999904632568359375</ele>
        <time>2026-08-01T09:00:14.000Z</time>
        <extensions>
          <ns3:TrackPointExtension>
            <ns3:atemp>34.0</ns3:atemp>
            <ns3:hr>167</ns3:hr>
            <ns3:cad>81</ns3:cad>
          </ns3:TrackPointExtension>
        </extensions>
      </trkpt>
      <trkpt lat="35.5511008389294147491455078125" lon="134.81727710925042629241943359375">
        <ele>6.599999904632568359375</ele>
        <time>2026-08-01T09:00:15.000Z</time>
        <extensions>
          <ns3:TrackPointExtension>
            <ns3:atemp>34.0</ns3:atemp>
            <ns3:hr>168</ns3:hr>
            <ns3:cad>81</ns3:cad>
          </ns3:TrackPointExtension>
        </extensions>
      </trkpt>
      <trkpt lat="35.551080889999866485595703125" lon="134.81727811507880687713623046875">
        <ele>6.599999904632568359375</ele>
        <time>2026-08-01T09:00:16.000Z</time>
        <extensions>
          <ns3:TrackPointExtension>
            <ns3:atemp>34.0</ns3:atemp>
            <ns3:hr>168</ns3:hr>
            <ns3:cad>81</ns3:cad>
          </ns3:TrackPointExtension>
        </extensions>
      </trkpt>
      <trkpt lat="35.5510549061000347137451171875" lon="134.8172771930694580078125">
        <ele>6.599999904632568359375</ele>
        <time>2026-08-01T09:00:17.000Z</time>
        <extensions>
          <ns3:TrackPointExtension>
            <ns3:atemp>34.0</ns3:atemp>
            <ns3:hr>168</ns3:hr>
            <ns3:cad>82</ns3:cad>
          </ns3:TrackPointExtension>
        </extensions>
      </trkpt>
      <trkpt lat="35.55102984420955181121826171875" lon="134.81726973317563533782958984375">
        <ele>6.400000095367431640625</ele>
        <time>2026-08-01T09:00:18.000Z</time>
        <extensions>
          <ns3:TrackPointExtension>
            <ns3:atemp>34.0</ns3:atemp>
            <ns3:hr>168</ns3:hr>
            <ns3:cad>82</ns3:cad>
          </ns3:TrackPointExtension>
        </extensions>
      </trkpt>
      <trkpt lat="35.5510093085467815399169921875" lon="134.8172699846327304840087890625">
        <ele>6.400000095367431640625</ele>
        <time>2026-08-01T09:00:19.000Z</time>
        <extensions>
          <ns3:TrackPointExtension>
            <ns3:atemp>34.0</ns3:atemp>
            <ns3:hr>168</ns3:hr>
            <ns3:cad>81</ns3:cad>
          </ns3:TrackPointExtension>
        </extensions>
      </trkpt>
      <trkpt lat="35.5509777925908565521240234375" lon="134.81726713478565216064453125">
        <ele>6.599999904632568359375</ele>
        <time>2026-08-01T09:00:20.000Z</time>
        <extensions>
          <ns3:TrackPointExtension>
            <ns3:atemp>34.0</ns3:atemp>
            <ns3:hr>168</ns3:hr>
            <ns3:cad>81</ns3:cad>
          </ns3:TrackPointExtension>
        </extensions>
      </trkpt>
      <trkpt lat="35.55094971321523189544677734375" lon="134.81726269237697124481201171875">
        <ele>6.599999904632568359375</ele>
        <time>2026-08-01T09:00:21.000Z</time>
        <extensions>
          <ns3:TrackPointExtension>
            <ns3:atemp>34.0</ns3:atemp>
            <ns3:hr>168</ns3:hr>
            <ns3:cad>81</ns3:cad>
          </ns3:TrackPointExtension>
        </extensions>
      </trkpt>
      <trkpt lat="35.55092490278184413909912109375" lon="134.81726738624274730682373046875">
        <ele>6.80000019073486328125</ele>
        <time>2026-08-01T09:00:22.000Z</time>
        <extensions>
          <ns3:TrackPointExtension>
            <ns3:atemp>34.0</ns3:atemp>
            <ns3:hr>169</ns3:hr>
            <ns3:cad>82</ns3:cad>
          </ns3:TrackPointExtension>
        </extensions>
      </trkpt>
      <trkpt lat="35.550896488130092620849609375" lon="134.8172706551849842071533203125">
        <ele>6.80000019073486328125</ele>
        <time>2026-08-01T09:00:23.000Z</time>
        <extensions>
          <ns3:TrackPointExtension>
            <ns3:atemp>34.0</ns3:atemp>
            <ns3:hr>168</ns3:hr>
            <ns3:cad>82</ns3:cad>
          </ns3:TrackPointExtension>
        </extensions>
      </trkpt>
      <trkpt lat="35.55087863467633724212646484375" lon="134.81727115809917449951171875">
        <ele>6.80000019073486328125</ele>
        <time>2026-08-01T09:00:24.000Z</time>
        <extensions>
          <ns3:TrackPointExtension>
            <ns3:atemp>34.0</ns3:atemp>
            <ns3:hr>168</ns3:hr>
            <ns3:cad>82</ns3:cad>
          </ns3:TrackPointExtension>
        </extensions>
      </trkpt>
      <trkpt lat="35.550852902233600616455078125" lon="134.81726889498531818389892578125">
        <ele>6.599999904632568359375</ele>
        <time>2026-08-01T09:00:25.000Z</time>
        <extensions>
          <ns3:TrackPointExtension>
            <ns3:atemp>34.0</ns3:atemp>
            <ns3:hr>169</ns3:hr>
            <ns3:cad>82</ns3:cad>
          </ns3:TrackPointExtension>
        </extensions>
      </trkpt>
      <trkpt lat="35.5508299358189105987548828125" lon="134.81726713478565216064453125">
        <ele>6.599999904632568359375</ele>
        <time>2026-08-01T09:00:26.000Z</time>
        <extensions>
          <ns3:TrackPointExtension>
            <ns3:atemp>34.0</ns3:atemp>
            <ns3:hr>168</ns3:hr>
            <ns3:cad>81</ns3:cad>
          </ns3:TrackPointExtension>
        </extensions>
      </trkpt>
      <trkpt lat="35.55081308819353580474853515625" lon="134.8172673024237155914306640625">
        <ele>6.599999904632568359375</ele>
        <time>2026-08-01T09:00:27.000Z</time>
        <extensions>
          <ns3:TrackPointExtension>
            <ns3:atemp>34.0</ns3:atemp>
            <ns3:hr>168</ns3:hr>
            <ns3:cad>81</ns3:cad>
          </ns3:TrackPointExtension>
        </extensions>
      </trkpt>
      <trkpt lat="35.5507846735417842864990234375" lon="134.81725967489182949066162109375">
        <ele>6.599999904632568359375</ele>
        <time>2026-08-01T09:00:28.000Z</time>
        <extensions>
          <ns3:TrackPointExtension>
            <ns3:atemp>34.0</ns3:atemp>
            <ns3:hr>169</ns3:hr>
            <ns3:cad>81</ns3:cad>
          </ns3:TrackPointExtension>
        </extensions>
      </trkpt>
      <trkpt lat="35.55076279677450656890869140625" lon="134.817258082330226898193359375">
        <ele>6.400000095367431640625</ele>
        <time>2026-08-01T09:00:29.000Z</time>
        <extensions>
          <ns3:TrackPointExtension>
            <ns3:atemp>34.0</ns3:atemp>
            <ns3:hr>169</ns3:hr>
            <ns3:cad>82</ns3:cad>
          </ns3:TrackPointExtension>
        </extensions>
      </trkpt>
      <trkpt lat="35.55074184201657772064208984375" lon="134.81725984252989292144775390625">
        <ele>6.400000095367431640625</ele>
        <time>2026-08-01T09:00:30.000Z</time>
        <extensions>
          <ns3:TrackPointExtension>
            <ns3:atemp>34.0</ns3:atemp>
            <ns3:hr>169</ns3:hr>
            <ns3:cad>82</ns3:cad>
          </ns3:TrackPointExtension>
        </extensions>
      </trkpt>
      <trkpt lat="35.5507152713835239410400390625" lon="134.817260093986988067626953125">
        <ele>6.400000095367431640625</ele>
        <time>2026-08-01T09:00:31.000Z</time>
        <extensions>
          <ns3:TrackPointExtension>
            <ns3:atemp>34.0</ns3:atemp>
            <ns3:hr>169</ns3:hr>
            <ns3:cad>82</ns3:cad>
          </ns3:TrackPointExtension>
        </extensions>
      </trkpt>
      <trkpt lat="35.55069942958652973175048828125" lon="134.81726319529116153717041015625">
        <ele>6.400000095367431640625</ele>
        <time>2026-08-01T09:00:32.000Z</time>
        <extensions>
          <ns3:TrackPointExtension>
            <ns3:atemp>34.0</ns3:atemp>
            <ns3:hr>169</ns3:hr>
            <ns3:cad>82</ns3:cad>
          </ns3:TrackPointExtension>
        </extensions>
      </trkpt>
      <trkpt lat="35.55067143402993679046630859375" lon="134.81726202182471752166748046875">
        <ele>6.400000095367431640625</ele>
        <time>2026-08-01T09:00:33.000Z</time>
        <extensions>
          <ns3:TrackPointExtension>
            <ns3:atemp>34.0</ns3:atemp>
            <ns3:hr>170</ns3:hr>
            <ns3:cad>82</ns3:cad>
          </ns3:TrackPointExtension>
        </extensions>
      </trkpt>
      <trkpt lat="35.5506465397775173187255859375" lon="134.8172592557966709136962890625">
        <ele>6.400000095367431640625</ele>
        <time>2026-08-01T09:00:34.000Z</time>
        <extensions>
          <ns3:TrackPointExtension>
            <ns3:atemp>34.0</ns3:atemp>
            <ns3:hr>170</ns3:hr>
            <ns3:cad>82</ns3:cad>
          </ns3:TrackPointExtension>
        </extensions>
      </trkpt>
      <trkpt lat="35.5506294406950473785400390625" lon="134.817262105643749237060546875">
        <ele>6.400000095367431640625</ele>
        <time>2026-08-01T09:00:35.000Z</time>
        <extensions>
          <ns3:TrackPointExtension>
            <ns3:atemp>34.0</ns3:atemp>
            <ns3:hr>169</ns3:hr>
            <ns3:cad>82</ns3:cad>
          </ns3:TrackPointExtension>
        </extensions>
      </trkpt>
      <trkpt lat="35.550602115690708160400390625" lon="134.81726109981536865234375">
        <ele>6.400000095367431640625</ele>
        <time>2026-08-01T09:00:36.000Z</time>
        <extensions>
          <ns3:TrackPointExtension>
            <ns3:atemp>34.0</ns3:atemp>
            <ns3:hr>169</ns3:hr>
            <ns3:cad>82</ns3:cad>
          </ns3:TrackPointExtension>
        </extensions>
      </trkpt>
      <trkpt lat="35.55058090947568416595458984375" lon="134.81725783087313175201416015625">
        <ele>6.400000095367431640625</ele>
        <time>2026-08-01T09:00:37.000Z</time>
        <extensions>
          <ns3:TrackPointExtension>
            <ns3:atemp>34.0</ns3:atemp>
            <ns3:hr>169</ns3:hr>
            <ns3:cad>82</ns3:cad>
          </ns3:TrackPointExtension>
        </extensions>
      </trkpt>
      <trkpt lat="35.55055844597518444061279296875" lon="134.8172624409198760986328125">
        <ele>6.400000095367431640625</ele>
        <time>2026-08-01T09:00:38.000Z</time>
        <extensions>
          <ns3:TrackPointExtension>
            <ns3:atemp>34.0</ns3:atemp>
            <ns3:hr>170</ns3:hr>
            <ns3:cad>82</ns3:cad>
          </ns3:TrackPointExtension>
        </extensions>
      </trkpt>
      <trkpt lat="35.55052609182894229888916015625" lon="134.81725850142538547515869140625">
        <ele>6.400000095367431640625</ele>
        <time>2026-08-01T09:00:39.000Z</time>
        <extensions>
          <ns3:TrackPointExtension>
            <ns3:atemp>34.0</ns3:atemp>
            <ns3:hr>169</ns3:hr>
            <ns3:cad>82</ns3:cad>
          </ns3:TrackPointExtension>
        </extensions>
      </trkpt>
      <trkpt lat="35.5505067296326160430908203125" lon="134.817256070673465728759765625">
        <ele>6.400000095367431640625</ele>
        <time>2026-08-01T09:00:40.000Z</time>
        <extensions>
          <ns3:TrackPointExtension>
            <ns3:atemp>34.0</ns3:atemp>
            <ns3:hr>169</ns3:hr>
            <ns3:cad>82</ns3:cad>
          </ns3:TrackPointExtension>
        </extensions>
      </trkpt>
      <trkpt lat="35.55047781206667423248291015625" lon="134.8172538913786411285400390625">
        <ele>6.400000095367431640625</ele>
        <time>2026-08-01T09:00:41.000Z</time>
        <extensions>
          <ns3:TrackPointExtension>
            <ns3:atemp>34.0</ns3:atemp>
            <ns3:hr>169</ns3:hr>
            <ns3:cad>82</ns3:cad>
          </ns3:TrackPointExtension>
        </extensions>
      </trkpt>
      <trkpt lat="35.55044822394847869873046875" lon="134.81725598685443401336669921875">
        <ele>6.400000095367431640625</ele>
        <time>2026-08-01T09:00:42.000Z</time>
        <extensions>
          <ns3:TrackPointExtension>
            <ns3:atemp>34.0</ns3:atemp>
            <ns3:hr>170</ns3:hr>
            <ns3:cad>81</ns3:cad>
          </ns3:TrackPointExtension>
        </extensions>
      </trkpt>
      <trkpt lat="35.55042810738086700439453125" lon="134.81725531630218029022216796875">
        <ele>6.400000095367431640625</ele>
        <time>2026-08-01T09:00:43.000Z</time>
        <extensions>
          <ns3:TrackPointExtension>
            <ns3:atemp>34.0</ns3:atemp>
            <ns3:hr>170</ns3:hr>
            <ns3:cad>82</ns3:cad>
          </ns3:TrackPointExtension>
        </extensions>
      </trkpt>
      <trkpt lat="35.5504014529287815093994140625" lon="134.81725397519767284393310546875">
        <ele>6.400000095367431640625</ele>
        <time>2026-08-01T09:00:44.000Z</time>
        <extensions>
          <ns3:TrackPointExtension>
            <ns3:atemp>34.0</ns3:atemp>
            <ns3:hr>170</ns3:hr>
            <ns3:cad>82</ns3:cad>
          </ns3:TrackPointExtension>
        </extensions>
      </trkpt>
      <trkpt lat="35.5503751337528228759765625" lon="134.817250706255435943603515625">
        <ele>6.400000095367431640625</ele>
        <time>2026-08-01T09:00:45.000Z</time>
        <extensions>
          <ns3:TrackPointExtension>
            <ns3:atemp>34.0</ns3:atemp>
            <ns3:hr>169</ns3:hr>
            <ns3:cad>82</ns3:cad>
          </ns3:TrackPointExtension>
        </extensions>
      </trkpt>
      <trkpt lat="35.55035627447068691253662109375" lon="134.8172495327889919281005859375">
        <ele>6.400000095367431640625</ele>
        <time>2026-08-01T09:00:46.000Z</time>
        <extensions>
          <ns3:TrackPointExtension>
            <ns3:atemp>34.0</ns3:atemp>
            <ns3:hr>169</ns3:hr>
            <ns3:cad>82</ns3:cad>
          </ns3:TrackPointExtension>
        </extensions>
      </trkpt>
      <trkpt lat="35.5503297038376331329345703125" lon="134.81725833378732204437255859375">
        <ele>6.400000095367431640625</ele>
        <time>2026-08-01T09:00:47.000Z</time>
        <extensions>
          <ns3:TrackPointExtension>
            <ns3:atemp>34.0</ns3:atemp>
            <ns3:hr>169</ns3:hr>
            <ns3:cad>82</ns3:cad>
          </ns3:TrackPointExtension>
        </extensions>
      </trkpt>
      <trkpt lat="35.55031470023095607757568359375" lon="134.8172597587108612060546875">
        <ele>6.400000095367431640625</ele>
        <time>2026-08-01T09:00:48.000Z</time>
        <extensions>
          <ns3:TrackPointExtension>
            <ns3:atemp>34.0</ns3:atemp>
            <ns3:hr>168</ns3:hr>
            <ns3:cad>82</ns3:cad>
          </ns3:TrackPointExtension>
        </extensions>
      </trkpt>
      <trkpt lat="35.55029190145432949066162109375" lon="134.8172656260430812835693359375">
        <ele>6.400000095367431640625</ele>
        <time>2026-08-01T09:00:49.000Z</time>
        <extensions>
          <ns3:TrackPointExtension>
            <ns3:atemp>34.0</ns3:atemp>
            <ns3:hr>168</ns3:hr>
            <ns3:cad>82</ns3:cad>
          </ns3:TrackPointExtension>
        </extensions>
      </trkpt>
      <trkpt lat="35.5502670072019100189208984375" lon="134.81727375648915767669677734375">
        <ele>6.400000095367431640625</ele>
        <time>2026-08-01T09:00:50.000Z</time>
        <extensions>
          <ns3:TrackPointExtension>
            <ns3:atemp>34.0</ns3:atemp>
            <ns3:hr>168</ns3:hr>
            <ns3:cad>82</ns3:cad>
          </ns3:TrackPointExtension>
        </extensions>
      </trkpt>
      <trkpt lat="35.55024814791977405548095703125" lon="134.81727409176528453826904296875">
        <ele>6.400000095367431640625</ele>
        <time>2026-08-01T09:00:51.000Z</time>
        <extensions>
          <ns3:TrackPointExtension>
            <ns3:atemp>34.0</ns3:atemp>
            <ns3:hr>168</ns3:hr>
            <ns3:cad>81</ns3:cad>
          </ns3:TrackPointExtension>
        </extensions>
      </trkpt>
      <trkpt lat="35.55022451095283031463623046875" lon="134.81726671569049358367919921875">
        <ele>6.400000095367431640625</ele>
        <time>2026-08-01T09:00:52.000Z</time>
        <extensions>
          <ns3:TrackPointExtension>
            <ns3:atemp>34.0</ns3:atemp>
            <ns3:hr>168</ns3:hr>
            <ns3:cad>82</ns3:cad>
          </ns3:TrackPointExtension>
        </extensions>
      </trkpt>
      <trkpt lat="35.5501989461481571197509765625" lon="134.81726218946278095245361328125">
        <ele>6.400000095367431640625</ele>
        <time>2026-08-01T09:00:53.000Z</time>
        <extensions>
          <ns3:TrackPointExtension>
            <ns3:atemp>34.0</ns3:atemp>
            <ns3:hr>169</ns3:hr>
            <ns3:cad>82</ns3:cad>
          </ns3:TrackPointExtension>
        </extensions>
      </trkpt>
      <trkpt lat="35.55017941631376743316650390625" lon="134.8172659613192081451416015625">
        <ele>6.400000095367431640625</ele>
        <time>2026-08-01T09:00:54.000Z</time>
        <extensions>
          <ns3:TrackPointExtension>
            <ns3:atemp>34.0</ns3:atemp>
            <ns3:hr>169</ns3:hr>
            <ns3:cad>82</ns3:cad>
          </ns3:TrackPointExtension>
        </extensions>
      </trkpt>
      <trkpt lat="35.55014940910041332244873046875" lon="134.81726570986211299896240234375">
        <ele>6.400000095367431640625</ele>
        <time>2026-08-01T09:00:55.000Z</time>
        <extensions>
          <ns3:TrackPointExtension>
            <ns3:atemp>34.0</ns3:atemp>
            <ns3:hr>169</ns3:hr>
            <ns3:cad>81</ns3:cad>
          </ns3:TrackPointExtension>
        </extensions>
      </trkpt>
      <trkpt lat="35.55012878961861133575439453125" lon="134.8172589205205440521240234375">
        <ele>6.19999980926513671875</ele>
        <time>2026-08-01T09:00:56.000Z</time>
        <extensions>
          <ns3:TrackPointExtension>
            <ns3:atemp>34.0</ns3:atemp>
            <ns3:hr>168</ns3:hr>
            <ns3:cad>81</ns3:cad>
          </ns3:TrackPointExtension>
        </extensions>
      </trkpt>
      <trkpt lat="35.5501047335565090179443359375" lon="134.81726051308214664459228515625">
        <ele>6.400000095367431640625</ele>
        <time>2026-08-01T09:00:57.000Z</time>
        <extensions>
          <ns3:TrackPointExtension>
            <ns3:atemp>34.0</ns3:atemp>
            <ns3:hr>168</ns3:hr>
            <ns3:cad>81</ns3:cad>
          </ns3:TrackPointExtension>
        </extensions>
      </trkpt>
      <trkpt lat="35.55007539689540863037109375" lon="134.817263446748256683349609375">
        <ele>6.400000095367431640625</ele>
        <time>2026-08-01T09:00:58.000Z</time>
        <extensions>
          <ns3:TrackPointExtension>
            <ns3:atemp>34.0</ns3:atemp>
            <ns3:hr>168</ns3:hr>
            <ns3:cad>83</ns3:cad>
          </ns3:TrackPointExtension>
        </extensions>
      </trkpt>
      <trkpt lat="35.5500621534883975982666015625" lon="134.81726713478565216064453125">
        <ele>6.400000095367431640625</ele>
        <time>2026-08-01T09:00:59.000Z</time>
        <extensions>
          <ns3:TrackPointExtension>
            <ns3:atemp>34.0</ns3:atemp>
            <ns3:hr>168</ns3:hr>
            <ns3:cad>83</ns3:cad>
          </ns3:TrackPointExtension>
        </extensions>
      </trkpt>
      <trkpt lat="35.55003524757921695709228515625" lon="134.81726520694792270660400390625">
        <ele>6.19999980926513671875</ele>
        <time>2026-08-01T09:01:00.000Z</time>
        <extensions>
          <ns3:TrackPointExtension>
            <ns3:atemp>34.0</ns3:atemp>
            <ns3:hr>168</ns3:hr>
            <ns3:cad>83</ns3:cad>
          </ns3:TrackPointExtension>
        </extensions>
      </trkpt>
      <trkpt lat="35.55000741966068744659423828125" lon="134.81726353056728839874267578125">
        <ele>6.19999980926513671875</ele>
        <time>2026-08-01T09:01:01.000Z</time>
        <extensions>
          <ns3:TrackPointExtension>
            <ns3:atemp>34.0</ns3:atemp>
            <ns3:hr>168</ns3:hr>
            <ns3:cad>82</ns3:cad>
          </ns3:TrackPointExtension>
        </extensions>
      </trkpt>
      <trkpt lat="35.5499900691211223602294921875" lon="134.81726923026144504547119140625">
        <ele>6.19999980926513671875</ele>
        <time>2026-08-01T09:01:02.000Z</time>
        <extensions>
          <ns3:TrackPointExtension>
            <ns3:atemp>34.0</ns3:atemp>
            <ns3:hr>168</ns3:hr>
            <ns3:cad>82</ns3:cad>
          </ns3:TrackPointExtension>
        </extensions>
      </trkpt>
      <trkpt lat="35.54996274411678314208984375" lon="134.81726990081369876861572265625">
        <ele>6.19999980926513671875</ele>
        <time>2026-08-01T09:01:03.000Z</time>
        <extensions>
          <ns3:TrackPointExtension>
            <ns3:atemp>34.0</ns3:atemp>
            <ns3:hr>168</ns3:hr>
            <ns3:cad>82</ns3:cad>
          </ns3:TrackPointExtension>
        </extensions>
      </trkpt>
      <trkpt lat="35.54994103498756885528564453125" lon="134.81726436875760555267333984375">
        <ele>6.19999980926513671875</ele>
        <time>2026-08-01T09:01:04.000Z</time>
        <extensions>
          <ns3:TrackPointExtension>
            <ns3:atemp>34.0</ns3:atemp>
            <ns3:hr>168</ns3:hr>
            <ns3:cad>82</ns3:cad>
          </ns3:TrackPointExtension>
        </extensions>
      </trkpt>
      <trkpt lat="35.54991982877254486083984375" lon="134.81726822443306446075439453125">
        <ele>6.19999980926513671875</ele>
        <time>2026-08-01T09:01:05.000Z</time>
        <extensions>
          <ns3:TrackPointExtension>
            <ns3:atemp>34.0</ns3:atemp>
            <ns3:hr>167</ns3:hr>
            <ns3:cad>82</ns3:cad>
          </ns3:TrackPointExtension>
        </extensions>
      </trkpt>
      <trkpt lat="35.549888648092746734619140625" lon="134.8172693140804767608642578125">
        <ele>6.400000095367431640625</ele>
        <time>2026-08-01T09:01:06.000Z</time>
        <extensions>
          <ns3:TrackPointExtension>
            <ns3:atemp>34.0</ns3:atemp>
            <ns3:hr>167</ns3:hr>
            <ns3:cad>81</ns3:cad>
          </ns3:TrackPointExtension>
        </extensions>
      </trkpt>
      <trkpt lat="35.54986945353448390960693359375" lon="134.817270152270793914794921875">
        <ele>6.400000095367431640625</ele>
        <time>2026-08-01T09:01:07.000Z</time>
        <extensions>
          <ns3:TrackPointExtension>
            <ns3:atemp>34.0</ns3:atemp>
            <ns3:hr>167</ns3:hr>
            <ns3:cad>81</ns3:cad>
          </ns3:TrackPointExtension>
        </extensions>
      </trkpt>
      <trkpt lat="35.5498462356626987457275390625" lon="134.8172679729759693145751953125">
        <ele>6.400000095367431640625</ele>
        <time>2026-08-01T09:01:08.000Z</time>
        <extensions>
          <ns3:TrackPointExtension>
            <ns3:atemp>34.0</ns3:atemp>
            <ns3:hr>167</ns3:hr>
            <ns3:cad>82</ns3:cad>
          </ns3:TrackPointExtension>
        </extensions>
      </trkpt>
      <trkpt lat="35.54981865920126438140869140625" lon="134.8172659613192081451416015625">
        <ele>6.400000095367431640625</ele>
        <time>2026-08-01T09:01:09.000Z</time>
        <extensions>
          <ns3:TrackPointExtension>
            <ns3:atemp>34.0</ns3:atemp>
            <ns3:hr>167</ns3:hr>
            <ns3:cad>83</ns3:cad>
          </ns3:TrackPointExtension>
        </extensions>
      </trkpt>
      <trkpt lat="35.54980139248073101043701171875" lon="134.8172726668417453765869140625">
        <ele>6.400000095367431640625</ele>
        <time>2026-08-01T09:01:10.000Z</time>
        <extensions>
          <ns3:TrackPointExtension>
            <ns3:atemp>34.0</ns3:atemp>
            <ns3:hr>168</ns3:hr>
            <ns3:cad>83</ns3:cad>
          </ns3:TrackPointExtension>
        </extensions>
      </trkpt>
      <trkpt lat="35.54977230727672576904296875" lon="134.8172750137746334075927734375">
        <ele>6.400000095367431640625</ele>
        <time>2026-08-01T09:01:11.000Z</time>
        <extensions>
          <ns3:TrackPointExtension>
            <ns3:atemp>34.0</ns3:atemp>
            <ns3:hr>168</ns3:hr>
            <ns3:cad>82</ns3:cad>
          </ns3:TrackPointExtension>
        </extensions>
      </trkpt>
      <trkpt lat="35.5497526936233043670654296875" lon="134.81727157719433307647705078125">
        <ele>6.400000095367431640625</ele>
        <time>2026-08-01T09:01:12.000Z</time>
        <extensions>
          <ns3:TrackPointExtension>
            <ns3:atemp>34.0</ns3:atemp>
            <ns3:hr>168</ns3:hr>
            <ns3:cad>82</ns3:cad>
          </ns3:TrackPointExtension>
        </extensions>
      </trkpt>
      <trkpt lat="35.54973131977021694183349609375" lon="134.81727627106010913848876953125">
        <ele>6.599999904632568359375</ele>
        <time>2026-08-01T09:01:13.000Z</time>
        <extensions>
          <ns3:TrackPointExtension>
            <ns3:atemp>34.0</ns3:atemp>
            <ns3:hr>168</ns3:hr>
            <ns3:cad>82</ns3:cad>
          </ns3:TrackPointExtension>
        </extensions>
      </trkpt>
      <trkpt lat="35.549702905118465423583984375" lon="134.81727375648915767669677734375">
        <ele>6.599999904632568359375</ele>
        <time>2026-08-01T09:01:14.000Z</time>
        <extensions>
          <ns3:TrackPointExtension>
            <ns3:atemp>34.0</ns3:atemp>
            <ns3:hr>167</ns3:hr>
            <ns3:cad>82</ns3:cad>
          </ns3:TrackPointExtension>
        </extensions>
      </trkpt>
      <trkpt lat="35.54968169890344142913818359375" lon="134.81727073900401592254638671875">
        <ele>6.599999904632568359375</ele>
        <time>2026-08-01T09:01:15.000Z</time>
        <extensions>
          <ns3:TrackPointExtension>
            <ns3:atemp>34.0</ns3:atemp>
            <ns3:hr>168</ns3:hr>
            <ns3:cad>82</ns3:cad>
          </ns3:TrackPointExtension>
        </extensions>
      </trkpt>
      <trkpt lat="35.5496568046510219573974609375" lon="134.817267470061779022216796875">
        <ele>6.80000019073486328125</ele>
        <time>2026-08-01T09:01:16.000Z</time>
        <extensions>
          <ns3:TrackPointExtension>
            <ns3:atemp>34.0</ns3:atemp>
            <ns3:hr>168</ns3:hr>
            <ns3:cad>82</ns3:cad>
          </ns3:TrackPointExtension>
        </extensions>
      </trkpt>
      <trkpt lat="35.54962906055152416229248046875" lon="134.81726235710084438323974609375">
        <ele>6.599999904632568359375</ele>
        <time>2026-08-01T09:01:17.000Z</time>
        <extensions>
          <ns3:TrackPointExtension>
            <ns3:atemp>34.0</ns3:atemp>
            <ns3:hr>167</ns3:hr>
            <ns3:cad>82</ns3:cad>
          </ns3:TrackPointExtension>
        </extensions>
      </trkpt>
      <trkpt lat="35.54961095564067363739013671875" lon="134.81726420111954212188720703125">
        <ele>6.599999904632568359375</ele>
        <time>2026-08-01T09:01:18.000Z</time>
        <extensions>
          <ns3:TrackPointExtension>
            <ns3:atemp>34.0</ns3:atemp>
            <ns3:hr>168</ns3:hr>
            <ns3:cad>82</ns3:cad>
          </ns3:TrackPointExtension>
        </extensions>
      </trkpt>
      <trkpt lat="35.54958446882665157318115234375" lon="134.8172629438340663909912109375">
        <ele>6.400000095367431640625</ele>
        <time>2026-08-01T09:01:19.000Z</time>
        <extensions>
          <ns3:TrackPointExtension>
            <ns3:atemp>34.0</ns3:atemp>
            <ns3:hr>168</ns3:hr>
            <ns3:cad>82</ns3:cad>
          </ns3:TrackPointExtension>
        </extensions>
      </trkpt>
      <trkpt lat="35.54955965839326381683349609375" lon="134.817252047359943389892578125">
        <ele>6.400000095367431640625</ele>
        <time>2026-08-01T09:01:20.000Z</time>
        <extensions>
          <ns3:TrackPointExtension>
            <ns3:atemp>34.0</ns3:atemp>
            <ns3:hr>167</ns3:hr>
            <ns3:cad>82</ns3:cad>
          </ns3:TrackPointExtension>
        </extensions>
      </trkpt>
      <trkpt lat="35.5495384521782398223876953125" lon="134.817262105643749237060546875">
        <ele>6.400000095367431640625</ele>
        <time>2026-08-01T09:01:21.000Z</time>
        <extensions>
          <ns3:TrackPointExtension>
            <ns3:atemp>34.0</ns3:atemp>
            <ns3:hr>168</ns3:hr>
            <ns3:cad>82</ns3:cad>
          </ns3:TrackPointExtension>
        </extensions>
      </trkpt>
      <trkpt lat="35.54950903169810771942138671875" lon="134.81726470403373241424560546875">
        <ele>6.400000095367431640625</ele>
        <time>2026-08-01T09:01:22.000Z</time>
        <extensions>
          <ns3:TrackPointExtension>
            <ns3:atemp>34.0</ns3:atemp>
            <ns3:hr>168</ns3:hr>
            <ns3:cad>82</ns3:cad>
          </ns3:TrackPointExtension>
        </extensions>
      </trkpt>
      <trkpt lat="35.54949008859694004058837890625" lon="134.817263782024383544921875">
        <ele>6.400000095367431640625</ele>
        <time>2026-08-01T09:01:23.000Z</time>
        <extensions>
          <ns3:TrackPointExtension>
            <ns3:atemp>34.0</ns3:atemp>
            <ns3:hr>167</ns3:hr>
            <ns3:cad>82</ns3:cad>
          </ns3:TrackPointExtension>
        </extensions>
      </trkpt>
      <trkpt lat="35.54946276359260082244873046875" lon="134.81726269237697124481201171875">
        <ele>6.599999904632568359375</ele>
        <time>2026-08-01T09:01:24.000Z</time>
        <extensions>
          <ns3:TrackPointExtension>
            <ns3:atemp>34.0</ns3:atemp>
            <ns3:hr>168</ns3:hr>
            <ns3:cad>82</ns3:cad>
          </ns3:TrackPointExtension>
        </extensions>
      </trkpt>
      <trkpt lat="35.54943191818892955780029296875" lon="134.81725699268281459808349609375">
        <ele>6.599999904632568359375</ele>
        <time>2026-08-01T09:01:25.000Z</time>
        <extensions>
          <ns3:TrackPointExtension>
            <ns3:atemp>34.0</ns3:atemp>
            <ns3:hr>168</ns3:hr>
            <ns3:cad>82</ns3:cad>
          </ns3:TrackPointExtension>
        </extensions>
      </trkpt>
      <trkpt lat="35.54941289126873016357421875" lon="134.8172624409198760986328125">
        <ele>6.599999904632568359375</ele>
        <time>2026-08-01T09:01:26.000Z</time>
        <extensions>
          <ns3:TrackPointExtension>
            <ns3:atemp>34.0</ns3:atemp>
            <ns3:hr>168</ns3:hr>
            <ns3:cad>82</ns3:cad>
          </ns3:TrackPointExtension>
        </extensions>
      </trkpt>
      <trkpt lat="35.54938548244535923004150390625" lon="134.81726252473890781402587890625">
        <ele>6.80000019073486328125</ele>
        <time>2026-08-01T09:01:27.000Z</time>
        <extensions>
          <ns3:TrackPointExtension>
            <ns3:atemp>34.0</ns3:atemp>
            <ns3:hr>168</ns3:hr>
            <ns3:cad>82</ns3:cad>
          </ns3:TrackPointExtension>
        </extensions>
      </trkpt>
      <trkpt lat="35.5493614263832569122314453125" lon="134.8172639496624469757080078125">
        <ele>6.80000019073486328125</ele>
        <time>2026-08-01T09:01:28.000Z</time>
        <extensions>
          <ns3:TrackPointExtension>
            <ns3:atemp>34.0</ns3:atemp>
            <ns3:hr>167</ns3:hr>
            <ns3:cad>81</ns3:cad>
          </ns3:TrackPointExtension>
        </extensions>
      </trkpt>
      <trkpt lat="35.5493382923305034637451171875" lon="134.81726772151887416839599609375">
        <ele>6.80000019073486328125</ele>
        <time>2026-08-01T09:01:29.000Z</time>
        <extensions>
          <ns3:TrackPointExtension>
            <ns3:atemp>34.0</ns3:atemp>
            <ns3:hr>167</ns3:hr>
            <ns3:cad>81</ns3:cad>
          </ns3:TrackPointExtension>
        </extensions>
      </trkpt>
      <trkpt lat="35.549309961497783660888671875" lon="134.817264117300510406494140625">
        <ele>6.80000019073486328125</ele>
        <time>2026-08-01T09:01:30.000Z</time>
        <extensions>
          <ns3:TrackPointExtension>
            <ns3:atemp>34.0</ns3:atemp>
            <ns3:hr>167</ns3:hr>
            <ns3:cad>82</ns3:cad>
          </ns3:TrackPointExtension>
        </extensions>
      </trkpt>
      <trkpt lat="35.54928707890212535858154296875" lon="134.81725766323506832122802734375">
        <ele>6.80000019073486328125</ele>
        <time>2026-08-01T09:01:31.000Z</time>
        <extensions>
          <ns3:TrackPointExtension>
            <ns3:atemp>34.0</ns3:atemp>
            <ns3:hr>166</ns3:hr>
            <ns3:cad>82</ns3:cad>
          </ns3:TrackPointExtension>
        </extensions>
      </trkpt>
      <trkpt lat="35.5492662079632282257080078125" lon="134.817259423434734344482421875">
        <ele>6.80000019073486328125</ele>
        <time>2026-08-01T09:01:32.000Z</time>
        <extensions>
          <ns3:TrackPointExtension>
            <ns3:atemp>34.0</ns3:atemp>
            <ns3:hr>166</ns3:hr>
            <ns3:cad>82</ns3:cad>
          </ns3:TrackPointExtension>
        </extensions>
      </trkpt>
      <trkpt lat="35.54923527874052524566650390625" lon="134.8172626085579395294189453125">
        <ele>6.80000019073486328125</ele>
        <time>2026-08-01T09:01:33.000Z</time>
        <extensions>
          <ns3:TrackPointExtension>
            <ns3:atemp>34.0</ns3:atemp>
            <ns3:hr>166</ns3:hr>
            <ns3:cad>82</ns3:cad>
          </ns3:TrackPointExtension>
        </extensions>
      </trkpt>
      <trkpt lat="35.54922119714319705963134765625" lon="134.81726805679500102996826171875">
        <ele>6.80000019073486328125</ele>
        <time>2026-08-01T09:01:34.000Z</time>
        <extensions>
          <ns3:TrackPointExtension>
            <ns3:atemp>34.0</ns3:atemp>
            <ns3:hr>165</ns3:hr>
            <ns3:cad>82</ns3:cad>
          </ns3:TrackPointExtension>
        </extensions>
      </trkpt>
      <trkpt lat="35.5491949617862701416015625" lon="134.817269146442413330078125">
        <ele>6.80000019073486328125</ele>
        <time>2026-08-01T09:01:35.000Z</time>
        <extensions>
          <ns3:TrackPointExtension>
            <ns3:atemp>34.0</ns3:atemp>
            <ns3:hr>166</ns3:hr>
            <ns3:cad>82</ns3:cad>
          </ns3:TrackPointExtension>
        </extensions>
      </trkpt>
      <trkpt lat="35.54916973225772380828857421875" lon="134.8172676376998424530029296875">
        <ele>6.80000019073486328125</ele>
        <time>2026-08-01T09:01:36.000Z</time>
        <extensions>
          <ns3:TrackPointExtension>
            <ns3:atemp>34.0</ns3:atemp>
            <ns3:hr>166</ns3:hr>
            <ns3:cad>82</ns3:cad>
          </ns3:TrackPointExtension>
        </extensions>
      </trkpt>
      <trkpt lat="35.549151711165904998779296875" lon="134.81727660633623600006103515625">
        <ele>6.80000019073486328125</ele>
        <time>2026-08-01T09:01:37.000Z</time>
        <extensions>
          <ns3:TrackPointExtension>
            <ns3:atemp>34.0</ns3:atemp>
            <ns3:hr>166</ns3:hr>
            <ns3:cad>82</ns3:cad>
          </ns3:TrackPointExtension>
        </extensions>
      </trkpt>
      <trkpt lat="35.54912581108510494232177734375" lon="134.8172787018120288848876953125">
        <ele>6.599999904632568359375</ele>
        <time>2026-08-01T09:01:38.000Z</time>
        <extensions>
          <ns3:TrackPointExtension>
            <ns3:atemp>34.0</ns3:atemp>
            <ns3:hr>165</ns3:hr>
            <ns3:cad>82</ns3:cad>
          </ns3:TrackPointExtension>
        </extensions>
      </trkpt>
      <trkpt lat="35.54910653270781040191650390625" lon="134.8172726668417453765869140625">
        <ele>6.80000019073486328125</ele>
        <time>2026-08-01T09:01:39.000Z</time>
        <extensions>
          <ns3:TrackPointExtension>
            <ns3:atemp>34.0</ns3:atemp>
            <ns3:hr>166</ns3:hr>
            <ns3:cad>82</ns3:cad>
          </ns3:TrackPointExtension>
        </extensions>
      </trkpt>
      <trkpt lat="35.54908926598727703094482421875" lon="134.81727928854525089263916015625">
        <ele>6.80000019073486328125</ele>
        <time>2026-08-01T09:01:40.000Z</time>
        <extensions>
          <ns3:TrackPointExtension>
            <ns3:atemp>34.0</ns3:atemp>
            <ns3:hr>166</ns3:hr>
            <ns3:cad>81</ns3:cad>
          </ns3:TrackPointExtension>
        </extensions>
      </trkpt>
      <trkpt lat="35.5490563251078128814697265625" lon="134.81728230603039264678955078125">
        <ele>6.80000019073486328125</ele>
        <time>2026-08-01T09:01:41.000Z</time>
        <extensions>
          <ns3:TrackPointExtension>
            <ns3:atemp>34.0</ns3:atemp>
            <ns3:hr>165</ns3:hr>
            <ns3:cad>81</ns3:cad>
          </ns3:TrackPointExtension>
        </extensions>
      </trkpt>
      <trkpt lat="35.5490378849208354949951171875" lon="134.81728398241102695465087890625">
        <ele>6.80000019073486328125</ele>
        <time>2026-08-01T09:01:42.000Z</time>
        <extensions>
          <ns3:TrackPointExtension>
            <ns3:atemp>34.0</ns3:atemp>
            <ns3:hr>166</ns3:hr>
            <ns3:cad>81</ns3:cad>
          </ns3:TrackPointExtension>
        </extensions>
      </trkpt>
      <trkpt lat="35.54901349358260631561279296875" lon="134.81728565879166126251220703125">
        <ele>6.80000019073486328125</ele>
        <time>2026-08-01T09:01:43.000Z</time>
        <extensions>
          <ns3:TrackPointExtension>
            <ns3:atemp>34.0</ns3:atemp>
            <ns3:hr>166</ns3:hr>
            <ns3:cad>81</ns3:cad>
          </ns3:TrackPointExtension>
        </extensions>
      </trkpt>
      <trkpt lat="35.5489795468747615814208984375" lon="134.81728197075426578521728515625">
        <ele>6.80000019073486328125</ele>
        <time>2026-08-01T09:01:44.000Z</time>
        <extensions>
          <ns3:TrackPointExtension>
            <ns3:atemp>34.0</ns3:atemp>
            <ns3:hr>166</ns3:hr>
            <ns3:cad>81</ns3:cad>
          </ns3:TrackPointExtension>
        </extensions>
      </trkpt>
      <trkpt lat="35.54896152578294277191162109375" lon="134.817287921905517578125">
        <ele>6.80000019073486328125</ele>
        <time>2026-08-01T09:01:45.000Z</time>
        <extensions>
          <ns3:TrackPointExtension>
            <ns3:atemp>34.0</ns3:atemp>
            <ns3:hr>166</ns3:hr>
            <ns3:cad>81</ns3:cad>
          </ns3:TrackPointExtension>
        </extensions>
      </trkpt>
      <trkpt lat="35.5489342845976352691650390625" lon="134.817287586629390716552734375">
        <ele>6.80000019073486328125</ele>
        <time>2026-08-01T09:01:46.000Z</time>
        <extensions>
          <ns3:TrackPointExtension>
            <ns3:atemp>34.0</ns3:atemp>
            <ns3:hr>166</ns3:hr>
            <ns3:cad>81</ns3:cad>
          </ns3:TrackPointExtension>
        </extensions>
      </trkpt>
      <trkpt lat="35.54890595376491546630859375" lon="134.81728029437363147735595703125">
        <ele>6.80000019073486328125</ele>
        <time>2026-08-01T09:01:47.000Z</time>
        <extensions>
          <ns3:TrackPointExtension>
            <ns3:atemp>34.0</ns3:atemp>
            <ns3:hr>166</ns3:hr>
            <ns3:cad>81</ns3:cad>
          </ns3:TrackPointExtension>
        </extensions>
      </trkpt>
      <trkpt lat="35.54888608865439891815185546875" lon="134.81728456914424896240234375">
        <ele>6.80000019073486328125</ele>
        <time>2026-08-01T09:01:48.000Z</time>
        <extensions>
          <ns3:TrackPointExtension>
            <ns3:atemp>34.0</ns3:atemp>
            <ns3:hr>167</ns3:hr>
            <ns3:cad>81</ns3:cad>
          </ns3:TrackPointExtension>
        </extensions>
      </trkpt>
      <trkpt lat="35.5488521419465541839599609375" lon="134.8172785341739654541015625">
        <ele>6.80000019073486328125</ele>
        <time>2026-08-01T09:01:49.000Z</time>
        <extensions>
          <ns3:TrackPointExtension>
            <ns3:atemp>34.0</ns3:atemp>
            <ns3:hr>166</ns3:hr>
            <ns3:cad>81</ns3:cad>
          </ns3:TrackPointExtension>
        </extensions>
      </trkpt>
      <trkpt lat="35.54882909171283245086669921875" lon="134.81727811507880687713623046875">
        <ele>6.80000019073486328125</ele>
        <time>2026-08-01T09:01:50.000Z</time>
        <extensions>
          <ns3:TrackPointExtension>
            <ns3:atemp>34.0</ns3:atemp>
            <ns3:hr>166</ns3:hr>
            <ns3:cad>81</ns3:cad>
          </ns3:TrackPointExtension>
        </extensions>
      </trkpt>
      <trkpt lat="35.54880646057426929473876953125" lon="134.8172803781926631927490234375">
        <ele>6.80000019073486328125</ele>
        <time>2026-08-01T09:01:51.000Z</time>
        <extensions>
          <ns3:TrackPointExtension>
            <ns3:atemp>34.0</ns3:atemp>
            <ns3:hr>166</ns3:hr>
            <ns3:cad>81</ns3:cad>
          </ns3:TrackPointExtension>
        </extensions>
      </trkpt>
      <trkpt lat="35.54877829737961292266845703125" lon="134.81726939789950847625732421875">
        <ele>6.80000019073486328125</ele>
        <time>2026-08-01T09:01:52.000Z</time>
        <extensions>
          <ns3:TrackPointExtension>
            <ns3:atemp>34.0</ns3:atemp>
            <ns3:hr>167</ns3:hr>
            <ns3:cad>81</ns3:cad>
          </ns3:TrackPointExtension>
        </extensions>
      </trkpt>
      <trkpt lat="35.5487604439258575439453125" lon="134.81727023608982563018798828125">
        <ele>6.80000019073486328125</ele>
        <time>2026-08-01T09:01:53.000Z</time>
        <extensions>
          <ns3:TrackPointExtension>
            <ns3:atemp>34.0</ns3:atemp>
            <ns3:hr>166</ns3:hr>
            <ns3:cad>81</ns3:cad>
          </ns3:TrackPointExtension>
        </extensions>
      </trkpt>
      <trkpt lat="35.54873269982635974884033203125" lon="134.8172664642333984375">
        <ele>6.80000019073486328125</ele>
        <time>2026-08-01T09:01:54.000Z</time>
        <extensions>
          <ns3:TrackPointExtension>
            <ns3:atemp>34.0</ns3:atemp>
            <ns3:hr>166</ns3:hr>
            <ns3:cad>81</ns3:cad>
          </ns3:TrackPointExtension>
        </extensions>
      </trkpt>
      <trkpt lat="35.548707135021686553955078125" lon="134.8172602616250514984130859375">
        <ele>6.80000019073486328125</ele>
        <time>2026-08-01T09:01:55.000Z</time>
        <extensions>
          <ns3:TrackPointExtension>
            <ns3:atemp>34.0</ns3:atemp>
            <ns3:hr>166</ns3:hr>
            <ns3:cad>81</ns3:cad>
          </ns3:TrackPointExtension>
        </extensions>
      </trkpt>
      <trkpt lat="35.5486871860921382904052734375" lon="134.81726386584341526031494140625">
        <ele>6.599999904632568359375</ele>
        <time>2026-08-01T09:01:56.000Z</time>
        <extensions>
          <ns3:TrackPointExtension>
            <ns3:atemp>34.0</ns3:atemp>
            <ns3:hr>167</ns3:hr>
            <ns3:cad>81</ns3:cad>
          </ns3:TrackPointExtension>
        </extensions>
      </trkpt>
      <trkpt lat="35.54866195656359195709228515625" lon="134.81726185418665409088134765625">
        <ele>6.599999904632568359375</ele>
        <time>2026-08-01T09:01:57.000Z</time>
        <extensions>
          <ns3:TrackPointExtension>
            <ns3:atemp>34.0</ns3:atemp>
            <ns3:hr>167</ns3:hr>
            <ns3:cad>81</ns3:cad>
          </ns3:TrackPointExtension>
        </extensions>
      </trkpt>
      <trkpt lat="35.5486372299492359161376953125" lon="134.81726755388081073760986328125">
        <ele>6.599999904632568359375</ele>
        <time>2026-08-01T09:01:58.000Z</time>
        <extensions>
          <ns3:TrackPointExtension>
            <ns3:atemp>34.0</ns3:atemp>
            <ns3:hr>167</ns3:hr>
            <ns3:cad>81</ns3:cad>
          </ns3:TrackPointExtension>
        </extensions>
      </trkpt>
      <trkpt lat="35.54861954413354396820068359375" lon="134.81726638041436672210693359375">
        <ele>6.599999904632568359375</ele>
        <time>2026-08-01T09:01:59.000Z</time>
        <extensions>
          <ns3:TrackPointExtension>
            <ns3:atemp>34.0</ns3:atemp>
            <ns3:hr>166</ns3:hr>
            <ns3:cad>82</ns3:cad>
          </ns3:TrackPointExtension>
        </extensions>
      </trkpt>
      <trkpt lat="35.54859423078596591949462890625" lon="134.8172731697559356689453125">
        <ele>6.80000019073486328125</ele>
        <time>2026-08-01T09:02:00.000Z</time>
        <extensions>
          <ns3:TrackPointExtension>
            <ns3:atemp>34.0</ns3:atemp>
            <ns3:hr>166</ns3:hr>
            <ns3:cad>82</ns3:cad>
          </ns3:TrackPointExtension>
        </extensions>
      </trkpt>
      <trkpt lat="35.54858065210282802581787109375" lon="134.817276187241077423095703125">
        <ele>6.80000019073486328125</ele>
        <time>2026-08-01T09:02:01.000Z</time>
        <extensions>
          <ns3:TrackPointExtension>
            <ns3:atemp>34.0</ns3:atemp>
            <ns3:hr>166</ns3:hr>
            <ns3:cad>82</ns3:cad>
          </ns3:TrackPointExtension>
        </extensions>
      </trkpt>
      <trkpt lat="35.54855768568813800811767578125" lon="134.8172840662300586700439453125">
        <ele>6.80000019073486328125</ele>
        <time>2026-08-01T09:02:02.000Z</time>
        <extensions>
          <ns3:TrackPointExtension>
            <ns3:atemp>34.0</ns3:atemp>
            <ns3:hr>166</ns3:hr>
            <ns3:cad>82</ns3:cad>
          </ns3:TrackPointExtension>
        </extensions>
      </trkpt>
      <trkpt lat="35.54853379726409912109375" lon="134.81729337014257907867431640625">
        <ele>6.80000019073486328125</ele>
        <time>2026-08-01T09:02:03.000Z</time>
        <extensions>
          <ns3:TrackPointExtension>
            <ns3:atemp>34.0</ns3:atemp>
            <ns3:hr>167</ns3:hr>
            <ns3:cad>82</ns3:cad>
          </ns3:TrackPointExtension>
        </extensions>
      </trkpt>
      <trkpt lat="35.54851703345775604248046875" lon="134.81730024330317974090576171875">
        <ele>6.80000019073486328125</ele>
        <time>2026-08-01T09:02:04.000Z</time>
        <extensions>
          <ns3:TrackPointExtension>
            <ns3:atemp>34.0</ns3:atemp>
            <ns3:hr>167</ns3:hr>
            <ns3:cad>82</ns3:cad>
          </ns3:TrackPointExtension>
        </extensions>
      </trkpt>
      <trkpt lat="35.5484923906624317169189453125" lon="134.817295633256435394287109375">
        <ele>6.80000019073486328125</ele>
        <time>2026-08-01T09:02:05.000Z</time>
        <extensions>
          <ns3:TrackPointExtension>
            <ns3:atemp>34.0</ns3:atemp>
            <ns3:hr>167</ns3:hr>
            <ns3:cad>82</ns3:cad>
          </ns3:TrackPointExtension>
        </extensions>
      </trkpt>
      <trkpt lat="35.54846531711518764495849609375" lon="134.8172894306480884552001953125">
        <ele>6.599999904632568359375</ele>
        <time>2026-08-01T09:02:06.000Z</time>
        <extensions>
          <ns3:TrackPointExtension>
            <ns3:atemp>34.0</ns3:atemp>
            <ns3:hr>167</ns3:hr>
            <ns3:cad>82</ns3:cad>
          </ns3:TrackPointExtension>
        </extensions>
      </trkpt>
      <trkpt lat="35.54844385944306850433349609375" lon="134.81729001738131046295166015625">
        <ele>6.80000019073486328125</ele>
        <time>2026-08-01T09:02:07.000Z</time>
        <extensions>
          <ns3:TrackPointExtension>
            <ns3:atemp>34.0</ns3:atemp>
            <ns3:hr>167</ns3:hr>
            <ns3:cad>82</ns3:cad>
          </ns3:TrackPointExtension>
        </extensions>
      </trkpt>
      <trkpt lat="35.5484139360487461090087890625" lon="134.81728867627680301666259765625">
        <ele>6.80000019073486328125</ele>
        <time>2026-08-01T09:02:08.000Z</time>
        <extensions>
          <ns3:TrackPointExtension>
            <ns3:atemp>34.0</ns3:atemp>
            <ns3:hr>167</ns3:hr>
            <ns3:cad>82</ns3:cad>
          </ns3:TrackPointExtension>
        </extensions>
      </trkpt>
      <trkpt lat="35.54839096963405609130859375" lon="134.81728582642972469329833984375">
        <ele>6.80000019073486328125</ele>
        <time>2026-08-01T09:02:09.000Z</time>
        <extensions>
          <ns3:TrackPointExtension>
            <ns3:atemp>34.0</ns3:atemp>
            <ns3:hr>168</ns3:hr>
            <ns3:cad>82</ns3:cad>
          </ns3:TrackPointExtension>
        </extensions>
      </trkpt>
      <trkpt lat="35.5483633093535900115966796875" lon="134.8172860778868198394775390625">
        <ele>6.80000019073486328125</ele>
        <time>2026-08-01T09:02:10.000Z</time>
        <extensions>
          <ns3:TrackPointExtension>
            <ns3:atemp>34.0</ns3:atemp>
            <ns3:hr>167</ns3:hr>
            <ns3:cad>81</ns3:cad>
          </ns3:TrackPointExtension>
        </extensions>
      </trkpt>
      <trkpt lat="35.5483317933976650238037109375" lon="134.817286245524883270263671875">
        <ele>6.80000019073486328125</ele>
        <time>2026-08-01T09:02:11.000Z</time>
        <extensions>
          <ns3:TrackPointExtension>
            <ns3:atemp>34.0</ns3:atemp>
            <ns3:hr>168</ns3:hr>
            <ns3:cad>81</ns3:cad>
          </ns3:TrackPointExtension>
        </extensions>
      </trkpt>
      <trkpt lat="35.5483053065836429595947265625" lon="134.81729085557162761688232421875">
        <ele>7</ele>
        <time>2026-08-01T09:02:12.000Z</time>
        <extensions>
          <ns3:TrackPointExtension>
            <ns3:atemp>34.0</ns3:atemp>
            <ns3:hr>168</ns3:hr>
            <ns3:cad>81</ns3:cad>
          </ns3:TrackPointExtension>
        </extensions>
      </trkpt>
      <trkpt lat="35.54827722720801830291748046875" lon="134.817294962704181671142578125">
        <ele>7</ele>
        <time>2026-08-01T09:02:13.000Z</time>
        <extensions>
          <ns3:TrackPointExtension>
            <ns3:atemp>34.0</ns3:atemp>
            <ns3:hr>168</ns3:hr>
            <ns3:cad>81</ns3:cad>
          </ns3:TrackPointExtension>
        </extensions>
      </trkpt>
      <trkpt lat="35.54825074039399623870849609375" lon="134.81729705817997455596923828125">
        <ele>7</ele>
        <time>2026-08-01T09:02:14.000Z</time>
        <extensions>
          <ns3:TrackPointExtension>
            <ns3:atemp>34.0</ns3:atemp>
            <ns3:hr>168</ns3:hr>
            <ns3:cad>82</ns3:cad>
          </ns3:TrackPointExtension>
        </extensions>
      </trkpt>
      <trkpt lat="35.54823338985443115234375" lon="134.8173011653125286102294921875">
        <ele>7</ele>
        <time>2026-08-01T09:02:15.000Z</time>
        <extensions>
          <ns3:TrackPointExtension>
            <ns3:atemp>34.0</ns3:atemp>
            <ns3:hr>168</ns3:hr>
            <ns3:cad>82</ns3:cad>
          </ns3:TrackPointExtension>
        </extensions>
      </trkpt>
      <trkpt lat="35.548204891383647918701171875" lon="134.81730292551219463348388671875">
        <ele>7</ele>
        <time>2026-08-01T09:02:16.000Z</time>
        <extensions>
          <ns3:TrackPointExtension>
            <ns3:atemp>34.0</ns3:atemp>
            <ns3:hr>168</ns3:hr>
            <ns3:cad>82</ns3:cad>
          </ns3:TrackPointExtension>
        </extensions>
      </trkpt>
      <trkpt lat="35.5481856130063533782958984375" lon="134.8172919452190399169921875">
        <ele>7</ele>
        <time>2026-08-01T09:02:17.000Z</time>
        <extensions>
          <ns3:TrackPointExtension>
            <ns3:atemp>34.0</ns3:atemp>
            <ns3:hr>168</ns3:hr>
            <ns3:cad>82</ns3:cad>
          </ns3:TrackPointExtension>
        </extensions>
      </trkpt>
      <trkpt lat="35.548166669905185699462890625" lon="134.81729571707546710968017578125">
        <ele>7</ele>
        <time>2026-08-01T09:02:18.000Z</time>
        <extensions>
          <ns3:TrackPointExtension>
            <ns3:atemp>34.0</ns3:atemp>
            <ns3:hr>168</ns3:hr>
            <ns3:cad>82</ns3:cad>
          </ns3:TrackPointExtension>
        </extensions>
      </trkpt>
      <trkpt lat="35.548137165606021881103515625" lon="134.8173053562641143798828125">
        <ele>7</ele>
        <time>2026-08-01T09:02:19.000Z</time>
        <extensions>
          <ns3:TrackPointExtension>
            <ns3:atemp>34.0</ns3:atemp>
            <ns3:hr>169</ns3:hr>
            <ns3:cad>81</ns3:cad>
          </ns3:TrackPointExtension>
        </extensions>
      </trkpt>
      <trkpt lat="35.54812065325677394866943359375" lon="134.81731315143406391143798828125">
        <ele>7</ele>
        <time>2026-08-01T09:02:20.000Z</time>
        <extensions>
          <ns3:TrackPointExtension>
            <ns3:atemp>34.0</ns3:atemp>
            <ns3:hr>168</ns3:hr>
            <ns3:cad>81</ns3:cad>
          </ns3:TrackPointExtension>
        </extensions>
      </trkpt>
      <trkpt lat="35.54809735156595706939697265625" lon="134.81731885112822055816650390625">
        <ele>7</ele>
        <time>2026-08-01T09:02:21.000Z</time>
        <extensions>
          <ns3:TrackPointExtension>
            <ns3:atemp>34.0</ns3:atemp>
            <ns3:hr>168</ns3:hr>
            <ns3:cad>81</ns3:cad>
          </ns3:TrackPointExtension>
        </extensions>
      </trkpt>
      <trkpt lat="35.548070780932903289794921875" lon="134.81731566600501537322998046875">
        <ele>7</ele>
        <time>2026-08-01T09:02:22.000Z</time>
        <extensions>
          <ns3:TrackPointExtension>
            <ns3:atemp>34.0</ns3:atemp>
            <ns3:hr>168</ns3:hr>
            <ns3:cad>81</ns3:cad>
          </ns3:TrackPointExtension>
        </extensions>
      </trkpt>
      <trkpt lat="35.54805275984108448028564453125" lon="134.8173182643949985504150390625">
        <ele>6.80000019073486328125</ele>
        <time>2026-08-01T09:02:23.000Z</time>
        <extensions>
          <ns3:TrackPointExtension>
            <ns3:atemp>34.0</ns3:atemp>
            <ns3:hr>168</ns3:hr>
            <ns3:cad>81</ns3:cad>
          </ns3:TrackPointExtension>
        </extensions>
      </trkpt>
      <trkpt lat="35.54802409373223781585693359375" lon="134.81731466017663478851318359375">
        <ele>7</ele>
        <time>2026-08-01T09:02:24.000Z</time>
        <extensions>
          <ns3:TrackPointExtension>
            <ns3:atemp>34.0</ns3:atemp>
            <ns3:hr>168</ns3:hr>
            <ns3:cad>81</ns3:cad>
          </ns3:TrackPointExtension>
        </extensions>
      </trkpt>
      <trkpt lat="35.54799743928015232086181640625" lon="134.81730896048247814178466796875">
        <ele>7</ele>
        <time>2026-08-01T09:02:25.000Z</time>
        <extensions>
          <ns3:TrackPointExtension>
            <ns3:atemp>34.0</ns3:atemp>
            <ns3:hr>168</ns3:hr>
            <ns3:cad>82</ns3:cad>
          </ns3:TrackPointExtension>
        </extensions>
      </trkpt>
      <trkpt lat="35.54797380231320858001708984375" lon="134.81730041094124317169189453125">
        <ele>7</ele>
        <time>2026-08-01T09:02:26.000Z</time>
        <extensions>
          <ns3:TrackPointExtension>
            <ns3:atemp>34.0</ns3:atemp>
            <ns3:hr>167</ns3:hr>
            <ns3:cad>82</ns3:cad>
          </ns3:TrackPointExtension>
        </extensions>
      </trkpt>
      <trkpt lat="35.54795318283140659332275390625" lon="134.81728331185877323150634765625">
        <ele>7</ele>
        <time>2026-08-01T09:02:27.000Z</time>
        <extensions>
          <ns3:TrackPointExtension>
            <ns3:atemp>34.0</ns3:atemp>
            <ns3:hr>168</ns3:hr>
            <ns3:cad>82</ns3:cad>
          </ns3:TrackPointExtension>
        </extensions>
      </trkpt>
      <trkpt lat="35.54794731549918651580810546875" lon="134.81726017780601978302001953125">
        <ele>7</ele>
        <time>2026-08-01T09:02:28.000Z</time>
        <extensions>
          <ns3:TrackPointExtension>
            <ns3:atemp>34.0</ns3:atemp>
            <ns3:hr>168</ns3:hr>
            <ns3:cad>82</ns3:cad>
          </ns3:TrackPointExtension>
        </extensions>
      </trkpt>
      <trkpt lat="35.5479432083666324615478515625" lon="134.81723092496395111083984375">
        <ele>6.80000019073486328125</ele>
        <time>2026-08-01T09:02:29.000Z</time>
        <extensions>
          <ns3:TrackPointExtension>
            <ns3:atemp>34.0</ns3:atemp>
            <ns3:hr>168</ns3:hr>
            <ns3:cad>82</ns3:cad>
          </ns3:TrackPointExtension>
        </extensions>
      </trkpt>
      <trkpt lat="35.54794312454760074615478515625" lon="134.81718398630619049072265625">
        <ele>6.80000019073486328125</ele>
        <time>2026-08-01T09:02:30.000Z</time>
        <extensions>
          <ns3:TrackPointExtension>
            <ns3:atemp>34.0</ns3:atemp>
            <ns3:hr>168</ns3:hr>
            <ns3:cad>82</ns3:cad>
          </ns3:TrackPointExtension>
        </extensions>
      </trkpt>
      <trkpt lat="35.54793993942439556121826171875" lon="134.8171486146748065948486328125">
        <ele>6.80000019073486328125</ele>
        <time>2026-08-01T09:02:31.000Z</time>
        <extensions>
          <ns3:TrackPointExtension>
            <ns3:atemp>34.0</ns3:atemp>
            <ns3:hr>168</ns3:hr>
            <ns3:cad>82</ns3:cad>
          </ns3:TrackPointExtension>
        </extensions>
      </trkpt>
      <trkpt lat="35.547938011586666107177734375" lon="134.817114584147930145263671875">
        <ele>6.599999904632568359375</ele>
        <time>2026-08-01T09:02:32.000Z</time>
        <extensions>
          <ns3:TrackPointExtension>
            <ns3:atemp>34.0</ns3:atemp>
            <ns3:hr>167</ns3:hr>
            <ns3:cad>82</ns3:cad>
          </ns3:TrackPointExtension>
        </extensions>
      </trkpt>
      <trkpt lat="35.54794513620436191558837890625" lon="134.81707694940268993377685546875">
        <ele>6.599999904632568359375</ele>
        <time>2026-08-01T09:02:33.000Z</time>
        <extensions>
          <ns3:TrackPointExtension>
            <ns3:atemp>34.0</ns3:atemp>
            <ns3:hr>167</ns3:hr>
            <ns3:cad>82</ns3:cad>
          </ns3:TrackPointExtension>
        </extensions>
      </trkpt>
      <trkpt lat="35.547940693795680999755859375" lon="134.8170433379709720611572265625">
        <ele>6.599999904632568359375</ele>
        <time>2026-08-01T09:02:34.000Z</time>
        <extensions>
          <ns3:TrackPointExtension>
            <ns3:atemp>34.0</ns3:atemp>
            <ns3:hr>167</ns3:hr>
            <ns3:cad>82</ns3:cad>
          </ns3:TrackPointExtension>
        </extensions>
      </trkpt>
      <trkpt lat="35.5479378439486026763916015625" lon="134.816999249160289764404296875">
        <ele>6.599999904632568359375</ele>
        <time>2026-08-01T09:02:35.000Z</time>
        <extensions>
          <ns3:TrackPointExtension>
            <ns3:atemp>34.0</ns3:atemp>
            <ns3:hr>168</ns3:hr>
            <ns3:cad>82</ns3:cad>
          </ns3:TrackPointExtension>
        </extensions>
      </trkpt>
      <trkpt lat="35.5479351617395877838134765625" lon="134.816963709890842437744140625">
        <ele>6.599999904632568359375</ele>
        <time>2026-08-01T09:02:36.000Z</time>
        <extensions>
          <ns3:TrackPointExtension>
            <ns3:atemp>34.0</ns3:atemp>
            <ns3:hr>168</ns3:hr>
            <ns3:cad>82</ns3:cad>
          </ns3:TrackPointExtension>
        </extensions>
      </trkpt>
      <trkpt lat="35.5479371733963489532470703125" lon="134.81693428941071033477783203125">
        <ele>6.599999904632568359375</ele>
        <time>2026-08-01T09:02:37.000Z</time>
        <extensions>
          <ns3:TrackPointExtension>
            <ns3:atemp>34.0</ns3:atemp>
            <ns3:hr>168</ns3:hr>
            <ns3:cad>82</ns3:cad>
          </ns3:TrackPointExtension>
        </extensions>
      </trkpt>
      <trkpt lat="35.54794362746179103851318359375" lon="134.81689539737999439239501953125">
        <ele>6.599999904632568359375</ele>
        <time>2026-08-01T09:02:38.000Z</time>
        <extensions>
          <ns3:TrackPointExtension>
            <ns3:atemp>34.0</ns3:atemp>
            <ns3:hr>168</ns3:hr>
            <ns3:cad>82</ns3:cad>
          </ns3:TrackPointExtension>
        </extensions>
      </trkpt>
      <trkpt lat="35.54794681258499622344970703125" lon="134.81687377206981182098388671875">
        <ele>6.599999904632568359375</ele>
        <time>2026-08-01T09:02:39.000Z</time>
        <extensions>
          <ns3:TrackPointExtension>
            <ns3:atemp>34.0</ns3:atemp>
            <ns3:hr>168</ns3:hr>
            <ns3:cad>82</ns3:cad>
          </ns3:TrackPointExtension>
        </extensions>
      </trkpt>
      <trkpt lat="35.5479482375085353851318359375" lon="134.81683622114360332489013671875">
        <ele>6.400000095367431640625</ele>
        <time>2026-08-01T09:02:40.000Z</time>
        <extensions>
          <ns3:TrackPointExtension>
            <ns3:atemp>34.0</ns3:atemp>
            <ns3:hr>168</ns3:hr>
            <ns3:cad>82</ns3:cad>
          </ns3:TrackPointExtension>
        </extensions>
      </trkpt>
      <trkpt lat="35.54794698022305965423583984375" lon="134.81680738739669322967529296875">
        <ele>6.400000095367431640625</ele>
        <time>2026-08-01T09:02:41.000Z</time>
        <extensions>
          <ns3:TrackPointExtension>
            <ns3:atemp>34.0</ns3:atemp>
            <ns3:hr>168</ns3:hr>
            <ns3:cad>83</ns3:cad>
          </ns3:TrackPointExtension>
        </extensions>
      </trkpt>
      <trkpt lat="35.54793658666312694549560546875" lon="134.81678073294460773468017578125">
        <ele>6.599999904632568359375</ele>
        <time>2026-08-01T09:02:42.000Z</time>
        <extensions>
          <ns3:TrackPointExtension>
            <ns3:atemp>34.0</ns3:atemp>
            <ns3:hr>168</ns3:hr>
            <ns3:cad>83</ns3:cad>
          </ns3:TrackPointExtension>
        </extensions>
      </trkpt>
      <trkpt lat="35.54791487753391265869140625" lon="134.816763214766979217529296875">
        <ele>6.599999904632568359375</ele>
        <time>2026-08-01T09:02:43.000Z</time>
        <extensions>
          <ns3:TrackPointExtension>
            <ns3:atemp>34.0</ns3:atemp>
            <ns3:hr>168</ns3:hr>
            <ns3:cad>82</ns3:cad>
          </ns3:TrackPointExtension>
        </extensions>
      </trkpt>
      <trkpt lat="35.54790389724075794219970703125" lon="134.81675039045512676239013671875">
        <ele>6.599999904632568359375</ele>
        <time>2026-08-01T09:02:44.000Z</time>
        <extensions>
          <ns3:TrackPointExtension>
            <ns3:atemp>34.0</ns3:atemp>
            <ns3:hr>168</ns3:hr>
            <ns3:cad>82</ns3:cad>
          </ns3:TrackPointExtension>
        </extensions>
      </trkpt>
      <trkpt lat="35.54788327775895595550537109375" lon="134.8167419247329235076904296875">
        <ele>6.80000019073486328125</ele>
        <time>2026-08-01T09:02:45.000Z</time>
        <extensions>
          <ns3:TrackPointExtension>
            <ns3:atemp>34.0</ns3:atemp>
            <ns3:hr>168</ns3:hr>
            <ns3:cad>82</ns3:cad>
          </ns3:TrackPointExtension>
        </extensions>
      </trkpt>
      <trkpt lat="35.5478593893349170684814453125" lon="134.81673781760036945343017578125">
        <ele>6.80000019073486328125</ele>
        <time>2026-08-01T09:02:46.000Z</time>
        <extensions>
          <ns3:TrackPointExtension>
            <ns3:atemp>34.0</ns3:atemp>
            <ns3:hr>168</ns3:hr>
            <ns3:cad>82</ns3:cad>
          </ns3:TrackPointExtension>
        </extensions>
      </trkpt>
      <trkpt lat="35.54784304462373256683349609375" lon="134.8167352192103862762451171875">
        <ele>6.80000019073486328125</ele>
        <time>2026-08-01T09:02:47.000Z</time>
        <extensions>
          <ns3:TrackPointExtension>
            <ns3:atemp>34.0</ns3:atemp>
            <ns3:hr>168</ns3:hr>
            <ns3:cad>82</ns3:cad>
          </ns3:TrackPointExtension>
        </extensions>
      </trkpt>
      <trkpt lat="35.5478188209235668182373046875" lon="134.81673337519168853759765625">
        <ele>6.80000019073486328125</ele>
        <time>2026-08-01T09:02:48.000Z</time>
        <extensions>
          <ns3:TrackPointExtension>
            <ns3:atemp>34.0</ns3:atemp>
            <ns3:hr>168</ns3:hr>
            <ns3:cad>82</ns3:cad>
          </ns3:TrackPointExtension>
        </extensions>
      </trkpt>
      <trkpt lat="35.5477960221469402313232421875" lon="134.81673044152557849884033203125">
        <ele>6.80000019073486328125</ele>
        <time>2026-08-01T09:02:49.000Z</time>
        <extensions>
          <ns3:TrackPointExtension>
            <ns3:atemp>34.0</ns3:atemp>
            <ns3:hr>168</ns3:hr>
            <ns3:cad>82</ns3:cad>
          </ns3:TrackPointExtension>
        </extensions>
      </trkpt>
      <trkpt lat="35.5477755703032016754150390625" lon="134.81673429720103740692138671875">
        <ele>6.80000019073486328125</ele>
        <time>2026-08-01T09:02:50.000Z</time>
        <extensions>
          <ns3:TrackPointExtension>
            <ns3:atemp>34.0</ns3:atemp>
            <ns3:hr>168</ns3:hr>
            <ns3:cad>82</ns3:cad>
          </ns3:TrackPointExtension>
        </extensions>
      </trkpt>
      <trkpt lat="35.547746904194355010986328125" lon="134.81673312373459339141845703125">
        <ele>6.80000019073486328125</ele>
        <time>2026-08-01T09:02:51.000Z</time>
        <extensions>
          <ns3:TrackPointExtension>
            <ns3:atemp>34.0</ns3:atemp>
            <ns3:hr>168</ns3:hr>
            <ns3:cad>82</ns3:cad>
          </ns3:TrackPointExtension>
        </extensions>
      </trkpt>
      <trkpt lat="35.5477236025035381317138671875" lon="134.8167318664491176605224609375">
        <ele>6.80000019073486328125</ele>
        <time>2026-08-01T09:02:52.000Z</time>
        <extensions>
          <ns3:TrackPointExtension>
            <ns3:atemp>34.0</ns3:atemp>
            <ns3:hr>168</ns3:hr>
            <ns3:cad>82</ns3:cad>
          </ns3:TrackPointExtension>
        </extensions>
      </trkpt>
      <trkpt lat="35.5477018095552921295166015625" lon="134.8167332075536251068115234375">
        <ele>6.80000019073486328125</ele>
        <time>2026-08-01T09:02:53.000Z</time>
        <extensions>
          <ns3:TrackPointExtension>
            <ns3:atemp>34.0</ns3:atemp>
            <ns3:hr>167</ns3:hr>
            <ns3:cad>82</ns3:cad>
          </ns3:TrackPointExtension>
        </extensions>
      </trkpt>
      <trkpt lat="35.54766945540904998779296875" lon="134.81673144735395908355712890625">
        <ele>6.80000019073486328125</ele>
        <time>2026-08-01T09:02:54.000Z</time>
        <extensions>
          <ns3:TrackPointExtension>
            <ns3:atemp>34.0</ns3:atemp>
            <ns3:hr>167</ns3:hr>
            <ns3:cad>82</ns3:cad>
          </ns3:TrackPointExtension>
        </extensions>
      </trkpt>
      <trkpt lat="35.5476531945168972015380859375" lon="134.81673614121973514556884765625">
        <ele>6.80000019073486328125</ele>
        <time>2026-08-01T09:02:55.000Z</time>
        <extensions>
          <ns3:TrackPointExtension>
            <ns3:atemp>34.0</ns3:atemp>
            <ns3:hr>166</ns3:hr>
            <ns3:cad>82</ns3:cad>
          </ns3:TrackPointExtension>
        </extensions>
      </trkpt>
      <trkpt lat="35.54762964136898517608642578125" lon="134.81674083508551120758056640625">
        <ele>6.599999904632568359375</ele>
        <time>2026-08-01T09:02:56.000Z</time>
        <extensions>
          <ns3:TrackPointExtension>
            <ns3:atemp>34.0</ns3:atemp>
            <ns3:hr>166</ns3:hr>
            <ns3:cad>81</ns3:cad>
          </ns3:TrackPointExtension>
        </extensions>
      </trkpt>
      <trkpt lat="35.54760483093559741973876953125" lon="134.81674402020871639251708984375">
        <ele>6.599999904632568359375</ele>
        <time>2026-08-01T09:02:57.000Z</time>
        <extensions>
          <ns3:TrackPointExtension>
            <ns3:atemp>34.0</ns3:atemp>
            <ns3:hr>166</ns3:hr>
            <ns3:cad>81</ns3:cad>
          </ns3:TrackPointExtension>
        </extensions>
      </trkpt>
      <trkpt lat="35.5475884862244129180908203125" lon="134.81675391085445880889892578125">
        <ele>6.599999904632568359375</ele>
        <time>2026-08-01T09:02:58.000Z</time>
        <extensions>
          <ns3:TrackPointExtension>
            <ns3:atemp>34.0</ns3:atemp>
            <ns3:hr>166</ns3:hr>
            <ns3:cad>81</ns3:cad>
          </ns3:TrackPointExtension>
        </extensions>
      </trkpt>
      <trkpt lat="35.547559820115566253662109375" lon="134.8167543299496173858642578125">
        <ele>6.599999904632568359375</ele>
        <time>2026-08-01T09:02:59.000Z</time>
        <extensions>
          <ns3:TrackPointExtension>
            <ns3:atemp>34.0</ns3:atemp>
            <ns3:hr>166</ns3:hr>
            <ns3:cad>81</ns3:cad>
          </ns3:TrackPointExtension>
        </extensions>
      </trkpt>
      <trkpt lat="35.54753794334828853607177734375" lon="134.8167513124644756317138671875">
        <ele>6.599999904632568359375</ele>
        <time>2026-08-01T09:03:00.000Z</time>
        <extensions>
          <ns3:TrackPointExtension>
            <ns3:atemp>34.0</ns3:atemp>
            <ns3:hr>166</ns3:hr>
            <ns3:cad>81</ns3:cad>
          </ns3:TrackPointExtension>
        </extensions>
      </trkpt>
      <trkpt lat="35.5475153960287570953369140625" lon="134.81675223447382450103759765625">
        <ele>6.599999904632568359375</ele>
        <time>2026-08-01T09:03:01.000Z</time>
        <extensions>
          <ns3:TrackPointExtension>
            <ns3:atemp>34.0</ns3:atemp>
            <ns3:hr>166</ns3:hr>
            <ns3:cad>82</ns3:cad>
          </ns3:TrackPointExtension>
        </extensions>
      </trkpt>
      <trkpt lat="35.54748279042541980743408203125" lon="134.81675173155963420867919921875">
        <ele>6.80000019073486328125</ele>
        <time>2026-08-01T09:03:02.000Z</time>
        <extensions>
          <ns3:TrackPointExtension>
            <ns3:atemp>34.0</ns3:atemp>
            <ns3:hr>166</ns3:hr>
            <ns3:cad>82</ns3:cad>
          </ns3:TrackPointExtension>
        </extensions>
      </trkpt>
      <trkpt lat="35.547463931143283843994140625" lon="134.81675491668283939361572265625">
        <ele>6.80000019073486328125</ele>
        <time>2026-08-01T09:03:03.000Z</time>
        <extensions>
          <ns3:TrackPointExtension>
            <ns3:atemp>34.0</ns3:atemp>
            <ns3:hr>167</ns3:hr>
            <ns3:cad>82</ns3:cad>
          </ns3:TrackPointExtension>
        </extensions>
      </trkpt>
      <trkpt lat="35.54743719287216663360595703125" lon="134.8167555034160614013671875">
        <ele>6.80000019073486328125</ele>
        <time>2026-08-01T09:03:04.000Z</time>
        <extensions>
          <ns3:TrackPointExtension>
            <ns3:atemp>34.0</ns3:atemp>
            <ns3:hr>167</ns3:hr>
            <ns3:cad>82</ns3:cad>
          </ns3:TrackPointExtension>
        </extensions>
      </trkpt>
      <trkpt lat="35.54740886203944683074951171875" lon="134.81675659306347370147705078125">
        <ele>6.80000019073486328125</ele>
        <time>2026-08-01T09:03:05.000Z</time>
        <extensions>
          <ns3:TrackPointExtension>
            <ns3:atemp>34.0</ns3:atemp>
            <ns3:hr>167</ns3:hr>
            <ns3:cad>82</ns3:cad>
          </ns3:TrackPointExtension>
        </extensions>
      </trkpt>
      <trkpt lat="35.5473920144140720367431640625" lon="134.81676430441439151763916015625">
        <ele>6.80000019073486328125</ele>
        <time>2026-08-01T09:03:06.000Z</time>
        <extensions>
          <ns3:TrackPointExtension>
            <ns3:atemp>34.0</ns3:atemp>
            <ns3:hr>167</ns3:hr>
            <ns3:cad>82</ns3:cad>
          </ns3:TrackPointExtension>
        </extensions>
      </trkpt>
      <trkpt lat="35.54736770689487457275390625" lon="134.81676329858601093292236328125">
        <ele>6.80000019073486328125</ele>
        <time>2026-08-01T09:03:07.000Z</time>
        <extensions>
          <ns3:TrackPointExtension>
            <ns3:atemp>34.0</ns3:atemp>
            <ns3:hr>167</ns3:hr>
            <ns3:cad>82</ns3:cad>
          </ns3:TrackPointExtension>
        </extensions>
      </trkpt>
      <trkpt lat="35.54734448902308940887451171875" lon="134.816759526729583740234375">
        <ele>6.80000019073486328125</ele>
        <time>2026-08-01T09:03:08.000Z</time>
        <extensions>
          <ns3:TrackPointExtension>
            <ns3:atemp>34.0</ns3:atemp>
            <ns3:hr>167</ns3:hr>
            <ns3:cad>82</ns3:cad>
          </ns3:TrackPointExtension>
        </extensions>
      </trkpt>
      <trkpt lat="35.5473239533603191375732421875" lon="134.81675676070153713226318359375">
        <ele>6.80000019073486328125</ele>
        <time>2026-08-01T09:03:09.000Z</time>
        <extensions>
          <ns3:TrackPointExtension>
            <ns3:atemp>34.0</ns3:atemp>
            <ns3:hr>167</ns3:hr>
            <ns3:cad>82</ns3:cad>
          </ns3:TrackPointExtension>
        </extensions>
      </trkpt>
      <trkpt lat="35.54728858172893524169921875" lon="134.81675122864544391632080078125">
        <ele>7</ele>
        <time>2026-08-01T09:03:10.000Z</time>
        <extensions>
          <ns3:TrackPointExtension>
            <ns3:atemp>34.0</ns3:atemp>
            <ns3:hr>167</ns3:hr>
            <ns3:cad>82</ns3:cad>
          </ns3:TrackPointExtension>
        </extensions>
      </trkpt>
      <trkpt lat="35.54726569913327693939208984375" lon="134.81674385257065296173095703125">
        <ele>7.19999980926513671875</ele>
        <time>2026-08-01T09:03:11.000Z</time>
        <extensions>
          <ns3:TrackPointExtension>
            <ns3:atemp>34.0</ns3:atemp>
            <ns3:hr>168</ns3:hr>
            <ns3:cad>82</ns3:cad>
          </ns3:TrackPointExtension>
        </extensions>
      </trkpt>
      <trkpt lat="35.5472409725189208984375" lon="134.816743768751621246337890625">
        <ele>7.19999980926513671875</ele>
        <time>2026-08-01T09:03:12.000Z</time>
        <extensions>
          <ns3:TrackPointExtension>
            <ns3:atemp>34.0</ns3:atemp>
            <ns3:hr>168</ns3:hr>
            <ns3:cad>82</ns3:cad>
          </ns3:TrackPointExtension>
        </extensions>
      </trkpt>
      <trkpt lat="35.54721004329621791839599609375" lon="134.816733710467815399169921875">
        <ele>7.19999980926513671875</ele>
        <time>2026-08-01T09:03:13.000Z</time>
        <extensions>
          <ns3:TrackPointExtension>
            <ns3:atemp>34.0</ns3:atemp>
            <ns3:hr>168</ns3:hr>
            <ns3:cad>82</ns3:cad>
          </ns3:TrackPointExtension>
        </extensions>
      </trkpt>
      <trkpt lat="35.547190010547637939453125" lon="134.81673295609652996063232421875">
        <ele>7.19999980926513671875</ele>
        <time>2026-08-01T09:03:14.000Z</time>
        <extensions>
          <ns3:TrackPointExtension>
            <ns3:atemp>34.0</ns3:atemp>
            <ns3:hr>168</ns3:hr>
            <ns3:cad>81</ns3:cad>
          </ns3:TrackPointExtension>
        </extensions>
      </trkpt>
      <trkpt lat="35.54716628976166248321533203125" lon="134.816732369363307952880859375">
        <ele>7.19999980926513671875</ele>
        <time>2026-08-01T09:03:15.000Z</time>
        <extensions>
          <ns3:TrackPointExtension>
            <ns3:atemp>34.0</ns3:atemp>
            <ns3:hr>168</ns3:hr>
            <ns3:cad>81</ns3:cad>
          </ns3:TrackPointExtension>
        </extensions>
      </trkpt>
      <trkpt lat="35.5471418984234333038330078125" lon="134.81673312373459339141845703125">
        <ele>7</ele>
        <time>2026-08-01T09:03:16.000Z</time>
        <extensions>
          <ns3:TrackPointExtension>
            <ns3:atemp>34.0</ns3:atemp>
            <ns3:hr>168</ns3:hr>
            <ns3:cad>81</ns3:cad>
          </ns3:TrackPointExtension>
        </extensions>
      </trkpt>
      <trkpt lat="35.54712940938770771026611328125" lon="134.816738069057464599609375">
        <ele>7</ele>
        <time>2026-08-01T09:03:17.000Z</time>
        <extensions>
          <ns3:TrackPointExtension>
            <ns3:atemp>34.0</ns3:atemp>
            <ns3:hr>168</ns3:hr>
            <ns3:cad>81</ns3:cad>
          </ns3:TrackPointExtension>
        </extensions>
      </trkpt>
      <trkpt lat="35.54710225202143192291259765625" lon="134.8167254962027072906494140625">
        <ele>7</ele>
        <time>2026-08-01T09:03:18.000Z</time>
        <extensions>
          <ns3:TrackPointExtension>
            <ns3:atemp>34.0</ns3:atemp>
            <ns3:hr>168</ns3:hr>
            <ns3:cad>81</ns3:cad>
          </ns3:TrackPointExtension>
        </extensions>
      </trkpt>
      <trkpt lat="35.547078363597393035888671875" lon="134.81672038324177265167236328125">
        <ele>7</ele>
        <time>2026-08-01T09:03:19.000Z</time>
        <extensions>
          <ns3:TrackPointExtension>
            <ns3:atemp>34.0</ns3:atemp>
            <ns3:hr>168</ns3:hr>
            <ns3:cad>81</ns3:cad>
          </ns3:TrackPointExtension>
        </extensions>
      </trkpt>
      <trkpt lat="35.54705698974430561065673828125" lon="134.8167261667549610137939453125">
        <ele>7</ele>
        <time>2026-08-01T09:03:20.000Z</time>
        <extensions>
          <ns3:TrackPointExtension>
            <ns3:atemp>34.0</ns3:atemp>
            <ns3:hr>168</ns3:hr>
            <ns3:cad>81</ns3:cad>
          </ns3:TrackPointExtension>
        </extensions>
      </trkpt>
      <trkpt lat="35.5470305867493152618408203125" lon="134.816729016602039337158203125">
        <ele>7</ele>
        <time>2026-08-01T09:03:21.000Z</time>
        <extensions>
          <ns3:TrackPointExtension>
            <ns3:atemp>34.0</ns3:atemp>
            <ns3:hr>168</ns3:hr>
            <ns3:cad>81</ns3:cad>
          </ns3:TrackPointExtension>
        </extensions>
      </trkpt>
      <trkpt lat="35.54701239801943302154541015625" lon="134.81671820394694805145263671875">
        <ele>7.19999980926513671875</ele>
        <time>2026-08-01T09:03:22.000Z</time>
        <extensions>
          <ns3:TrackPointExtension>
            <ns3:atemp>34.0</ns3:atemp>
            <ns3:hr>169</ns3:hr>
            <ns3:cad>81</ns3:cad>
          </ns3:TrackPointExtension>
        </extensions>
      </trkpt>
      <trkpt lat="35.54699211381375789642333984375" lon="134.8167040385305881500244140625">
        <ele>7.19999980926513671875</ele>
        <time>2026-08-01T09:03:23.000Z</time>
        <extensions>
          <ns3:TrackPointExtension>
            <ns3:atemp>34.0</ns3:atemp>
            <ns3:hr>168</ns3:hr>
            <ns3:cad>81</ns3:cad>
          </ns3:TrackPointExtension>
        </extensions>
      </trkpt>
      <trkpt lat="35.546976439654827117919921875" lon="134.816668666899204254150390625">
        <ele>7.19999980926513671875</ele>
        <time>2026-08-01T09:03:24.000Z</time>
        <extensions>
          <ns3:TrackPointExtension>
            <ns3:atemp>34.0</ns3:atemp>
            <ns3:hr>168</ns3:hr>
            <ns3:cad>81</ns3:cad>
          </ns3:TrackPointExtension>
        </extensions>
      </trkpt>
      <trkpt lat="35.546969063580036163330078125" lon="134.81665651313960552215576171875">
        <ele>7</ele>
        <time>2026-08-01T09:03:25.000Z</time>
        <extensions>
          <ns3:TrackPointExtension>
            <ns3:atemp>34.0</ns3:atemp>
            <ns3:hr>169</ns3:hr>
            <ns3:cad>81</ns3:cad>
          </ns3:TrackPointExtension>
        </extensions>
      </trkpt>
      <trkpt lat="35.54696495644748210906982421875" lon="134.81662700884044170379638671875">
        <ele>7</ele>
        <time>2026-08-01T09:03:26.000Z</time>
        <extensions>
          <ns3:TrackPointExtension>
            <ns3:atemp>34.0</ns3:atemp>
            <ns3:hr>168</ns3:hr>
            <ns3:cad>81</ns3:cad>
          </ns3:TrackPointExtension>
        </extensions>
      </trkpt>
      <trkpt lat="35.54696579463779926300048828125" lon="134.81658979319036006927490234375">
        <ele>6.80000019073486328125</ele>
        <time>2026-08-01T09:03:27.000Z</time>
        <extensions>
          <ns3:TrackPointExtension>
            <ns3:atemp>34.0</ns3:atemp>
            <ns3:hr>168</ns3:hr>
            <ns3:cad>81</ns3:cad>
          </ns3:TrackPointExtension>
        </extensions>
      </trkpt>
      <trkpt lat="35.54696001112461090087890625" lon="134.816564731299877166748046875">
        <ele>6.80000019073486328125</ele>
        <time>2026-08-01T09:03:28.000Z</time>
        <extensions>
          <ns3:TrackPointExtension>
            <ns3:atemp>34.0</ns3:atemp>
            <ns3:hr>168</ns3:hr>
            <ns3:cad>81</ns3:cad>
          </ns3:TrackPointExtension>
        </extensions>
      </trkpt>
      <trkpt lat="35.54696747101843357086181640625" lon="134.81652441434562206268310546875">
        <ele>6.80000019073486328125</ele>
        <time>2026-08-01T09:03:29.000Z</time>
        <extensions>
          <ns3:TrackPointExtension>
            <ns3:atemp>34.0</ns3:atemp>
            <ns3:hr>169</ns3:hr>
            <ns3:cad>81</ns3:cad>
          </ns3:TrackPointExtension>
        </extensions>
      </trkpt>
      <trkpt lat="35.54696797393262386322021484375" lon="134.8164954967796802520751953125">
        <ele>6.80000019073486328125</ele>
        <time>2026-08-01T09:03:30.000Z</time>
        <extensions>
          <ns3:TrackPointExtension>
            <ns3:atemp>34.0</ns3:atemp>
            <ns3:hr>168</ns3:hr>
            <ns3:cad>83</ns3:cad>
          </ns3:TrackPointExtension>
        </extensions>
      </trkpt>
      <trkpt lat="35.54696537554264068603515625" lon="134.81646507047116756439208984375">
        <ele>6.80000019073486328125</ele>
        <time>2026-08-01T09:03:31.000Z</time>
        <extensions>
          <ns3:TrackPointExtension>
            <ns3:atemp>34.0</ns3:atemp>
            <ns3:hr>168</ns3:hr>
            <ns3:cad>83</ns3:cad>
          </ns3:TrackPointExtension>
        </extensions>
      </trkpt>
      <trkpt lat="35.5469652079045772552490234375" lon="134.8164291121065616607666015625">
        <ele>6.80000019073486328125</ele>
        <time>2026-08-01T09:03:32.000Z</time>
        <extensions>
          <ns3:TrackPointExtension>
            <ns3:atemp>34.0</ns3:atemp>
            <ns3:hr>168</ns3:hr>
            <ns3:cad>83</ns3:cad>
          </ns3:TrackPointExtension>
        </extensions>
      </trkpt>
      <trkpt lat="35.5469668842852115631103515625" lon="134.8164014518260955810546875">
        <ele>6.80000019073486328125</ele>
        <time>2026-08-01T09:03:33.000Z</time>
        <extensions>
          <ns3:TrackPointExtension>
            <ns3:atemp>34.0</ns3:atemp>
            <ns3:hr>168</ns3:hr>
            <ns3:cad>82</ns3:cad>
          </ns3:TrackPointExtension>
        </extensions>
      </trkpt>
      <trkpt lat="35.54696562699973583221435546875" lon="134.81637018732726573944091796875">
        <ele>7</ele>
        <time>2026-08-01T09:03:34.000Z</time>
        <extensions>
          <ns3:TrackPointExtension>
            <ns3:atemp>34.0</ns3:atemp>
            <ns3:hr>168</ns3:hr>
            <ns3:cad>82</ns3:cad>
          </ns3:TrackPointExtension>
        </extensions>
      </trkpt>
      <trkpt lat="35.54696763865649700164794921875" lon="134.81633867137134075164794921875">
        <ele>7</ele>
        <time>2026-08-01T09:03:35.000Z</time>
        <extensions>
          <ns3:TrackPointExtension>
            <ns3:atemp>34.0</ns3:atemp>
            <ns3:hr>168</ns3:hr>
            <ns3:cad>82</ns3:cad>
          </ns3:TrackPointExtension>
        </extensions>
      </trkpt>
      <trkpt lat="35.54696311242878437042236328125" lon="134.8163156211376190185546875">
        <ele>7</ele>
        <time>2026-08-01T09:03:36.000Z</time>
        <extensions>
          <ns3:TrackPointExtension>
            <ns3:atemp>34.0</ns3:atemp>
            <ns3:hr>168</ns3:hr>
            <ns3:cad>82</ns3:cad>
          </ns3:TrackPointExtension>
        </extensions>
      </trkpt>
      <trkpt lat="35.54696663282811641693115234375" lon="134.81628142297267913818359375">
        <ele>6.80000019073486328125</ele>
        <time>2026-08-01T09:03:37.000Z</time>
        <extensions>
          <ns3:TrackPointExtension>
            <ns3:atemp>34.0</ns3:atemp>
            <ns3:hr>168</ns3:hr>
            <ns3:cad>82</ns3:cad>
          </ns3:TrackPointExtension>
        </extensions>
      </trkpt>
      <trkpt lat="35.546965040266513824462890625" lon="134.816249907016754150390625">
        <ele>6.80000019073486328125</ele>
        <time>2026-08-01T09:03:38.000Z</time>
        <extensions>
          <ns3:TrackPointExtension>
            <ns3:atemp>34.0</ns3:atemp>
            <ns3:hr>167</ns3:hr>
            <ns3:cad>82</ns3:cad>
          </ns3:TrackPointExtension>
        </extensions>
      </trkpt>
      <trkpt lat="35.54696210660040378570556640625" lon="134.81622241437435150146484375">
        <ele>6.80000019073486328125</ele>
        <time>2026-08-01T09:03:39.000Z</time>
        <extensions>
          <ns3:TrackPointExtension>
            <ns3:atemp>34.0</ns3:atemp>
            <ns3:hr>167</ns3:hr>
            <ns3:cad>82</ns3:cad>
          </ns3:TrackPointExtension>
        </extensions>
      </trkpt>
      <trkpt lat="35.546963699162006378173828125" lon="134.8161914013326168060302734375">
        <ele>6.80000019073486328125</ele>
        <time>2026-08-01T09:03:40.000Z</time>
        <extensions>
          <ns3:TrackPointExtension>
            <ns3:atemp>34.0</ns3:atemp>
            <ns3:hr>168</ns3:hr>
            <ns3:cad>82</ns3:cad>
          </ns3:TrackPointExtension>
        </extensions>
      </trkpt>
      <trkpt lat="35.5469658784568309783935546875" lon="134.816161729395389556884765625">
        <ele>6.80000019073486328125</ele>
        <time>2026-08-01T09:03:41.000Z</time>
        <extensions>
          <ns3:TrackPointExtension>
            <ns3:atemp>34.0</ns3:atemp>
            <ns3:hr>168</ns3:hr>
            <ns3:cad>82</ns3:cad>
          </ns3:TrackPointExtension>
        </extensions>
      </trkpt>
      <trkpt lat="35.546965040266513824462890625" lon="134.81613381765782833099365234375">
        <ele>7</ele>
        <time>2026-08-01T09:03:42.000Z</time>
        <extensions>
          <ns3:TrackPointExtension>
            <ns3:atemp>34.0</ns3:atemp>
            <ns3:hr>168</ns3:hr>
            <ns3:cad>82</ns3:cad>
          </ns3:TrackPointExtension>
        </extensions>
      </trkpt>
      <trkpt lat="35.5469668842852115631103515625" lon="134.8161005415022373199462890625">
        <ele>6.80000019073486328125</ele>
        <time>2026-08-01T09:03:43.000Z</time>
        <extensions>
          <ns3:TrackPointExtension>
            <ns3:atemp>34.0</ns3:atemp>
            <ns3:hr>168</ns3:hr>
            <ns3:cad>82</ns3:cad>
          </ns3:TrackPointExtension>
        </extensions>
      </trkpt>
      <trkpt lat="35.54696026258170604705810546875" lon="134.81607916764914989471435546875">
        <ele>6.80000019073486328125</ele>
        <time>2026-08-01T09:03:44.000Z</time>
        <extensions>
          <ns3:TrackPointExtension>
            <ns3:atemp>34.0</ns3:atemp>
            <ns3:hr>168</ns3:hr>
            <ns3:cad>82</ns3:cad>
          </ns3:TrackPointExtension>
        </extensions>
      </trkpt>
      <trkpt lat="35.54696361534297466278076171875" lon="134.81604077853262424468994140625">
        <ele>6.80000019073486328125</ele>
        <time>2026-08-01T09:03:45.000Z</time>
        <extensions>
          <ns3:TrackPointExtension>
            <ns3:atemp>34.0</ns3:atemp>
            <ns3:hr>167</ns3:hr>
            <ns3:cad>82</ns3:cad>
          </ns3:TrackPointExtension>
        </extensions>
      </trkpt>
      <trkpt lat="35.546963699162006378173828125" lon="134.816008843481540679931640625">
        <ele>7</ele>
        <time>2026-08-01T09:03:46.000Z</time>
        <extensions>
          <ns3:TrackPointExtension>
            <ns3:atemp>34.0</ns3:atemp>
            <ns3:hr>168</ns3:hr>
            <ns3:cad>82</ns3:cad>
          </ns3:TrackPointExtension>
        </extensions>
      </trkpt>
      <trkpt lat="35.54695959202945232391357421875" lon="134.8159805126488208770751953125">
        <ele>7</ele>
        <time>2026-08-01T09:03:47.000Z</time>
        <extensions>
          <ns3:TrackPointExtension>
            <ns3:atemp>34.0</ns3:atemp>
            <ns3:hr>168</ns3:hr>
            <ns3:cad>82</ns3:cad>
          </ns3:TrackPointExtension>
        </extensions>
      </trkpt>
      <trkpt lat="35.54696043021976947784423828125" lon="134.81595285236835479736328125">
        <ele>7</ele>
        <time>2026-08-01T09:03:48.000Z</time>
        <extensions>
          <ns3:TrackPointExtension>
            <ns3:atemp>34.0</ns3:atemp>
            <ns3:hr>168</ns3:hr>
            <ns3:cad>82</ns3:cad>
          </ns3:TrackPointExtension>
        </extensions>
      </trkpt>
      <trkpt lat="35.546956323087215423583984375" lon="134.8159272037446498870849609375">
        <ele>7.19999980926513671875</ele>
        <time>2026-08-01T09:03:49.000Z</time>
        <extensions>
          <ns3:TrackPointExtension>
            <ns3:atemp>34.0</ns3:atemp>
            <ns3:hr>168</ns3:hr>
            <ns3:cad>82</ns3:cad>
          </ns3:TrackPointExtension>
        </extensions>
      </trkpt>
      <trkpt lat="35.54695171304047107696533203125" lon="134.81590063311159610748291015625">
        <ele>7.19999980926513671875</ele>
        <time>2026-08-01T09:03:50.000Z</time>
        <extensions>
          <ns3:TrackPointExtension>
            <ns3:atemp>34.0</ns3:atemp>
            <ns3:hr>168</ns3:hr>
            <ns3:cad>82</ns3:cad>
          </ns3:TrackPointExtension>
        </extensions>
      </trkpt>
      <trkpt lat="35.54695188067853450775146484375" lon="134.81586475856602191925048828125">
        <ele>7.19999980926513671875</ele>
        <time>2026-08-01T09:03:51.000Z</time>
        <extensions>
          <ns3:TrackPointExtension>
            <ns3:atemp>34.0</ns3:atemp>
            <ns3:hr>167</ns3:hr>
            <ns3:cad>82</ns3:cad>
          </ns3:TrackPointExtension>
        </extensions>
      </trkpt>
      <trkpt lat="35.5469464324414730072021484375" lon="134.81584464199841022491455078125">
        <ele>7.19999980926513671875</ele>
        <time>2026-08-01T09:03:52.000Z</time>
        <extensions>
          <ns3:TrackPointExtension>
            <ns3:atemp>34.0</ns3:atemp>
            <ns3:hr>168</ns3:hr>
            <ns3:cad>82</ns3:cad>
          </ns3:TrackPointExtension>
        </extensions>
      </trkpt>
      <trkpt lat="35.54694802500307559967041015625" lon="134.8158095218241214752197265625">
        <ele>7.19999980926513671875</ele>
        <time>2026-08-01T09:03:53.000Z</time>
        <extensions>
          <ns3:TrackPointExtension>
            <ns3:atemp>34.0</ns3:atemp>
            <ns3:hr>168</ns3:hr>
            <ns3:cad>82</ns3:cad>
          </ns3:TrackPointExtension>
        </extensions>
      </trkpt>
      <trkpt lat="35.54694752208888530731201171875" lon="134.8157793469727039337158203125">
        <ele>7.19999980926513671875</ele>
        <time>2026-08-01T09:03:54.000Z</time>
        <extensions>
          <ns3:TrackPointExtension>
            <ns3:atemp>34.0</ns3:atemp>
            <ns3:hr>167</ns3:hr>
            <ns3:cad>81</ns3:cad>
          </ns3:TrackPointExtension>
        </extensions>
      </trkpt>
      <trkpt lat="35.5469390563666820526123046875" lon="134.8157572187483310699462890625">
        <ele>7</ele>
        <time>2026-08-01T09:03:55.000Z</time>
        <extensions>
          <ns3:TrackPointExtension>
            <ns3:atemp>34.0</ns3:atemp>
            <ns3:hr>168</ns3:hr>
            <ns3:cad>81</ns3:cad>
          </ns3:TrackPointExtension>
        </extensions>
      </trkpt>
      <trkpt lat="35.546938218176364898681640625" lon="134.81572243385016918182373046875">
        <ele>7</ele>
        <time>2026-08-01T09:03:56.000Z</time>
        <extensions>
          <ns3:TrackPointExtension>
            <ns3:atemp>34.0</ns3:atemp>
            <ns3:hr>167</ns3:hr>
            <ns3:cad>81</ns3:cad>
          </ns3:TrackPointExtension>
        </extensions>
      </trkpt>
      <trkpt lat="35.54694383405148983001708984375" lon="134.815695695579051971435546875">
        <ele>7</ele>
        <time>2026-08-01T09:03:57.000Z</time>
        <extensions>
          <ns3:TrackPointExtension>
            <ns3:atemp>34.0</ns3:atemp>
            <ns3:hr>167</ns3:hr>
            <ns3:cad>81</ns3:cad>
          </ns3:TrackPointExtension>
        </extensions>
      </trkpt>
      <trkpt lat="35.5469538085162639617919921875" lon="134.815666191279888153076171875">
        <ele>7.19999980926513671875</ele>
        <time>2026-08-01T09:03:58.000Z</time>
        <extensions>
          <ns3:TrackPointExtension>
            <ns3:atemp>34.0</ns3:atemp>
            <ns3:hr>167</ns3:hr>
            <ns3:cad>81</ns3:cad>
          </ns3:TrackPointExtension>
        </extensions>
      </trkpt>
      <trkpt lat="35.54697719402611255645751953125" lon="134.815636686980724334716796875">
        <ele>7.19999980926513671875</ele>
        <time>2026-08-01T09:03:59.000Z</time>
        <extensions>
          <ns3:TrackPointExtension>
            <ns3:atemp>34.0</ns3:atemp>
            <ns3:hr>167</ns3:hr>
            <ns3:cad>81</ns3:cad>
          </ns3:TrackPointExtension>
        </extensions>
      </trkpt>
      <trkpt lat="35.54698943160474300384521484375" lon="134.81562428176403045654296875">
        <ele>7.19999980926513671875</ele>
        <time>2026-08-01T09:04:00.000Z</time>
        <extensions>
          <ns3:TrackPointExtension>
            <ns3:atemp>34.0</ns3:atemp>
            <ns3:hr>167</ns3:hr>
            <ns3:cad>83</ns3:cad>
          </ns3:TrackPointExtension>
        </extensions>
      </trkpt>
      <trkpt lat="35.54701625369489192962646484375" lon="134.81561011634767055511474609375">
        <ele>7.19999980926513671875</ele>
        <time>2026-08-01T09:04:01.000Z</time>
        <extensions>
          <ns3:TrackPointExtension>
            <ns3:atemp>34.0</ns3:atemp>
            <ns3:hr>166</ns3:hr>
            <ns3:cad>83</ns3:cad>
          </ns3:TrackPointExtension>
        </extensions>
      </trkpt>
      <trkpt lat="35.54704374633729457855224609375" lon="134.8156039975583553314208984375">
        <ele>7.19999980926513671875</ele>
        <time>2026-08-01T09:04:02.000Z</time>
        <extensions>
          <ns3:TrackPointExtension>
            <ns3:atemp>34.0</ns3:atemp>
            <ns3:hr>167</ns3:hr>
            <ns3:cad>83</ns3:cad>
          </ns3:TrackPointExtension>
        </extensions>
      </trkpt>
      <trkpt lat="35.547066628932952880859375" lon="134.81559771113097667694091796875">
        <ele>7</ele>
        <time>2026-08-01T09:04:03.000Z</time>
        <extensions>
          <ns3:TrackPointExtension>
            <ns3:atemp>34.0</ns3:atemp>
            <ns3:hr>167</ns3:hr>
            <ns3:cad>82</ns3:cad>
          </ns3:TrackPointExtension>
        </extensions>
      </trkpt>
      <trkpt lat="35.54709412157535552978515625" lon="134.8155972920358180999755859375">
        <ele>7</ele>
        <time>2026-08-01T09:04:04.000Z</time>
        <extensions>
          <ns3:TrackPointExtension>
            <ns3:atemp>34.0</ns3:atemp>
            <ns3:hr>166</ns3:hr>
            <ns3:cad>82</ns3:cad>
          </ns3:TrackPointExtension>
        </extensions>
      </trkpt>
      <trkpt lat="35.5471184290945529937744140625" lon="134.81559586711227893829345703125">
        <ele>7</ele>
        <time>2026-08-01T09:04:05.000Z</time>
        <extensions>
          <ns3:TrackPointExtension>
            <ns3:atemp>34.0</ns3:atemp>
            <ns3:hr>166</ns3:hr>
            <ns3:cad>82</ns3:cad>
          </ns3:TrackPointExtension>
        </extensions>
      </trkpt>
      <trkpt lat="35.54714131169021129608154296875" lon="134.8155882395803928375244140625">
        <ele>7</ele>
        <time>2026-08-01T09:04:06.000Z</time>
        <extensions>
          <ns3:TrackPointExtension>
            <ns3:atemp>34.0</ns3:atemp>
            <ns3:hr>166</ns3:hr>
            <ns3:cad>82</ns3:cad>
          </ns3:TrackPointExtension>
        </extensions>
      </trkpt>
      <trkpt lat="35.54717014543712139129638671875" lon="134.8155852220952510833740234375">
        <ele>7</ele>
        <time>2026-08-01T09:04:07.000Z</time>
        <extensions>
          <ns3:TrackPointExtension>
            <ns3:atemp>34.0</ns3:atemp>
            <ns3:hr>166</ns3:hr>
            <ns3:cad>82</ns3:cad>
          </ns3:TrackPointExtension>
        </extensions>
      </trkpt>
      <trkpt lat="35.54719470441341400146484375" lon="134.81558463536202907562255859375">
        <ele>7.19999980926513671875</ele>
        <time>2026-08-01T09:04:08.000Z</time>
        <extensions>
          <ns3:TrackPointExtension>
            <ns3:atemp>34.0</ns3:atemp>
            <ns3:hr>166</ns3:hr>
            <ns3:cad>82</ns3:cad>
          </ns3:TrackPointExtension>
        </extensions>
      </trkpt>
      <trkpt lat="35.54721909575164318084716796875" lon="134.81558664701879024505615234375">
        <ele>7.19999980926513671875</ele>
        <time>2026-08-01T09:04:09.000Z</time>
        <extensions>
          <ns3:TrackPointExtension>
            <ns3:atemp>34.0</ns3:atemp>
            <ns3:hr>166</ns3:hr>
            <ns3:cad>82</ns3:cad>
          </ns3:TrackPointExtension>
        </extensions>
      </trkpt>
      <trkpt lat="35.54724658839404582977294921875" lon="134.81558832339942455291748046875">
        <ele>7.19999980926513671875</ele>
        <time>2026-08-01T09:04:10.000Z</time>
        <extensions>
          <ns3:TrackPointExtension>
            <ns3:atemp>34.0</ns3:atemp>
            <ns3:hr>166</ns3:hr>
            <ns3:cad>82</ns3:cad>
          </ns3:TrackPointExtension>
        </extensions>
      </trkpt>
      <trkpt lat="35.54726720787584781646728515625" lon="134.81557734310626983642578125">
        <ele>7.400000095367431640625</ele>
        <time>2026-08-01T09:04:11.000Z</time>
        <extensions>
          <ns3:TrackPointExtension>
            <ns3:atemp>34.0</ns3:atemp>
            <ns3:hr>166</ns3:hr>
            <ns3:cad>82</ns3:cad>
          </ns3:TrackPointExtension>
        </extensions>
      </trkpt>
      <trkpt lat="35.54729855619370937347412109375" lon="134.8155801929533481597900390625">
        <ele>7.400000095367431640625</ele>
        <time>2026-08-01T09:04:12.000Z</time>
        <extensions>
          <ns3:TrackPointExtension>
            <ns3:atemp>34.0</ns3:atemp>
            <ns3:hr>167</ns3:hr>
            <ns3:cad>82</ns3:cad>
          </ns3:TrackPointExtension>
        </extensions>
      </trkpt>
      <trkpt lat="35.54732219316065311431884765625" lon="134.81558807194232940673828125">
        <ele>7.19999980926513671875</ele>
        <time>2026-08-01T09:04:13.000Z</time>
        <extensions>
          <ns3:TrackPointExtension>
            <ns3:atemp>34.0</ns3:atemp>
            <ns3:hr>168</ns3:hr>
            <ns3:cad>82</ns3:cad>
          </ns3:TrackPointExtension>
        </extensions>
      </trkpt>
      <trkpt lat="35.547344572842121124267578125" lon="134.8155835457146167755126953125">
        <ele>7.19999980926513671875</ele>
        <time>2026-08-01T09:04:14.000Z</time>
        <extensions>
          <ns3:TrackPointExtension>
            <ns3:atemp>34.0</ns3:atemp>
            <ns3:hr>169</ns3:hr>
            <ns3:cad>82</ns3:cad>
          </ns3:TrackPointExtension>
        </extensions>
      </trkpt>
      <trkpt lat="35.54737265221774578094482421875" lon="134.81557658873498439788818359375">
        <ele>7.19999980926513671875</ele>
        <time>2026-08-01T09:04:15.000Z</time>
        <extensions>
          <ns3:TrackPointExtension>
            <ns3:atemp>34.0</ns3:atemp>
            <ns3:hr>169</ns3:hr>
            <ns3:cad>82</ns3:cad>
          </ns3:TrackPointExtension>
        </extensions>
      </trkpt>
      <trkpt lat="35.547387488186359405517578125" lon="134.81557474471628665924072265625">
        <ele>7</ele>
        <time>2026-08-01T09:04:16.000Z</time>
        <extensions>
          <ns3:TrackPointExtension>
            <ns3:atemp>34.0</ns3:atemp>
            <ns3:hr>169</ns3:hr>
            <ns3:cad>82</ns3:cad>
          </ns3:TrackPointExtension>
        </extensions>
      </trkpt>
      <trkpt lat="35.54741037078201770782470703125" lon="134.815574996173381805419921875">
        <ele>7</ele>
        <time>2026-08-01T09:04:17.000Z</time>
        <extensions>
          <ns3:TrackPointExtension>
            <ns3:atemp>34.0</ns3:atemp>
            <ns3:hr>170</ns3:hr>
            <ns3:cad>82</ns3:cad>
          </ns3:TrackPointExtension>
        </extensions>
      </trkpt>
      <trkpt lat="35.54743333719670772552490234375" lon="134.8155734874308109283447265625">
        <ele>7</ele>
        <time>2026-08-01T09:04:18.000Z</time>
        <extensions>
          <ns3:TrackPointExtension>
            <ns3:atemp>34.0</ns3:atemp>
            <ns3:hr>171</ns3:hr>
            <ns3:cad>83</ns3:cad>
          </ns3:TrackPointExtension>
        </extensions>
      </trkpt>
      <trkpt lat="35.54744683206081390380859375" lon="134.81556435115635395050048828125">
        <ele>7</ele>
        <time>2026-08-01T09:04:19.000Z</time>
        <extensions>
          <ns3:TrackPointExtension>
            <ns3:atemp>34.0</ns3:atemp>
            <ns3:hr>171</ns3:hr>
            <ns3:cad>83</ns3:cad>
          </ns3:TrackPointExtension>
        </extensions>
      </trkpt>
      <trkpt lat="35.54747608490288257598876953125" lon="134.81556435115635395050048828125">
        <ele>7</ele>
        <time>2026-08-01T09:04:20.000Z</time>
        <extensions>
          <ns3:TrackPointExtension>
            <ns3:atemp>34.0</ns3:atemp>
            <ns3:hr>171</ns3:hr>
            <ns3:cad>82</ns3:cad>
          </ns3:TrackPointExtension>
        </extensions>
      </trkpt>
      <trkpt lat="35.547496117651462554931640625" lon="134.81556468643248081207275390625">
        <ele>7.19999980926513671875</ele>
        <time>2026-08-01T09:04:21.000Z</time>
        <extensions>
          <ns3:TrackPointExtension>
            <ns3:atemp>34.0</ns3:atemp>
            <ns3:hr>171</ns3:hr>
            <ns3:cad>82</ns3:cad>
          </ns3:TrackPointExtension>
        </extensions>
      </trkpt>
      <trkpt lat="35.54751749150454998016357421875" lon="134.8155597411096096038818359375">
        <ele>7.19999980926513671875</ele>
        <time>2026-08-01T09:04:22.000Z</time>
        <extensions>
          <ns3:TrackPointExtension>
            <ns3:atemp>34.0</ns3:atemp>
            <ns3:hr>171</ns3:hr>
            <ns3:cad>82</ns3:cad>
          </ns3:TrackPointExtension>
        </extensions>
      </trkpt>
      <trkpt lat="35.5475475825369358062744140625" lon="134.815561585128307342529296875">
        <ele>7.19999980926513671875</ele>
        <time>2026-08-01T09:04:23.000Z</time>
        <extensions>
          <ns3:TrackPointExtension>
            <ns3:atemp>34.0</ns3:atemp>
            <ns3:hr>171</ns3:hr>
            <ns3:cad>83</ns3:cad>
          </ns3:TrackPointExtension>
        </extensions>
      </trkpt>
      <trkpt lat="35.54756619036197662353515625" lon="134.81555965729057788848876953125">
        <ele>7.19999980926513671875</ele>
        <time>2026-08-01T09:04:24.000Z</time>
        <extensions>
          <ns3:TrackPointExtension>
            <ns3:atemp>34.0</ns3:atemp>
            <ns3:hr>170</ns3:hr>
            <ns3:cad>83</ns3:cad>
          </ns3:TrackPointExtension>
        </extensions>
      </trkpt>
      <trkpt lat="35.54759309627115726470947265625" lon="134.81556150130927562713623046875">
        <ele>7.19999980926513671875</ele>
        <time>2026-08-01T09:04:25.000Z</time>
        <extensions>
          <ns3:TrackPointExtension>
            <ns3:atemp>34.0</ns3:atemp>
            <ns3:hr>171</ns3:hr>
            <ns3:cad>83</ns3:cad>
          </ns3:TrackPointExtension>
        </extensions>
      </trkpt>
      <trkpt lat="35.54762176238000392913818359375" lon="134.8155654408037662506103515625">
        <ele>7.19999980926513671875</ele>
        <time>2026-08-01T09:04:26.000Z</time>
        <extensions>
          <ns3:TrackPointExtension>
            <ns3:atemp>34.0</ns3:atemp>
            <ns3:hr>171</ns3:hr>
            <ns3:cad>81</ns3:cad>
          </ns3:TrackPointExtension>
        </extensions>
      </trkpt>
      <trkpt lat="35.54764254949986934661865234375" lon="134.8155592381954193115234375">
        <ele>7.19999980926513671875</ele>
        <time>2026-08-01T09:04:27.000Z</time>
        <extensions>
          <ns3:TrackPointExtension>
            <ns3:atemp>34.0</ns3:atemp>
            <ns3:hr>171</ns3:hr>
            <ns3:cad>81</ns3:cad>
          </ns3:TrackPointExtension>
        </extensions>
      </trkpt>
      <trkpt lat="35.54767339490354061126708984375" lon="134.81556384824216365814208984375">
        <ele>7.19999980926513671875</ele>
        <time>2026-08-01T09:04:28.000Z</time>
        <extensions>
          <ns3:TrackPointExtension>
            <ns3:atemp>34.0</ns3:atemp>
            <ns3:hr>171</ns3:hr>
            <ns3:cad>82</ns3:cad>
          </ns3:TrackPointExtension>
        </extensions>
      </trkpt>
      <trkpt lat="35.5476929247379302978515625" lon="134.815556891262531280517578125">
        <ele>7.19999980926513671875</ele>
        <time>2026-08-01T09:04:29.000Z</time>
        <extensions>
          <ns3:TrackPointExtension>
            <ns3:atemp>34.0</ns3:atemp>
            <ns3:hr>171</ns3:hr>
            <ns3:cad>82</ns3:cad>
          </ns3:TrackPointExtension>
        </extensions>
      </trkpt>
      <trkpt lat="35.54771563969552516937255859375" lon="134.81554943136870861053466796875">
        <ele>7.19999980926513671875</ele>
        <time>2026-08-01T09:04:30.000Z</time>
        <extensions>
          <ns3:TrackPointExtension>
            <ns3:atemp>34.0</ns3:atemp>
            <ns3:hr>171</ns3:hr>
            <ns3:cad>82</ns3:cad>
          </ns3:TrackPointExtension>
        </extensions>
      </trkpt>
      <trkpt lat="35.5477438867092132568359375" lon="134.81554607860743999481201171875">
        <ele>7.19999980926513671875</ele>
        <time>2026-08-01T09:04:31.000Z</time>
        <extensions>
          <ns3:TrackPointExtension>
            <ns3:atemp>34.0</ns3:atemp>
            <ns3:hr>171</ns3:hr>
            <ns3:cad>82</ns3:cad>
          </ns3:TrackPointExtension>
        </extensions>
      </trkpt>
      <trkpt lat="35.54776333272457122802734375" lon="134.815546162426471710205078125">
        <ele>7.19999980926513671875</ele>
        <time>2026-08-01T09:04:32.000Z</time>
        <extensions>
          <ns3:TrackPointExtension>
            <ns3:atemp>34.0</ns3:atemp>
            <ns3:hr>171</ns3:hr>
            <ns3:cad>82</ns3:cad>
          </ns3:TrackPointExtension>
        </extensions>
      </trkpt>
      <trkpt lat="35.547788143157958984375" lon="134.81554306112229824066162109375">
        <ele>7.19999980926513671875</ele>
        <time>2026-08-01T09:04:33.000Z</time>
        <extensions>
          <ns3:TrackPointExtension>
            <ns3:atemp>34.0</ns3:atemp>
            <ns3:hr>171</ns3:hr>
            <ns3:cad>82</ns3:cad>
          </ns3:TrackPointExtension>
        </extensions>
      </trkpt>
      <trkpt lat="35.54781789891421794891357421875" lon="134.81555320322513580322265625">
        <ele>7.19999980926513671875</ele>
        <time>2026-08-01T09:04:34.000Z</time>
        <extensions>
          <ns3:TrackPointExtension>
            <ns3:atemp>34.0</ns3:atemp>
            <ns3:hr>171</ns3:hr>
            <ns3:cad>82</ns3:cad>
          </ns3:TrackPointExtension>
        </extensions>
      </trkpt>
      <trkpt lat="35.5478352494537830352783203125" lon="134.815552197396755218505859375">
        <ele>7.19999980926513671875</ele>
        <time>2026-08-01T09:04:35.000Z</time>
        <extensions>
          <ns3:TrackPointExtension>
            <ns3:atemp>34.0</ns3:atemp>
            <ns3:hr>172</ns3:hr>
            <ns3:cad>82</ns3:cad>
          </ns3:TrackPointExtension>
        </extensions>
      </trkpt>
      <trkpt lat="35.54786534048616886138916015625" lon="134.8155610822141170501708984375">
        <ele>7.19999980926513671875</ele>
        <time>2026-08-01T09:04:36.000Z</time>
        <extensions>
          <ns3:TrackPointExtension>
            <ns3:atemp>34.0</ns3:atemp>
            <ns3:hr>172</ns3:hr>
            <ns3:cad>82</ns3:cad>
          </ns3:TrackPointExtension>
        </extensions>
      </trkpt>
      <trkpt lat="35.54789015091955661773681640625" lon="134.81556669808924198150634765625">
        <ele>7</ele>
        <time>2026-08-01T09:04:37.000Z</time>
        <extensions>
          <ns3:TrackPointExtension>
            <ns3:atemp>34.0</ns3:atemp>
            <ns3:hr>172</ns3:hr>
            <ns3:cad>82</ns3:cad>
          </ns3:TrackPointExtension>
        </extensions>
      </trkpt>
      <trkpt lat="35.54791621863842010498046875" lon="134.8155634291470050811767578125">
        <ele>7</ele>
        <time>2026-08-01T09:04:38.000Z</time>
        <extensions>
          <ns3:TrackPointExtension>
            <ns3:atemp>34.0</ns3:atemp>
            <ns3:hr>172</ns3:hr>
            <ns3:cad>82</ns3:cad>
          </ns3:TrackPointExtension>
        </extensions>
      </trkpt>
      <trkpt lat="35.54794840514659881591796875" lon="134.81557725928723812103271484375">
        <ele>7</ele>
        <time>2026-08-01T09:04:39.000Z</time>
        <extensions>
          <ns3:TrackPointExtension>
            <ns3:atemp>34.0</ns3:atemp>
            <ns3:hr>171</ns3:hr>
            <ns3:cad>82</ns3:cad>
          </ns3:TrackPointExtension>
        </extensions>
      </trkpt>
      <trkpt lat="35.54796894080936908721923828125" lon="134.8155982978641986846923828125">
        <ele>6.80000019073486328125</ele>
        <time>2026-08-01T09:04:40.000Z</time>
        <extensions>
          <ns3:TrackPointExtension>
            <ns3:atemp>34.0</ns3:atemp>
            <ns3:hr>171</ns3:hr>
            <ns3:cad>82</ns3:cad>
          </ns3:TrackPointExtension>
        </extensions>
      </trkpt>
      <trkpt lat="35.5479800887405872344970703125" lon="134.81562822125852108001708984375">
        <ele>7</ele>
        <time>2026-08-01T09:04:41.000Z</time>
        <extensions>
          <ns3:TrackPointExtension>
            <ns3:atemp>34.0</ns3:atemp>
            <ns3:hr>171</ns3:hr>
            <ns3:cad>82</ns3:cad>
          </ns3:TrackPointExtension>
        </extensions>
      </trkpt>
      <trkpt lat="35.54798285476863384246826171875" lon="134.81566795147955417633056640625">
        <ele>7</ele>
        <time>2026-08-01T09:04:42.000Z</time>
        <extensions>
          <ns3:TrackPointExtension>
            <ns3:atemp>34.0</ns3:atemp>
            <ns3:hr>171</ns3:hr>
            <ns3:cad>81</ns3:cad>
          </ns3:TrackPointExtension>
        </extensions>
      </trkpt>
      <trkpt lat="35.5479908175766468048095703125" lon="134.81569259427487850189208984375">
        <ele>7</ele>
        <time>2026-08-01T09:04:43.000Z</time>
        <extensions>
          <ns3:TrackPointExtension>
            <ns3:atemp>34.0</ns3:atemp>
            <ns3:hr>171</ns3:hr>
            <ns3:cad>81</ns3:cad>
          </ns3:TrackPointExtension>
        </extensions>
      </trkpt>
      <trkpt lat="35.54799525998532772064208984375" lon="134.81572846882045269012451171875">
        <ele>7</ele>
        <time>2026-08-01T09:04:44.000Z</time>
        <extensions>
          <ns3:TrackPointExtension>
            <ns3:atemp>34.0</ns3:atemp>
            <ns3:hr>171</ns3:hr>
            <ns3:cad>81</ns3:cad>
          </ns3:TrackPointExtension>
        </extensions>
      </trkpt>
      <trkpt lat="35.5479934997856616973876953125" lon="134.81576451100409030914306640625">
        <ele>7</ele>
        <time>2026-08-01T09:04:45.000Z</time>
        <extensions>
          <ns3:TrackPointExtension>
            <ns3:atemp>34.0</ns3:atemp>
            <ns3:hr>171</ns3:hr>
            <ns3:cad>82</ns3:cad>
          </ns3:TrackPointExtension>
        </extensions>
      </trkpt>
      <trkpt lat="35.54799802601337432861328125" lon="134.81579267419874668121337890625">
        <ele>7</ele>
        <time>2026-08-01T09:04:46.000Z</time>
        <extensions>
          <ns3:TrackPointExtension>
            <ns3:atemp>34.0</ns3:atemp>
            <ns3:hr>172</ns3:hr>
            <ns3:cad>82</ns3:cad>
          </ns3:TrackPointExtension>
        </extensions>
      </trkpt>
      <trkpt lat="35.54800012148916721343994140625" lon="134.8158272914588451385498046875">
        <ele>6.80000019073486328125</ele>
        <time>2026-08-01T09:04:47.000Z</time>
        <extensions>
          <ns3:TrackPointExtension>
            <ns3:atemp>34.0</ns3:atemp>
            <ns3:hr>171</ns3:hr>
            <ns3:cad>82</ns3:cad>
          </ns3:TrackPointExtension>
        </extensions>
      </trkpt>
      <trkpt lat="35.547999702394008636474609375" lon="134.81585092842578887939453125">
        <ele>6.80000019073486328125</ele>
        <time>2026-08-01T09:04:48.000Z</time>
        <extensions>
          <ns3:TrackPointExtension>
            <ns3:atemp>34.0</ns3:atemp>
            <ns3:hr>171</ns3:hr>
            <ns3:cad>82</ns3:cad>
          </ns3:TrackPointExtension>
        </extensions>
      </trkpt>
      <trkpt lat="35.547994337975978851318359375" lon="134.8158836178481578826904296875">
        <ele>6.80000019073486328125</ele>
        <time>2026-08-01T09:04:49.000Z</time>
        <extensions>
          <ns3:TrackPointExtension>
            <ns3:atemp>34.0</ns3:atemp>
            <ns3:hr>171</ns3:hr>
            <ns3:cad>82</ns3:cad>
          </ns3:TrackPointExtension>
        </extensions>
      </trkpt>
      <trkpt lat="35.5479933321475982666015625" lon="134.81591521762311458587646484375">
        <ele>6.599999904632568359375</ele>
        <time>2026-08-01T09:04:50.000Z</time>
        <extensions>
          <ns3:TrackPointExtension>
            <ns3:atemp>34.0</ns3:atemp>
            <ns3:hr>171</ns3:hr>
            <ns3:cad>82</ns3:cad>
          </ns3:TrackPointExtension>
        </extensions>
      </trkpt>
      <trkpt lat="35.547989644110202789306640625" lon="134.81594120152294635772705078125">
        <ele>6.599999904632568359375</ele>
        <time>2026-08-01T09:04:51.000Z</time>
        <extensions>
          <ns3:TrackPointExtension>
            <ns3:atemp>34.0</ns3:atemp>
            <ns3:hr>171</ns3:hr>
            <ns3:cad>82</ns3:cad>
          </ns3:TrackPointExtension>
        </extensions>
      </trkpt>
      <trkpt lat="35.54798662662506103515625" lon="134.81597322039306163787841796875">
        <ele>6.599999904632568359375</ele>
        <time>2026-08-01T09:04:52.000Z</time>
        <extensions>
          <ns3:TrackPointExtension>
            <ns3:atemp>34.0</ns3:atemp>
            <ns3:hr>171</ns3:hr>
            <ns3:cad>83</ns3:cad>
          </ns3:TrackPointExtension>
        </extensions>
      </trkpt>
      <trkpt lat="35.547980926930904388427734375" lon="134.8160002939403057098388671875">
        <ele>6.599999904632568359375</ele>
        <time>2026-08-01T09:04:53.000Z</time>
        <extensions>
          <ns3:TrackPointExtension>
            <ns3:atemp>34.0</ns3:atemp>
            <ns3:hr>171</ns3:hr>
            <ns3:cad>83</ns3:cad>
          </ns3:TrackPointExtension>
        </extensions>
      </trkpt>
      <trkpt lat="35.5479794181883335113525390625" lon="134.81601999141275882720947265625">
        <ele>6.599999904632568359375</ele>
        <time>2026-08-01T09:04:54.000Z</time>
        <extensions>
          <ns3:TrackPointExtension>
            <ns3:atemp>34.0</ns3:atemp>
            <ns3:hr>171</ns3:hr>
            <ns3:cad>82</ns3:cad>
          </ns3:TrackPointExtension>
        </extensions>
      </trkpt>
      <trkpt lat="35.5479790829122066497802734375" lon="134.81604932807385921478271484375">
        <ele>6.599999904632568359375</ele>
        <time>2026-08-01T09:04:55.000Z</time>
        <extensions>
          <ns3:TrackPointExtension>
            <ns3:atemp>34.0</ns3:atemp>
            <ns3:hr>172</ns3:hr>
            <ns3:cad>82</ns3:cad>
          </ns3:TrackPointExtension>
        </extensions>
      </trkpt>
      <trkpt lat="35.54798193275928497314453125" lon="134.81607112102210521697998046875">
        <ele>6.599999904632568359375</ele>
        <time>2026-08-01T09:04:56.000Z</time>
        <extensions>
          <ns3:TrackPointExtension>
            <ns3:atemp>34.0</ns3:atemp>
            <ns3:hr>172</ns3:hr>
            <ns3:cad>82</ns3:cad>
          </ns3:TrackPointExtension>
        </extensions>
      </trkpt>
      <trkpt lat="35.5479831062257289886474609375" lon="134.8160995356738567352294921875">
        <ele>6.599999904632568359375</ele>
        <time>2026-08-01T09:04:57.000Z</time>
        <extensions>
          <ns3:TrackPointExtension>
            <ns3:atemp>34.0</ns3:atemp>
            <ns3:hr>172</ns3:hr>
            <ns3:cad>82</ns3:cad>
          </ns3:TrackPointExtension>
        </extensions>
      </trkpt>
      <trkpt lat="35.5479824356734752655029296875" lon="134.81613214127719402313232421875">
        <ele>6.599999904632568359375</ele>
        <time>2026-08-01T09:04:58.000Z</time>
        <extensions>
          <ns3:TrackPointExtension>
            <ns3:atemp>34.0</ns3:atemp>
            <ns3:hr>172</ns3:hr>
            <ns3:cad>83</ns3:cad>
          </ns3:TrackPointExtension>
        </extensions>
      </trkpt>
      <trkpt lat="35.5479884706437587738037109375" lon="134.8161655850708484649658203125">
        <ele>6.599999904632568359375</ele>
        <time>2026-08-01T09:04:59.000Z</time>
        <extensions>
          <ns3:TrackPointExtension>
            <ns3:atemp>34.0</ns3:atemp>
            <ns3:hr>172</ns3:hr>
            <ns3:cad>83</ns3:cad>
          </ns3:TrackPointExtension>
        </extensions>
      </trkpt>
      <trkpt lat="35.54798369295895099639892578125" lon="134.816200621426105499267578125">
        <ele>6.599999904632568359375</ele>
        <time>2026-08-01T09:05:00.000Z</time>
        <extensions>
          <ns3:TrackPointExtension>
            <ns3:atemp>34.0</ns3:atemp>
            <ns3:hr>172</ns3:hr>
            <ns3:cad>83</ns3:cad>
          </ns3:TrackPointExtension>
        </extensions>
      </trkpt>
      <trkpt lat="35.54798386059701442718505859375" lon="134.816232807934284210205078125">
        <ele>6.80000019073486328125</ele>
        <time>2026-08-01T09:05:01.000Z</time>
        <extensions>
          <ns3:TrackPointExtension>
            <ns3:atemp>34.0</ns3:atemp>
            <ns3:hr>172</ns3:hr>
            <ns3:cad>82</ns3:cad>
          </ns3:TrackPointExtension>
        </extensions>
      </trkpt>
      <trkpt lat="35.54798453114926815032958984375" lon="134.81626122258603572845458984375">
        <ele>6.80000019073486328125</ele>
        <time>2026-08-01T09:05:02.000Z</time>
        <extensions>
          <ns3:TrackPointExtension>
            <ns3:atemp>34.0</ns3:atemp>
            <ns3:hr>172</ns3:hr>
            <ns3:cad>82</ns3:cad>
          </ns3:TrackPointExtension>
        </extensions>
      </trkpt>
      <trkpt lat="35.5479867942631244659423828125" lon="134.8162966780364513397216796875">
        <ele>6.80000019073486328125</ele>
        <time>2026-08-01T09:05:03.000Z</time>
        <extensions>
          <ns3:TrackPointExtension>
            <ns3:atemp>34.0</ns3:atemp>
            <ns3:hr>172</ns3:hr>
            <ns3:cad>82</ns3:cad>
          </ns3:TrackPointExtension>
        </extensions>
      </trkpt>
      <trkpt lat="35.54798671044409275054931640625" lon="134.81632274575531482696533203125">
        <ele>7</ele>
        <time>2026-08-01T09:05:04.000Z</time>
        <extensions>
          <ns3:TrackPointExtension>
            <ns3:atemp>34.0</ns3:atemp>
            <ns3:hr>172</ns3:hr>
            <ns3:cad>82</ns3:cad>
          </ns3:TrackPointExtension>
        </extensions>
      </trkpt>
      <trkpt lat="35.54798738099634647369384765625" lon="134.81634856201708316802978515625">
        <ele>7</ele>
        <time>2026-08-01T09:05:05.000Z</time>
        <extensions>
          <ns3:TrackPointExtension>
            <ns3:atemp>34.0</ns3:atemp>
            <ns3:hr>172</ns3:hr>
            <ns3:cad>82</ns3:cad>
          </ns3:TrackPointExtension>
        </extensions>
      </trkpt>
      <trkpt lat="35.54798888973891735076904296875" lon="134.81638024561107158660888671875">
        <ele>7</ele>
        <time>2026-08-01T09:05:06.000Z</time>
        <extensions>
          <ns3:TrackPointExtension>
            <ns3:atemp>34.0</ns3:atemp>
            <ns3:hr>172</ns3:hr>
            <ns3:cad>82</ns3:cad>
          </ns3:TrackPointExtension>
        </extensions>
      </trkpt>
      <trkpt lat="35.54798771627247333526611328125" lon="134.81640270911157131195068359375">
        <ele>7</ele>
        <time>2026-08-01T09:05:07.000Z</time>
        <extensions>
          <ns3:TrackPointExtension>
            <ns3:atemp>34.0</ns3:atemp>
            <ns3:hr>171</ns3:hr>
            <ns3:cad>82</ns3:cad>
          </ns3:TrackPointExtension>
        </extensions>
      </trkpt>
      <trkpt lat="35.54798637516796588897705078125" lon="134.81643405742943286895751953125">
        <ele>6.80000019073486328125</ele>
        <time>2026-08-01T09:05:08.000Z</time>
        <extensions>
          <ns3:TrackPointExtension>
            <ns3:atemp>34.0</ns3:atemp>
            <ns3:hr>171</ns3:hr>
            <ns3:cad>82</ns3:cad>
          </ns3:TrackPointExtension>
        </extensions>
      </trkpt>
      <trkpt lat="35.54798587225377559661865234375" lon="134.81646238826215267181396484375">
        <ele>6.80000019073486328125</ele>
        <time>2026-08-01T09:05:09.000Z</time>
        <extensions>
          <ns3:TrackPointExtension>
            <ns3:atemp>34.0</ns3:atemp>
            <ns3:hr>171</ns3:hr>
            <ns3:cad>82</ns3:cad>
          </ns3:TrackPointExtension>
        </extensions>
      </trkpt>
      <trkpt lat="35.5479867942631244659423828125" lon="134.8164847679436206817626953125">
        <ele>6.80000019073486328125</ele>
        <time>2026-08-01T09:05:10.000Z</time>
        <extensions>
          <ns3:TrackPointExtension>
            <ns3:atemp>34.0</ns3:atemp>
            <ns3:hr>171</ns3:hr>
            <ns3:cad>82</ns3:cad>
          </ns3:TrackPointExtension>
        </extensions>
      </trkpt>
      <trkpt lat="35.54798050783574581146240234375" lon="134.8165141046047210693359375">
        <ele>7</ele>
        <time>2026-08-01T09:05:11.000Z</time>
        <extensions>
          <ns3:TrackPointExtension>
            <ns3:atemp>34.0</ns3:atemp>
            <ns3:hr>172</ns3:hr>
            <ns3:cad>82</ns3:cad>
          </ns3:TrackPointExtension>
        </extensions>
      </trkpt>
      <trkpt lat="35.54798151366412639617919921875" lon="134.8165409266948699951171875">
        <ele>7</ele>
        <time>2026-08-01T09:05:12.000Z</time>
        <extensions>
          <ns3:TrackPointExtension>
            <ns3:atemp>34.0</ns3:atemp>
            <ns3:hr>172</ns3:hr>
            <ns3:cad>82</ns3:cad>
          </ns3:TrackPointExtension>
        </extensions>
      </trkpt>
      <trkpt lat="35.54797396995127201080322265625" lon="134.8165712691843509674072265625">
        <ele>7</ele>
        <time>2026-08-01T09:05:13.000Z</time>
        <extensions>
          <ns3:TrackPointExtension>
            <ns3:atemp>34.0</ns3:atemp>
            <ns3:hr>172</ns3:hr>
            <ns3:cad>82</ns3:cad>
          </ns3:TrackPointExtension>
        </extensions>
      </trkpt>
      <trkpt lat="35.54797581396996974945068359375" lon="134.81659918092191219329833984375">
        <ele>7</ele>
        <time>2026-08-01T09:05:14.000Z</time>
        <extensions>
          <ns3:TrackPointExtension>
            <ns3:atemp>34.0</ns3:atemp>
            <ns3:hr>171</ns3:hr>
            <ns3:cad>82</ns3:cad>
          </ns3:TrackPointExtension>
        </extensions>
      </trkpt>
      <trkpt lat="35.547973550856113433837890625" lon="134.81662650592625141143798828125">
        <ele>7</ele>
        <time>2026-08-01T09:05:15.000Z</time>
        <extensions>
          <ns3:TrackPointExtension>
            <ns3:atemp>34.0</ns3:atemp>
            <ns3:hr>171</ns3:hr>
            <ns3:cad>82</ns3:cad>
          </ns3:TrackPointExtension>
        </extensions>
      </trkpt>
      <trkpt lat="35.5479713715612888336181640625" lon="134.81665751896798610687255859375">
        <ele>6.80000019073486328125</ele>
        <time>2026-08-01T09:05:16.000Z</time>
        <extensions>
          <ns3:TrackPointExtension>
            <ns3:atemp>34.0</ns3:atemp>
            <ns3:hr>171</ns3:hr>
            <ns3:cad>82</ns3:cad>
          </ns3:TrackPointExtension>
        </extensions>
      </trkpt>
      <trkpt lat="35.5479643307626247406005859375" lon="134.81669305823743343353271484375">
        <ele>6.80000019073486328125</ele>
        <time>2026-08-01T09:05:17.000Z</time>
        <extensions>
          <ns3:TrackPointExtension>
            <ns3:atemp>34.0</ns3:atemp>
            <ns3:hr>171</ns3:hr>
            <ns3:cad>82</ns3:cad>
          </ns3:TrackPointExtension>
        </extensions>
      </trkpt>
      <trkpt lat="35.5479599721729755401611328125" lon="134.81671434827148914337158203125">
        <ele>6.80000019073486328125</ele>
        <time>2026-08-01T09:05:18.000Z</time>
        <extensions>
          <ns3:TrackPointExtension>
            <ns3:atemp>34.0</ns3:atemp>
            <ns3:hr>171</ns3:hr>
            <ns3:cad>82</ns3:cad>
          </ns3:TrackPointExtension>
        </extensions>
      </trkpt>
      <trkpt lat="35.54795200936496257781982421875" lon="134.8167462833225727081298828125">
        <ele>7</ele>
        <time>2026-08-01T09:05:19.000Z</time>
        <extensions>
          <ns3:TrackPointExtension>
            <ns3:atemp>34.0</ns3:atemp>
            <ns3:hr>171</ns3:hr>
            <ns3:cad>82</ns3:cad>
          </ns3:TrackPointExtension>
        </extensions>
      </trkpt>
      <trkpt lat="35.54794966243207454681396484375" lon="134.816779308021068572998046875">
        <ele>7</ele>
        <time>2026-08-01T09:05:20.000Z</time>
        <extensions>
          <ns3:TrackPointExtension>
            <ns3:atemp>34.0</ns3:atemp>
            <ns3:hr>170</ns3:hr>
            <ns3:cad>82</ns3:cad>
          </ns3:TrackPointExtension>
        </extensions>
      </trkpt>
      <trkpt lat="35.5479468964040279388427734375" lon="134.81680973432958126068115234375">
        <ele>7.19999980926513671875</ele>
        <time>2026-08-01T09:05:21.000Z</time>
        <extensions>
          <ns3:TrackPointExtension>
            <ns3:atemp>34.0</ns3:atemp>
            <ns3:hr>170</ns3:hr>
            <ns3:cad>82</ns3:cad>
          </ns3:TrackPointExtension>
        </extensions>
      </trkpt>
      <trkpt lat="35.54794496856629848480224609375" lon="134.8168472014367580413818359375">
        <ele>7.19999980926513671875</ele>
        <time>2026-08-01T09:05:22.000Z</time>
        <extensions>
          <ns3:TrackPointExtension>
            <ns3:atemp>34.0</ns3:atemp>
            <ns3:hr>171</ns3:hr>
            <ns3:cad>82</ns3:cad>
          </ns3:TrackPointExtension>
        </extensions>
      </trkpt>
      <trkpt lat="35.54795016534626483917236328125" lon="134.81686539016664028167724609375">
        <ele>7</ele>
        <time>2026-08-01T09:05:23.000Z</time>
        <extensions>
          <ns3:TrackPointExtension>
            <ns3:atemp>34.0</ns3:atemp>
            <ns3:hr>171</ns3:hr>
            <ns3:cad>82</ns3:cad>
          </ns3:TrackPointExtension>
        </extensions>
      </trkpt>
      <trkpt lat="35.5479636602103710174560546875" lon="134.816899336874485015869140625">
        <ele>7</ele>
        <time>2026-08-01T09:05:24.000Z</time>
        <extensions>
          <ns3:TrackPointExtension>
            <ns3:atemp>34.0</ns3:atemp>
            <ns3:hr>171</ns3:hr>
            <ns3:cad>82</ns3:cad>
          </ns3:TrackPointExtension>
        </extensions>
      </trkpt>
      <trkpt lat="35.54799266159534454345703125" lon="134.816920123994350433349609375">
        <ele>6.80000019073486328125</ele>
        <time>2026-08-01T09:05:25.000Z</time>
        <extensions>
          <ns3:TrackPointExtension>
            <ns3:atemp>34.0</ns3:atemp>
            <ns3:hr>171</ns3:hr>
            <ns3:cad>82</ns3:cad>
          </ns3:TrackPointExtension>
        </extensions>
      </trkpt>
      <trkpt lat="35.5480134487152099609375" lon="134.8169206269085407257080078125">
        <ele>6.80000019073486328125</ele>
        <time>2026-08-01T09:05:26.000Z</time>
        <extensions>
          <ns3:TrackPointExtension>
            <ns3:atemp>34.0</ns3:atemp>
            <ns3:hr>171</ns3:hr>
            <ns3:cad>83</ns3:cad>
          </ns3:TrackPointExtension>
        </extensions>
      </trkpt>
      <trkpt lat="35.5480421148240566253662109375" lon="134.8169218003749847412109375">
        <ele>6.80000019073486328125</ele>
        <time>2026-08-01T09:05:27.000Z</time>
        <extensions>
          <ns3:TrackPointExtension>
            <ns3:atemp>34.0</ns3:atemp>
            <ns3:hr>170</ns3:hr>
            <ns3:cad>83</ns3:cad>
          </ns3:TrackPointExtension>
        </extensions>
      </trkpt>
      <trkpt lat="35.54806566797196865081787109375" lon="134.8169236443936824798583984375">
        <ele>7</ele>
        <time>2026-08-01T09:05:28.000Z</time>
        <extensions>
          <ns3:TrackPointExtension>
            <ns3:atemp>34.0</ns3:atemp>
            <ns3:hr>171</ns3:hr>
            <ns3:cad>82</ns3:cad>
          </ns3:TrackPointExtension>
        </extensions>
      </trkpt>
      <trkpt lat="35.54811201989650726318359375" lon="134.81691383756697177886962890625">
        <ele>7</ele>
        <time>2026-08-01T09:05:29.000Z</time>
        <extensions>
          <ns3:TrackPointExtension>
            <ns3:atemp>34.0</ns3:atemp>
            <ns3:hr>171</ns3:hr>
            <ns3:cad>82</ns3:cad>
          </ns3:TrackPointExtension>
        </extensions>
      </trkpt>
      <trkpt lat="35.54812786169350147247314453125" lon="134.816903360188007354736328125">
        <ele>7</ele>
        <time>2026-08-01T09:05:30.000Z</time>
        <extensions>
          <ns3:TrackPointExtension>
            <ns3:atemp>34.0</ns3:atemp>
            <ns3:hr>171</ns3:hr>
            <ns3:cad>81</ns3:cad>
          </ns3:TrackPointExtension>
        </extensions>
      </trkpt>
      <trkpt lat="35.54815703071653842926025390625" lon="134.81689631938934326171875">
        <ele>7</ele>
        <time>2026-08-01T09:05:31.000Z</time>
        <extensions>
          <ns3:TrackPointExtension>
            <ns3:atemp>34.0</ns3:atemp>
            <ns3:hr>171</ns3:hr>
            <ns3:cad>81</ns3:cad>
          </ns3:TrackPointExtension>
        </extensions>
      </trkpt>
      <trkpt lat="35.548180751502513885498046875" lon="134.816891290247440338134765625">
        <ele>7</ele>
        <time>2026-08-01T09:05:32.000Z</time>
        <extensions>
          <ns3:TrackPointExtension>
            <ns3:atemp>34.0</ns3:atemp>
            <ns3:hr>172</ns3:hr>
            <ns3:cad>81</ns3:cad>
          </ns3:TrackPointExtension>
        </extensions>
      </trkpt>
      <trkpt lat="35.5482060648500919342041015625" lon="134.816881902515888214111328125">
        <ele>6.80000019073486328125</ele>
        <time>2026-08-01T09:05:33.000Z</time>
        <extensions>
          <ns3:TrackPointExtension>
            <ns3:atemp>34.0</ns3:atemp>
            <ns3:hr>172</ns3:hr>
            <ns3:cad>82</ns3:cad>
          </ns3:TrackPointExtension>
        </extensions>
      </trkpt>
      <trkpt lat="35.548228360712528228759765625" lon="134.8168797232210636138916015625">
        <ele>7</ele>
        <time>2026-08-01T09:05:34.000Z</time>
        <extensions>
          <ns3:TrackPointExtension>
            <ns3:atemp>34.0</ns3:atemp>
            <ns3:hr>171</ns3:hr>
            <ns3:cad>82</ns3:cad>
          </ns3:TrackPointExtension>
        </extensions>
      </trkpt>
      <trkpt lat="35.54824604652822017669677734375" lon="134.81687896884977817535400390625">
        <ele>7</ele>
        <time>2026-08-01T09:05:35.000Z</time>
        <extensions>
          <ns3:TrackPointExtension>
            <ns3:atemp>34.0</ns3:atemp>
            <ns3:hr>172</ns3:hr>
            <ns3:cad>82</ns3:cad>
          </ns3:TrackPointExtension>
        </extensions>
      </trkpt>
    </trkseg>
  </trk>
</gpx>
